0
1
2
3
4
5
6
7
8
9
10
11
12
13
14
15
16
17
18
19
20
21
22
23
24
25
26
27
28
29
30
31
32
33
34
35
36
37
38
39
40
41
42
43
44
45
46
47
48
49
50
51
52
53
54
55
56
57
58
59
60
61
62
63
64
65
66
67
68
69
70
71
72
73
74
75
76
77
78
79
80
81
82
83
84
85
86
87
88
89
90
91
92
93
94
95
96
97
98
99
100
101
102
103
104
105
106
107
108
109
110
111
112
113
114
115
116
117
118
119
120
121
122
123
126
127
128
129
130
131
132
133
134
135
136
137
138
139
140
141
142
143
144
145
146
147
149
150
151
152
154
156
157
158
159
161
162
164
165
166
167
171
172
188
189
190
191
192
193
194
195
196
197
198
199
200
201
202
203
204
205
206
207
208
209
210
211
212
213
214
215
216
217
218
219
220
221
222
223
224
225
226
227
228
229
230
231
232
233
234
235
236
237
238
239
240
241
242
243
244
245
246
247
248
249
250
251
252
253
254
255
256
257
258
259
260
261
262
263
264
265
266
267
268
269
270
271
272
273
274
275
276
277
278
279
280
281
282
283
284
285
286
287
288
289
290
291
292
293
294
295
296
297
298
299
300
301
302
303
304
305
306
307
308
309
310
311
312
313
314
315
316
317
318
319
320
321
322
323
324
325
326
327
328
329
330
331
332
333
334
335
336
337
338
339
340
341
342
343
344
345
346
347
348
349
350
351
352
353
354
355
356
357
358
359
360
361
362
363
364
365
366
367
368
369
370
371
372
373
374
375
376
377
378
379
380
381
382
383
384
385
386
387
388
389
390
391
392
393
394
395
396
397
398
399
400
401
402
403
404
405
406
407
408
409
410
411
412
413
414
415
416
417
418
419
420
421
422
423
424
425
426
427
428
429
430
431
432
433
434
435
436
437
438
439
440
441
442
443
444
445
446
447
448
449
450
451
452
453
454
455
456
457
458
459
460
461
462
463
464
465
466
467
468
469
470
471
472
473
474
475
476
477
478
479
480
481
482
483
484
485
486
487
488
489
490
491
492
493
494
495
496
497
498
499
500
501
502
503
504
505
506
507
508
509
510
511
512
513
514
515
516
517
518
519
520
521
522
523
524
525
526
527
528
529
530
531
532
533
534
535
536
537
538
539
540
541
542
543
544
545
546
547
548
549
550
551
552
553
554
555
556
557
558
559
560
561
562
563
564
565
566
567
568
569
570
571
572
573
574
575
576
577
578
579
580
581
582
583
584
585
586
587
588
589
590
591
592
593
594
595
596
597
598
599
600
601
602
603
604
605
606
607
608
609
610
611
612
613
614
615
616
617
618
619
620
621
622
623
624
625
626
627
628
629
630
631
632
633
634
635
636
637
638
639
640
641
642
643
644
645
646
647
648
649
650
651
652
653
654
655
656
657
658
659
660
661
662
663
664
665
666
667
668
669
670
671
672
673
674
675
676
677
678
679
680
681
682
683
684
685
686
687
688
689
690
691
692
693
694
695
696
697
698
699
700
701
702
703
704
705
706
707
708
709
710
711
712
713
714
715
716
717
718
719
720
721
722
723
724
725
726
727
728
729
730
731
732
733
734
735
736
737
738
739
740
741
742
743
744
745
746
747
748
749
750
751
752
753
754
755
756
757
758
759
760
761
762
763
764
765
766
767
768
769
770
771
772
773
774
775
776
777
778
779
780
781
782
783
784
785
786
787
788
789
790
791
792
793
794
795
796
797
798
799
800
801
802
803
804
805
806
807
808
809
810
811
812
813
814
815
816
817
818
819
820
821
822
823
824
825
826
827
828
829
830
831
832
833
834
835
836
837
838
839
840
841
842
843
844
845
846
847
848
849
850
851
852
853
854
855
856
857
858
859
860
861
862
863
864
865
866
867
868
869
870
871
872
873
874
875
876
877
878
879
880
881
882
883
884
885
886
887
888
889
890
891
892
893
894
895
896
897
898
899
900
901
902
903
904
905
906
907
908
909
910
911
912
913
914
915
916
917
918
919
920
921
922
923
924
925
926
927
928
929
930
931
932
933
934
935
936
937
938
939
940
941
942
943
944
945
946
947
948
949
950
951
952
953
954
955
956
957
958
959
960
961
962
963
964
965
966
967
968
969
970
971
972
973
974
975
976
977
978
979
980
981
982
983
984
985
986
987
988
989
990
991
992
993
994
995
996
997
998
999
1000
1001
1002
1003
1004
1005
1006
1007
1008
1009
1010
1011
1012
1013
1014
1015
1016
1017
1018
1019
1020
1021
1022
1023
1024
1025
1026
1027
1028
1029
1030
1031
1032
1033
1034
1035
1036
1037
1038
1039
1040
1041
1042
1043
1044
1045
1046
1047
1048
1049
1050
1051
1052
1053
1054
1055
1056
1057
1058
1059
1060
1061
1062
1063
1064
1065
1066
1067
1068
1069
1070
1071
1072
1073
1074
1075
1076
1077
1078
1079
1080
1081
1082
1083
1084
1085
1086
1087
1088
1089
1090
1091
1092
1093
1094
1095
1096
1097
1098
1099
1100
1101
1102
1103
1104
1105
1106
1107
1108
1109
1110
1111
1112
1113
1114
1115
1116
1117
1118
1119
1120
1121
1122
1123
1124
1125
1126
1127
1128
1129
1130
1131
1132
1133
1134
1135
1136
1137
1138
1139
1140
1141
1142
1143
1144
1145
1146
1147
1148
1149
1150
1151
1152
1153
1154
1155
1156
1157
1158
1159
1160
1161
1162
1163
1164
1165
1166
1167
1168
1169
1170
1171
1172
1173
1174
1175
1176
1177
1178
1179
1180
1181
1182
1183
1184
1185
1186
1187
1188
1189
1190
1191
1192
1193
1194
1195
1196
1197
1198
1199
1200
1201
1202
1203
1204
1205
1206
1207
1208
1209
1210
1211
1212
1213
1214
1215
1216
1217
1218
1219
1220
1221
1222
1223
1224
1225
1226
1227
1228
1229
1230
1231
1232
1233
1234
1235
1236
1237
1238
1239
1240
1241
1242
1243
1244
1245
1246
1247
1248
1249
1250
1251
1252
1253
1254
1255
1256
1257
1258
1259
1260
1261
1262
1263
1264
1265
1266
1267
1268
1269
1270
1271
1272
1273
1274
1275
1276
1277
1278
1279
1280
1281
1282
1283
1284
1285
1286
1287
1288
1289
1290
1291
1292
1293
1294
1295
1296
1297
1298
1299
1300
1301
1302
1303
1304
1305
1306
1307
1308
1309
1310
1311
1312
1313
1314
1315
1316
1317
1318
1319
1320
1321
1322
1323
1324
1325
1326
1327
1328
1329
1330
1331
1332
1333
1334
1335
1336
1337
1338
1339
1340
1341
1342
1343
1344
1345
1346
1347
1348
1349
1350
1351
1352
1353
1354
1355
1356
1357
1358
1359
1360
1361
1362
1363
1364
1365
1366
1367
1368
1369
1370
1371
1372
1373
1374
1375
1376
1377
1378
1379
1380
1381
1382
1383
1384
1385
1386
1387
1388
1389
1390
1391
1392
1393
1394
1395
1396
1397
1398
1399
1400
1401
1402
1403
1404
1405
1406
1407
1408
1409
1410
1411
1412
1413
1414
1415
1416
1417
1418
1419
1420
1421
1422
1423
1424
1425
1426
1427
1428
1429
1430
1431
1432
1433
1434
1435
1436
1437
1438
1439
1440
1441
1442
1443
1444
1445
1446
1447
1448
1449
1450
1451
1452
1453
1454
1455
1456
1457
1458
1459
1460
1461
1462
1463
1464
1465
1466
1467
1468
1469
1470
1471
1472
1473
1474
1475
1476
1477
1478
1479
1480
1481
1482
1483
1484
1485
1487
1488
1489
1490
1491
1492
1493
1494
1495
1496
1497
1498
1499
1500
1501
1502
1503
1504
1505
1506
1507
1508
1509
1510
1511
1512
1513
1514
1515
1516
1517
1518
1519
1520
1521
1522
1523
1524
1525
1526
1527
1528
1529
1530
1531
1532
1533
1534
1535
1536
1537
1538
1539
1540
1541
1542
1543
1544
1545
1546
1547
1548
1549
1550
1551
1552
1553
1554
1555
1556
1557
1558
1559
1560
1561
1562
1563
1564
1565
1566
1567
1568
1569
1570
1571
1572
1573
1574
1575
1576
1577
1578
1579
1580
1581
1582
1583
1584
1585
1586
1587
1588
1589
1590
1591
1592
1593
1594
1595
1596
1597
1598
1599
1600
1601
1602
1603
1604
1605
1606
1607
1608
1609
1610
1611
1612
1613
1614
1615
1616
1617
1618
1619
1620
1621
1622
1623
1624
1625
1626
1627
1628
1629
1630
1631
1632
1633
1634
1635
1636
1637
1638
1639
1640
1641
1642
1643
1644
1645
1646
1647
1648
1649
1650
1651
1652
1653
1654
1655
1656
1657
1658
1659
1660
1661
1662
1663
1664
1665
1666
1667
1668
1669
1670
1671
1672
1673
1674
1675
1676
1677
1678
1679
1680
1681
1682
1683
1684
1685
1686
1687
1688
1689
1690
1691
1692
1693
1694
1695
1696
1697
1698
1699
1700
1701
1702
1703
1704
1705
1706
1707
1708
1709
1710
1711
1712
1713
1714
1715
1716
1717
1718
1719
1720
1721
1722
1723
1724
1725
1726
1727
1728
1729
1730
1731
1732
1733
1734
1735
1736
1737
1738
1739
1740
1741
1742
1743
1744
1745
1746
1747
1748
1749
1750
1751
1752
1753
1754
1755
1756
1757
1758
1759
1760
1761
1762
1763
1764
1765
1766
1767
1768
1769
1770
1771
1772
1773
1774
1775
1776
1777
1778
1779
1780
1781
1782
1783
1784
1785
1786
1787
1788
1789
1790
1791
1792
1793
1794
1795
1796
1797
1798
1799
1800
1801
1802
1803
1804
1805
1806
1807
1808
1809
1810
1811
1812
1813
1814
1815
1816
1817
1818
1819
1820
1821
1822
1823
1824
1825
1826
1827
1828
1829
1830
1831
1832
1833
1834
1835
1836
1837
1838
1839
1840
1841
1842
1843
1844
1845
1846
1847
1848
1849
1850
1851
1852
1853
1854
1855
1856
1857
1858
1859
1860
1861
1862
1863
1864
1865
1866
1867
1868
1869
1870
1871
1872
1873
1874
1875
1876
1877
1878
1879
1880
1881
1882
1883
1884
1885
1886
1887
1888
1889
1890
1891
1892
1893
1894
1895
1896
1897
1898
1899
1900
1901
1902
1903
1904
1905
1906
1907
1908
1909
1910
1911
1912
1913
1914
1915
1916
1917
1918
1919
1920
1921
1922
1923
1924
1925
1926
1927
1928
1929
1930
1931
1932
1933
1934
1935
1936
1937
1938
1939
1940
1941
1942
1943
1944
1945
1946
1947
1948
1949
1950
1951
1952
1953
1954
1955
1956
1957
1958
1959
1960
1961
1962
1963
1964
1965
1966
1967
1968
1969
1970
1971
1972
1973
1974
1975
1976
1977
1978
1979
1980
1981
1982
1983
1984
1985
1986
1987
1988
1989
1990
1991
1992
1993
1994
1995
1996
1997
1998
1999
2000
2001
2002
2003
2004
2005
2006
2007
2008
2009
2010
2011
2012
2013
2014
2015
2016
2017
2018
2019
2020
2021
2022
2023
2024
2025
2026
2027
2028
2029
2030
2031
2032
2033
2034
2035
2036
2037
2038
2039
2040
2041
2042
2043
2044
2045
2046
2047
2048
2049
2050
2051
2052
2053
2054
2055
2056
2057
2058
2059
2060
2061
2062
2063
2064
2065
2066
2067
2068
2069
2070
2071
2072
2073
2074
2075
2076
2077
2078
2079
2080
2081
2082
2083
2084
2085
2086
2087
2088
2089
2090
2091
2092
2093
2094
2095
2096
2097
2098
2099
2100
2101
2102
2103
2104
2105
2106
2107
2108
2109
2110
2111
2112
2113
2114
2115
2116
2117
2118
2119
2120
2121
2122
2123
2124
2126
2127
2128
2129
2130
2131
2132
2133
2134
2135
2136
2137
2138
2139
2140
2141
2142
2143
2144
2145
2146
2147
2148
2149
2150
2151
2152
2153
2154
2155
2156
2157
2158
2159
2160
2161
2162
2163
2164
2165
2166
2167
2168
2169
2170
2171
2172
2173
2174
2175
2176
2177
2178
2179
2180
2181
2182
2183
2184
2185
2186
2187
2188
2189
2190
2191
2192
2193
2194
2195
2196
2197
2198
2199
2200
2201
2202
2203
2204
2205
2206
2207
2208
2209
2210
2211
2212
2213
2214
2215
2216
2217
2218
2219
2220
2221
2222
2223
2224
2225
2226
2227
2228
2229
2230
2231
2232
2233
2234
2235
2236
2237
2238
2239
2240
2241
2242
2243
2244
2245
2246
2247
2248
2249
2250
2251
2252
2253
2254
2255
2256
2257
2258
2259
2260
2261
2262
2263
2264
2265
2266
2267
2268
2269
2270
2271
2272
2273
2274
2275
2276
2277
2278
2279
2280
2281
2282
2283
2284
2285
2286
2287
2288
2289
2290
2291
2292
2293
2294
2295
2296
2297
2298
2299
2300
2301
2302
2303
2304
2305
2306
2307
2308
2309
2310
2311
2312
2313
2314
2315
2316
2317
2318
2319
2320
2321
2322
2323
2324
2325
2326
2327
2328
2329
2330
2331
2332
2333
2334
2335
2336
2337
2338
2339
2340
2341
2342
2343
2344
2345
2346
2347
2348
2349
2350
2351
2352
2353
2354
2355
2356
2357
2358
2359
2360
2361
2362
2363
2364
2365
2366
2367
2368
2369
2370
2371
2372
2373
2374
2375
2376
2377
2378
2379
2380
2381
2382
2383
2384
2385
2386
2387
2388
2389
2390
2391
2392
2393
2394
2395
2396
2397
2398
2399
2400
2401
2402
2403
2404
2405
2406
2407
2408
2409
2410
2411
2412
2413
2414
2415
2416
2417
2418
2419
2420
2421
2422
2423
2424
2425
2426
2427
2428
2429
2430
2431
2432
2433
2434
2435
2436
2437
2438
2439
2440
2441
2442
2443
2444
2445
2446
2447
2448
2449
2450
2451
2452
2453
2454
2455
2456
2457
2458
2459
2460
2461
2462
2463
2464
2465
2466
2467
2468
2469
2470
2471
2472
2473
2474
2475
2476
2477
2478
2479
2480
2481
2482
2483
2484
2485
2486
2487
2488
2489
2490
2491
2492
2493
2494
2495
2496
2497
2498
2499
2500
2501
2502
2503
2504
2505
2506
2507
2508
2509
2510
2511
2512
2513
2514
2515
2516
2517
2518
2519
2520
2521
2522
2523
2524
2525
2526
2527
2528
2529
2530
2531
2532
2533
2534
2535
2536
2537
2538
2539
2540
2541
2542
2543
2544
2545
2546
2547
2548
2549
2550
2551
2552
2553
2554
2555
2556
2557
2558
2559
2560
2561
2562
2563
2564
2565
2566
2567
2568
2569
2570
2571
2572
2573
2574
2575
2576
2577
2578
2579
2580
2581
2582
2583
2584
2585
2586
2587
2588
2589
2590
2591
2592
2593
2594
2595
2596
2597
2598
2599
2600
2601
2602
2603
2604
2605
2606
2607
2608
2609
2610
2611
2612
2613
2614
2615
2616
2617
2618
2619
2620
2621
2622
2623
2624
2625
2626
2627
2628
2629
2630
2631
2632
2633
2634
2635
2636
2637
2638
2639
2640
2641
2642
2643
2644
2645
2646
2647
2648
2649
2650
2651
2652
2653
2654
2655
2656
2657
2658
2659
2660
2661
2662
2663
2664
2665
2666
2667
2668
2669
2670
2671
2672
2673
2674
2675
2676
2677
2678
2679
2680
2681
2682
2683
2684
2685
2686
2687
2688
2689
2690
2691
2692
2693
2694
2695
2696
2697
2698
2699
2700
2701
2702
2703
2704
2705
2706
2707
2708
2709
2710
2711
2712
2713
2714
2715
2716
2717
2718
2719
2720
2721
2722
2723
2724
2725
2726
2727
2728
2729
2730
2731
2732
2733
2734
2735
2736
2737
2738
2739
2740
2741
2742
2743
2744
2745
2746
2747
2748
2749
2750
2751
2752
2753
2754
2755
2756
2757
2758
2759
2760
2761
2762
2763
2764
2765
2766
2767
2768
2769
2770
2771
2772
2773
2774
2775
2776
2777
2778
2779
2780
2781
2782
2783
2784
2785
2786
2787
2788
2789
2790
2791
2792
2793
2794
2795
2796
2797
2798
2799
2800
2801
2802
2803
2804
2805
2806
2807
2808
2809
2810
2811
2812
2813
2814
2815
2816
2817
2818
2819
2820
2821
2822
2823
2824
2825
2826
2827
2828
2829
2830
2831
2832
2833
2834
2835
2836
2837
2838
2839
2840
2841
2842
2843
2844
2845
2846
2847
2848
2849
2850
2851
2852
2853
2854
2855
2856
2857
2858
2859
2860
2861
2862
2863
2864
2865
2866
2867
2868
2869
2870
2871
2872
2873
2874
2875
2876
2877
2878
2879
2880
2881
2882
2883
2884
2885
2886
2887
2888
2889
2890
2891
2892
2893
2894
2895
2896
2897
2898
2899
2900
2901
2902
2903
2904
2905
2906
2907
2908
2909
2910
2911
2912
2913
2914
2915
2916
2917
2918
2919
2920
2921
2922
2923
2924
2925
2926
2928
2929
2930
2931
2932
2933
2934
2935
2936
2937
2938
2939
2940
2941
2942
2943
2944
2945
2946
2947
2948
2949
2950
2951
2952
2953
2954
2955
2956
2957
2958
2959
2960
2961
2962
2963
2964
2965
2966
2967
2968
2969
2970
2971
2972
2973
2974
2975
2976
2977
2978
2979
2980
2981
2982
2983
2984
2985
2986
2987
2988
2989
2990
2991
2992
2993
2994
2995
2996
2997
2998
2999
3000
3001
3002
3003
3004
3005
3006
3007
3008
3009
3010
3011
3012
3013
3014
3015
3016
3017
3018
3019
3020
3021
3022
3023
3024
3025
3026
3027
3028
3029
3030
3031
3032
3033
3034
3035
3036
3037
3038
3039
3040
3041
3042
3043
3044
3045
3046
3047
3048
3049
3050
3051
3052
3053
3054
3055
3056
3057
3058
3059
3060
3061
3062
3063
3064
3065
3066
3067
3068
3069
3070
3071
3072
3073
3074
3075
3076
3077
3078
3079
3080
3081
3082
3083
3084
3085
3086
3087
3088
3089
3090
3091
3092
3093
3094
3095
3096
3097
3098
3099
3100
3101
3102
3103
3104
3105
3106
3107
3108
3109
3110
3111
3112
3113
3114
3115
3117
3118
3119
3120
3121
3122
3123
3124
3125
3126
3127
3128
3129
3130
3131
3132
3133
3134
3135
3136
3137
3138
3139
3140
3141
3142
3143
3144
3145
3146
3147
3148
3149
3150
3151
3152
3153
3154
3155
3156
3157
3158
3159
3160
3161
3162
3163
3164
3165
3166
3167
3168
3169
3170
3171
3172
3173
3174
3175
3176
3177
3178
3179
3180
3181
3182
3183
3184
3185
3186
3187
3188
3189
3190
3191
3192
3193
3194
3195
3196
3197
3198
3199
3200
3201
3202
3203
3204
3205
3207
3208
3209
3210
3211
3212
3213
3214
3215
3216
3217
3218
3219
3220
3221
3222
3223
3224
3225
3226
3227
3228
3229
3230
3231
3232
3233
3234
3235
3236
3237
3238
3239
3240
3241
3242
3243
3244
3245
3246
3247
3248
3249
3250
3251
3252
3253
3254
3255
3256
3257
3258
3259
3260
3261
3262
3263
3264
3265
3266
3267
3268
3269
3270
3271
3272
3273
3274
3275
3276
3277
3278
3279
3280
3281
3282
3283
3284
3285
3286
3287
3288
3289
3290
3291
3292
3293
3294
3295
3296
3297
3298
3299
3300
3301
3302
3303
3304
3305
3306
3307
3308
3309
3310
3311
3312
3313
3314
3315
3316
3317
3318
3319
3320
3321
3322
3323
3324
3325
3326
3327
3328
3329
3330
3331
3332
3333
3334
3335
3336
3337
3338
3339
3340
3341
3342
3343
3344
3345
3346
3347
3348
3349
3350
3351
3352
3353
3354
3355
3356
3357
3358
3359
3360
3361
3362
3363
3364
3365
3366
3367
3368
3369
3370
3371
3372
3373
3374
3375
3376
3377
3378
3379
3380
3381
3382
3383
3384
3385
3386
3387
3388
3389
3390
3391
3392
3393
3394
3395
3396
3397
3398
3399
3400
3401
3402
3403
3404
3405
3406
3407
3408
3409
3410
3411
3412
3413
3414
3415
3416
3417
3418
3419
3420
3421
3422
3423
3424
3425
3426
3427
3428
3429
3430
3431
3432
3433
3434
3435
3436
3437
3438
3439
3440
3441
3442
3443
3444
3445
3446
3447
3448
3449
3450
3451
3452
3453
3454
3455
3456
3457
3458
3459
3460
3461
3462
3463
3464
3465
3466
3467
3468
3469
3470
3471
3472
3473
3474
3475
3476
3477
3478
3479
3480
3481
3482
3483
3484
3485
3486
3487
3488
3489
3490
3491
3492
3493
3494
3495
3496
3497
3498
3499
3500
3501
3502
3503
3504
3505
3506
3507
3508
3509
3510
3511
3512
3513
3514
3515
3516
3517
3518
3519
3520
3521
3522
3523
3524
3525
3526
3527
3528
3529
3530
3531
3532
3533
3534
3535
3536
3537
3538
3539
3540
3541
3542
3543
3544
3545
3546
3547
3548
3549
3550
3551
3552
3553
3554
3555
3556
3557
3558
3559
3560
3561
3562
3563
3564
3565
3566
3567
3568
3569
3570
3571
3572
3573
3574
3575
3576
3577
3578
3579
3580
3581
3582
3583
3584
3585
3586
3587
3588
3589
3590
3591
3592
3593
3594
3595
3596
3597
3598
3599
3600
3601
3602
3603
3604
3605
3606
3607
3608
3609
3610
3611
3612
3613
3614
3615
3616
3617
3618
3619
3620
3621
3622
3623
3624
3625
3626
3627
3628
3629
3630
3631
3632
3633
3634
3635
3636
3637
3638
3639
3640
3641
3642
3643
3644
3645
3646
3647
3648
3649
3650
3651
3652
3653
3654
3655
3656
3657
3658
3659
3660
3661
3662
3663
3664
3665
3666
3667
3668
3669
3670
3671
3672
3673
3674
3675
3676
3677
3678
3679
3680
3681
3682
3683
3684
3685
3686
3687
3688
3689
3690
3691
3692
3693
3694
3695
3696
3697
3698
3699
3700
3701
3702
3703
3704
3705
3706
3707
3708
3709
3710
3711
3712
3713
3714
3715
3716
3717
3718
3719
3720
3721
3722
3723
3724
3725
3726
3727
3728
3729
3730
3731
3732
3733
3734
3735
3736
3737
3738
3739
3740
3741
3742
3743
3744
3745
3746
3747
3748
3749
3750
3751
3752
3753
3754
3755
3756
3757
3758
3759
3760
3761
3762
3763
3764
3765
3766
3767
3768
3769
3770
3771
3772
3773
3774
3775
3776
3777
3778
3779
3780
3781
3782
3783
3784
3785
3786
3787
3788
3789
3790
3791
3792
3793
3794
3795
3796
3797
3798
3799
3800
3801
3802
3803
3804
3805
3806
3807
3808
3809
3810
3811
3812
3813
3814
3815
3816
3817
3818
3819
3820
3821
3822
3823
3824
3825
3826
3827
3828
3829
3830
3831
3832
3833
3834
3835
3836
3837
3838
3839
3840
3841
3842
3843
3844
3845
3846
3847
3848
3849
3850
3851
3852
3853
3854
3855
3856
3857
3858
3859
3860
3861
3862
3863
3864
3865
3866
3867
3868
3869
3870
3871
3872
3873
3874
3875
3876
3877
3878
3879
3880
3881
3882
3883
3884
3885
3886
3887
3888
3889
3890
3891
3892
3894
3895
3896
3897
3898
3899
3900
3901
3902
3903
3904
3905
3906
3907
3908
3909
3910
3911
3912
3913
3914
3915
3916
3917
3918
3919
3920
3921
3922
3923
3924
3925
3926
3927
3928
3929
3930
3931
3932
3933
3934
3935
3936
3937
3938
3939
3940
3941
3942
3943
3944
3945
3946
3947
3948
3949
3950
3951
3952
3953
3954
3955
3956
3957
3958
3959
3960
3961
3962
3963
3964
3965
3966
3967
3968
3969
3970
3971
3972
3973
3974
3975
3976
3977
3978
3979
3980
3981
3982
3983
3984
3985
3986
3987
3988
3989
3990
3991
3992
3993
3994
3995
3996
3997
3998
3999
4000
4001
4002
4003
4004
4005
4006
4007
4008
4009
4010
4011
4012
4013
4014
4015
4016
4017
4018
4019
4020
4021
4022
4023
4024
4025
4026
4027
4028
4029
4030
4031
4032
4033
4034
4035
4036
4037
4038
4039
4040
4041
4042
4043
4044
4045
4046
4047
4048
4049
4050
4051
4052
4053
4054
4055
4056
4057
4058
4059
4060
4061
4062
4063
4064
4065
4066
4067
4068
4069
4070
4071
4072
4073
4074
4075
4076
4077
4078
4079
4080
4081
4082
4083
4084
4085
4086
4087
4088
4089
4090
4091
4092
4093
4094
4095
4096
4097
4098
4099
4100
4101
4102
4103
4104
4105
4106
4107
4108
4109
4110
4111
4112
4113
4114
4115
4116
4117
4118
4119
4120
4121
4122
4123
4124
4125
4126
4127
4128
4129
4130
4131
4132
4133
4134
4135
4136
4137
4138
4139
4140
4141
4142
4143
4144
4145
4146
4147
4148
4149
4150
4151
4152
4153
4154
4155
4156
4157
4158
4159
4160
4161
4162
4163
4164
4165
4166
4167
4168
4169
4170
4171
4172
4173
4174
4175
4176
4177
4178
4179
4180
4181
4182
4183
4184
4185
4186
4187
4188
4189
4190
4191
4192
4193
4194
4195
4196
4197
4198
4199
4200
4201
4202
4203
4204
4205
4206
4207
4208
4209
4210
4211
4212
4213
4214
4215
4216
4217
4218
4219
4220
4221
4222
4223
4224
4225
4226
4227
4228
4229
4230
4231
4232
4233
4234
4235
4236
4237
4238
4239
4240
4241
4242
4243
4244
4245
4246
4247
4248
4249
4250
4251
4252
4253
4254
4255
4256
4257
4258
4259
4260
4261
4262
4263
4264
4265
4266
4267
4268
4269
4270
4271
4272
4273
4274
4275
4276
4277
4278
4279
4280
4281
4282
4283
4284
4285
4286
4287
4288
4289
4290
4291
4292
4293
4294
4295
4296
4297
4298
4299
4300
4301
4302
4303
4304
4305
4306
4307
4308
4309
4310
4311
4312
4313
4314
4315
4316
4317
4318
4319
4320
4321
4322
4323
4324
4325
4326
4327
4328
4329
4330
4331
4332
4333
4334
4335
4336
4337
4338
4339
4340
4341
4342
4343
4344
4345
4346
4347
4348
4349
4350
4351
4352
4353
4354
4355
4356
4357
4358
4359
4360
4361
4362
4363
4364
4365
4366
4367
4368
4369
4370
4371
4372
4373
4374
4375
4376
4377
4378
4379
4380
4381
4382
4383
4384
4385
4386
4387
4388
4389
4390
4391
4392
4393
4394
4395
4396
4397
4398
4399
4400
4401
4402
4403
4404
4405
4406
4407
4408
4409
4410
4411
4412
4413
4414
4415
4416
4417
4418
4419
4420
4421
4422
4423
4424
4425
4426
4427
4428
4429
4430
4431
4432
4433
4434
4435
4436
4437
4438
4439
4440
4441
4442
4443
4444
4445
4446
4447
4448
4449
4450
4451
4452
4453
4454
4455
4456
4457
4458
4459
4460
4461
4462
4463
4464
4465
4466
4467
4468
4469
4470
4471
4472
4473
4474
4475
4476
4477
4478
4479
4480
4481
4482
4483
4484
4485
4486
4487
4488
4489
4490
4491
4492
4493
4494
4495
4496
4497
4498
4499
4500
4501
4502
4503
4504
4505
4506
4507
4508
4509
4510
4511
4512
4513
4514
4515
4516
4517
4518
4519
4520
4521
4522
4523
4524
4525
4526
4527
4528
4529
4530
4531
4532
4533
4534
4535
4536
4537
4538
4539
4540
4541
4542
4543
4544
4545
4546
4547
4548
4549
4550
4551
4552
4553
4554
4555
4556
4557
4558
4559
4560
4561
4562
4563
4564
4565
4566
4567
4568
4569
4570
4571
4572
4573
4574
4575
4576
4577
4578
4579
4580
4581
4582
4583
4584
4585
4586
4587
4588
4589
4590
4591
4592
4593
4594
4595
4596
4597
4598
4599
4600
4601
4602
4603
4604
4605
4606
4607
4608
4609
4610
4611
4612
4613
4614
4615
4616
4617
4618
4619
4620
4621
4622
4623
4624
4625
4626
4627
4628
4629
4630
4631
4632
4633
4634
4635
4636
4637
4638
4639
4640
4641
4642
4643
4644
4645
4646
4647
4648
4649
4650
4651
4652
4653
4654
4655
4656
4657
4658
4659
4660
4661
4662
4663
4664
4665
4666
4667
4668
4669
4670
4671
4672
4673
4674
4675
4676
4677
4678
4679
4680
4681
4682
4683
4684
4685
4686
4687
4688
4689
4690
4691
4692
4693
4694
4695
4696
4697
4698
4699
4700
4701
4702
4703
4704
4705
4706
4707
4708
4709
4710
4711
4712
4713
4714
4715
4716
4717
4718
4719
4720
4721
4722
4723
4724
4725
4726
4727
4728
4729
4730
4731
4732
4733
4734
4735
4736
4737
4738
4739
4740
4741
4742
4743
4744
4745
4746
4747
4748
4749
4750
4751
4752
4753
4754
4755
4756
4757
4758
4759
4760
4761
4762
4763
4764
4765
4766
4767
4768
4769
4770
4771
4772
4773
4774
4775
4776
4777
4778
4779
4780
4781
4782
4783
4784
4785
4786
4787
4788
4789
4790
4791
4792
4793
4794
4795
4796
4797
4798
4799
4800
4801
4802
4803
4804
4805
4806
4807
4808
4809
4810
4811
4813
4814
4815
4816
4817
4818
4819
4820
4821
4822
4823
4824
4825
4826
4827
4828
4829
4830
4831
4832
4833
4834
4835
4836
4837
4838
4839
4840
4841
4842
4843
4844
4845
4846
4847
4848
4849
4850
4851
4852
4853
4854
4855
4856
4857
4858
4859
4860
4861
4862
4863
4864
4865
4866
4867
4868
4869
4870
4871
4872
4873
4874
4875
4876
4877
4878
4879
4880
4881
4882
4883
4884
4885
4886
4887
4888
4889
4890
4891
4892
4893
4894
4895
4896
4897
4898
4899
4900
4901
4902
4903
4904
4905
4906
4907
4908
4909
4910
4911
4912
4913
4914
4915
4916
4917
4918
4919
4920
4921
4922
4923
4924
4925
4926
4927
4928
4929
4930
4931
4932
4933
4934
4935
4936
4937
4938
4939
4940
4941
4942
4943
4944
4945
4946
4947
4948
4949
4950
4951
4952
4953
4954
4955
4956
4957
4958
4959
4960
4961
4962
4963
4964
4965
4966
4967
4968
4969
4970
4971
4972
4973
4974
4975
4976
4977
4978
4979
4980
4981
4982
4983
4984
4985
4986
4987
4988
4989
4990
4991
4992
4993
4994
4995
4996
4997
4998
4999
5000
5001
5002
5003
5004
5005
5006
5007
5008
5009
5010
5011
5012
5013
5014
5015
5016
5017
5018
5019
5020
5021
5022
5023
5024
5025
5026
5027
5028
5029
5030
5031
5032
5033
5034
5035
5036
5037
5038
5039
5040
5041
5042
5043
5044
5045
5046
5047
5048
5049
5050
5051
5052
5053
5054
5055
5056
5057
5058
5059
5060
5061
5062
5063
5064
5065
5066
5067
5068
5069
5070
5071
5072
5073
5074
5075
5076
5077
5078
5079
5080
5081
5082
5083
5084
5085
5086
5087
5088
5089
5090
5091
5092
5093
5094
5095
5096
5097
5098
5099
5100
5101
5102
5103
5104
5105
5106
5107
5108
5109
5110
5111
5112
5113
5114
5115
5116
5117
5118
5119
5120
5121
5122
5123
5124
5125
5126
5127
5128
5129
5130
5131
5132
5133
5134
5135
5136
5137
5138
5139
5140
5141
5142
5143
5144
5145
5146
5147
5148
5149
5150
5151
5152
5153
5154
5155
5156
5157
5158
5159
5160
5161
5162
5163
5164
5165
5166
5167
5168
5169
5170
5171
5172
5173
5174
5175
5176
5177
5178
5179
5180
5181
5182
5183
5184
5185
5186
5187
5188
5189
5190
5191
5192
5193
5194
5195
5196
5197
5198
5199
5200
5201
5202
5203
5204
5205
5206
5207
5208
5209
5210
5211
5212
5213
5214
5215
5216
5217
5218
5219
5220
5221
5222
5223
5224
5225
5226
5227
5228
5229
5230
5231
5232
5233
5234
5235
5236
5237
5238
5239
5240
5241
5242
5243
5244
5245
5246
5247
5248
5249
5250
5251
5252
5253
5254
5255
5256
5257
5258
5259
5260
5261
5262
5263
5264
5265
5266
5267
5268
5269
5270
5271
5272
5273
5274
5275
5276
5277
5278
5279
5280
5281
5282
5283
5284
5285
5286
5287
5288
5289
5290
5291
5292
5293
5294
5295
5296
5297
5298
5299
5300
5301
5302
5303
5304
5305
5306
5307
5308
5309
5310
5311
5312
5313
5314
5315
5316
5317
5318
5319
5320
5321
5322
5323
5324
5325
5326
5327
5328
5329
5330
5331
5332
5333
5334
5335
5336
5337
5338
5339
5340
5341
5342
5343
5344
5345
5346
5347
5348
5349
5350
5351
5352
5353
5354
5355
5356
5357
5358
5359
5360
5361
5362
5363
5364
5365
5366
5367
5368
5369
5370
5371
5372
5373
5374
5375
5376
5377
5378
5379
5380
5381
5382
5383
5384
5385
5386
5387
5388
5389
5390
5391
5392
5393
5394
5395
5396
5397
5398
5399
5400
5401
5402
5403
5404
5405
5406
5407
5408
5409
5410
5411
5412
5413
5414
5415
5416
5417
5418
5419
5420
5421
5422
5423
5424
5425
5426
5427
5428
5429
5430
5431
5432
5433
5434
5435
5436
5437
5438
5439
5440
5441
5442
5443
5444
5445
5446
5447
5448
5449
5450
5451
5452
5453
5454
5455
5456
5457
5458
5459
5460
5461
5462
5463
5464
5465
5466
5467
5468
5469
5470
5471
5472
5473
5474
5475
5476
5477
5478
5479
5480
5481
5482
5483
5484
5485
5486
5487
5488
5489
5490
5491
5492
5493
5494
5495
5496
5497
5498
5499
5500
5501
5502
5503
5504
5505
5506
5507
5508
5509
5510
5511
5512
5513
5514
5515
5516
5517
5518
5519
5520
5521
5522
5523
5524
5525
5526
5527
5528
5529
5530
5531
5532
5533
5534
5535
5536
5537
5538
5539
5540
5541
5542
5543
5544
5545
5546
5547
5548
5549
5550
5551
5552
5553
5554
5555
5556
5557
5558
5559
5560
5561
5562
5563
5564
5565
5566
5567
5568
5569
5570
5571
5572
5573
5574
5575
5576
5577
5578
5579
5580
5581
5582
5583
5584
5585
5586
5587
5588
5589
5590
5591
5592
5593
5594
5595
5596
5597
5598
5599
5600
5601
5602
5603
5604
5605
5606
5607
5608
5609
5610
5611
5612
5613
5614
5615
5616
5617
5618
5619
5620
5621
5622
5623
5624
5625
5626
5627
5628
5629
5630
5631
5632
5633
5634
5635
5636
5637
5638
5639
5640
5641
5642
5643
5644
5645
5646
5647
5648
5649
5650
5651
5652
5653
5654
5655
5656
5657
5658
5659
5660
5661
5662
5663
5664
5665
5666
5667
5668
5669
5670
5671
5672
5673
5674
5675
5676
5677
5678
5679
5680
5681
5682
5683
5684
5685
5686
5687
5688
5689
5690
5691
5692
5693
5694
5695
5696
5697
5698
5699
5700
5701
5702
5703
5704
5705
5706
5707
5708
5709
5710
5711
5712
5713
5714
5715
5716
5717
5718
5720
5721
5722
5723
5724
5725
5726
5727
5728
5729
5730
5731
5732
5733
5734
5735
5736
5737
5738
5739
5740
5741
5742
5743
5744
5745
5746
5747
5748
5749
5750
5751
5752
5753
5754
5755
5756
5757
5758
5759
5760
5761
5762
5763
5764
5765
5766
5767
5768
5769
5770
5771
5772
5773
5774
5775
5776
5777
5778
5779
5780
5781
5782
5783
5784
5785
5786
5787
5788
5789
5790
5791
5792
5793
5794
5795
5796
5797
5798
5799
5800
5801
5802
5803
5804
5805
5806
5807
5808
5809
5810
5811
5812
5813
5814
5815
5816
5817
5818
5819
5820
5821
5822
5823
5824
5825
5826
5827
5828
5829
5830
5831
5832
5833
5834
5835
5836
5837
5838
5839
5840
5841
5842
5843
5844
5845
5846
5847
5848
5849
5850
5851
5852
5853
5854
5855
5856
5857
5858
5859
5860
5861
5862
5863
5864
5865
5866
5867
5868
5869
5870
5871
5872
5873
5874
5875
5876
5877
5878
5879
5880
5881
5882
5883
5884
5885
5886
5887
5888
5889
5890
5891
5892
5893
5894
5895
5896
5897
5898
5899
5900
5901
5902
5903
5904
5905
5906
5907
5908
5909
5910
5911
5912
5913
5914
5915
5916
5917
5918
5919
5920
5921
5922
5923
5924
5925
5926
5927
5928
5929
5930
5931
5932
5933
5934
5935
5936
5937
5938
5939
5940
5941
5942
5943
5944
5945
5946
5947
5948
5949
5950
5951
5952
5953
5954
5955
5956
5957
5958
5959
5960
5961
5962
5963
5964
5965
5966
5967
5968
5969
5970
5971
5972
5973
5974
5975
5976
5977
5978
5979
5980
5981
5982
5983
5984
5985
5986
5987
5988
5989
5990
5991
5992
5993
5994
5995
5996
5997
5998
5999
6000
6001
6002
6003
6004
6005
6006
6007
6008
6009
6010
6011
6012
6013
6014
6015
6016
6017
6018
6019
6020
6021
6022
6023
6024
6025
6026
6027
6028
6029
6030
6031
6032
6033
6034
6035
6036
6037
6038
6039
6040
6041
6042
6043
6044
6045
6046
6047
6048
6049
6050
6051
6052
6053
6054
6055
6056
6057
6058
6059
6060
6061
6062
6063
6064
6065
6066
6067
6068
6069
6070
6071
6072
6073
6074
6075
6076
6077
6078
6079
6080
6081
6082
6083
6084
6085
6086
6087
6088
6089
6090
6091
6092
6093
6094
6095
6096
6097
6098
6099
6100
6101
6102
6103
6104
6105
6106
6107
6108
6109
6110
6111
6112
6113
6114
6115
6116
6117
6118
6119
6120
6121
6122
6123
6124
6125
6126
6127
6128
6129
6130
6131
6132
6133
6134
6135
6136
6137
6138
6139
6140
6141
6142
6143
6144
6145
6146
6147
6148
6149
6150
6151
6152
6153
6154
6155
6156
6157
6158
6159
6160
6161
6162
6163
6164
6165
6166
6167
6168
6169
6170
6171
6172
6173
6174
6175
6176
6177
6178
6179
6180
6181
6182
6183
6184
6185
6186
6187
6188
6189
6190
6191
6192
6193
6194
6195
6196
6197
6198
6199
6200
6201
6202
6203
6204
6205
6206
6207
6208
6209
6210
6211
6212
6213
6214
6215
6216
6217
6218
6219
6220
6221
6222
6223
6224
6225
6226
6227
6228
6229
6230
6231
6232
6233
6234
6235
6236
6237
6238
6239
6240
6241
6242
6243
6244
6245
6246
6247
6248
6249
6250
6251
6252
6253
6254
6255
6256
6257
6258
6259
6260
6261
6262
6263
6264
6265
6266
6267
6268
6269
6270
6271
6272
6273
6274
6275
6276
6277
6278
6279
6280
6281
6282
6283
6284
6285
6286
6287
6288
6289
6290
6291
6292
6293
6294
6295
6296
6297
6298
6299
6300
6301
6302
6303
6304
6305
6306
6307
6308
6309
6310
6311
6312
6313
6314
6315
6316
6317
6318
6319
6320
6321
6322
6323
6324
6325
6326
6327
6328
6329
6330
6331
6332
6333
6334
6335
6336
6337
6338
6339
6340
6341
6342
6343
6344
6345
6346
6347
6348
6349
6350
6351
6352
6353
6354
6355
6356
6357
6358
6359
6360
6361
6362
6363
6364
6365
6366
6367
6368
6369
6370
6371
6372
6373
6374
6375
6376
6377
6378
6379
6380
6381
6382
6383
6384
6385
6386
6387
6388
6389
6390
6391
6392
6393
6394
6395
6396
6397
6398
6399
6400
6401
6402
6403
6404
6405
6406
6407
6408
6409
6410
6411
6412
6413
6414
6415
6416
6417
6418
6419
6420
6421
6422
6423
6424
6425
6426
6427
6428
6429
6430
6431
6432
6433
6434
6435
6436
6437
6438
6439
6440
6441
6442
6443
6444
6445
6446
6447
6448
6449
6450
6451
6452
6453
6454
6455
6456
6457
6458
6459
6460
6461
6462
6463
6464
6465
6466
6467
6468
6469
6470
6471
6472
6473
6474
6475
6476
6477
6478
6479
6480
6481
6482
6483
6484
6485
6486
6487
6488
6489
6490
6491
6492
6493
6494
6495
6496
6497
6498
6499
6500
6501
6502
6503
6504
6505
6506
6507
6508
6509
6510
6511
6512
6513
6514
6515
6516
6517
6518
6519
6520
6521
6522
6523
6524
6525
6526
6527
6528
6529
6530
6531
6532
6533
6534
6535
6536
6537
6538
6539
6540
6541
6542
6543
6544
6545
6546
6547
6548
6549
6550
6551
6552
6553
6554
6555
6556
6557
6558
6559
6560
6561
6562
6563
6564
6565
6566
6567
6568
6569
6570
6571
6572
6573
6574
6575
6576
6577
6578
6579
6580
6581
6582
6583
6584
6585
6586
6587
6588
6589
6590
6591
6592
6593
6594
6595
6596
6597
6598
6599
6600
6601
6602
6603
6604
6605
6606
6607
6608
6609
6610
6611
6612
6613
6614
6615
6616
6617
6618
6619
6620
6621
6622
6623
6624
6625
6626
6627
6628
6629
6630
6631
6632
6633
6634
6635
6636
6637
6638
6639
6640
6641
6642
6643
6644
6645
6646
6647
6648
6649
6650
6651
6652
6653
6654
6655
6656
6657
6658
6659
6660
6661
6662
6663
6664
6665
6666
6667
6668
6669
6670
6671
6672
6673
6674
6675
6676
6677
6678
6679
6680
6681
6682
6683
6684
6685
6686
6687
6688
6689
6690
6691
6692
6693
6694
6695
6696
6697
6698
6699
6700
6701
6702
6703
6704
6705
6706
6707
6708
6709
6710
6711
6712
6713
6714
6715
6716
6717
6718
6719
6720
6721
6722
6723
6724
6725
6726
6727
6728
6729
6730
6731
6732
6733
6734
6735
6736
6737
6738
6739
6740
6741
6742
6743
6744
6745
6746
6747
6748
6749
6750
6751
6752
6753
6754
6755
6756
6757
6758
6759
6760
6761
6762
6763
6764
6765
6766
6767
6768
6769
6770
6771
6772
6773
6774
6775
6776
6777
6778
6779
6780
6781
6782
6783
6784
6785
6786
6787
6788
6789
6790
6791
6792
6793
6794
6795
6796
6797
6798
6799
6800
6801
6802
6803
6804
6805
6806
6807
6808
6809
6810
6811
6812
6813
6814
6815
6816
6817
6818
6819
6820
6821
6822
6823
6824
6825
6826
6827
6828
6829
6830
6831
6832
6833
6834
6835
6836
6837
6838
6839
6840
6841
6842
6843
6844
6845
6846
6847
6848
6849
6850
6851
6852
6853
6854
6855
6856
6857
6858
6859
6860
6861
6862
6863
6864
6865
6866
6867
6868
6869
6870
6871
6872
6873
6874
6875
6876
6877
6878
6879
6880
6881
6882
6883
6884
6885
6886
6887
6888
6889
6890
6891
6892
6893
6894
6895
6896
6897
6898
6899
6900
6901
6902
6903
6904
6905
6906
6907
6908
6909
6910
6911
6912
6913
6914
6915
6916
6917
6918
6919
6920
6921
6922
6923
6924
6925
6926
6927
6928
6929
6930
6931
6932
6933
6934
6935
6936
6937
6938
6939
6940
6941
6942
6943
6944
6945
6946
6947
6948
6949
6950
6951
6952
6953
6954
6955
6956
6957
6958
6959
6960
6961
6962
6963
6964
6965
6966
6967
6968
6969
6970
6971
6972
6973
6974
6975
6976
6977
6978
6979
6980
6981
6982
6983
6984
6985
6986
6987
6988
6989
6990
6991
6992
6993
6994
6995
6996
6997
6998
6999
7000
7001
7002
7003
7004
7005
7006
7007
7008
7009
7010
7011
7012
7013
7014
7015
7016
7017
7018
7019
7020
7021
7022
7023
7024
7025
7026
7027
7028
7029
7030
7031
7032
7033
7034
7035
7036
7037
7038
7039
7040
7041
7042
7043
7044
7045
7046
7047
7048
7049
7050
7051
7052
7053
7054
7055
7056
7057
7058
7059
7060
7061
7062
7063
7064
7065
7066
7067
7068
7069
7070
7071
7072
7073
7074
7075
7076
7077
7078
7079
7080
7081
7082
7083
7085
7086
7087
7088
7089
7090
7091
7092
7093
7094
7095
7096
7097
7098
7099
7100
7101
7102
7103
7104
7105
7106
7107
7108
7109
7110
7111
7112
7113
7114
7115
7116
7117
7118
7119
7120
7121
7122
7123
7124
7125
7126
7127
7128
7129
7130
7131
7132
7133
7134
7135
7136
7137
7138
7139
7140
7141
7142
7143
7144
7145
7146
7147
7148
7149
7150
7151
7152
7153
7154
7155
7156
7157
7158
7159
7160
7161
7162
7163
7164
7165
7166
7167
7168
7169
7170
7171
7172
7173
7174
7175
7176
7177
7178
7179
7180
7181
7182
7183
7184
7185
7186
7187
7188
7189
7190
7191
7192
7193
7194
7195
7196
7197
7198
7199
7200
7201
7202
7203
7204
7205
7206
7207
7208
7209
7210
7211
7212
7213
7214
7215
7216
7217
7218
7219
7220
7221
7222
7223
7224
7225
7226
7227
7228
7229
7230
7231
7232
7233
7234
7235
7236
7237
7238
7239
7240
7241
7242
7243
7244
7245
7246
7247
7248
7249
7250
7251
7252
7253
7254
7255
7256
7258
7259
7260
7261
7262
7263
7264
7265
7266
7267
7268
7269
7270
7271
7272
7273
7274
7275
7276
7277
7278
7279
7280
7281
7282
7283
7284
7285
7286
7287
7288
7289
7290
7291
7292
7293
7294
7295
7296
7297
7298
7299
7300
7301
7302
7303
7304
7305
7306
7307
7308
7309
7310
7311
7312
7313
7314
7315
7316
7317
7318
7319
7320
7321
7322
7323
7324
7325
7326
7327
7328
7329
7330
7331
7332
7333
7334
7335
7336
7337
7338
7339
7340
7341
7342
7343
7344
7345
7346
7347
7348
7349
7350
7351
7352
7353
7354
7355
7356
7357
7358
7359
7360
7361
7362
7363
7364
7365
7366
7367
7368
7369
7370
7371
7372
7373
7374
7375
7376
7377
7378
7379
7380
7381
7382
7383
7384
7385
7386
7387
7388
7389
7390
7391
7392
7393
7394
7395
7396
7397
7398
7399
7400
7401
7402
7403
7404
7405
7406
7407
7408
7409
7410
7411
7412
7413
7414
7415
7416
7417
7418
7419
7420
7421
7422
7423
7424
7425
7426
7427
7428
7429
7430
7431
7432
7433
7434
7435
7436
7437
7438
7439
7440
7441
7442
7443
7444
7445
7446
7447
7448
7449
7450
7451
7452
7453
7454
7455
7456
7457
7458
7459
7460
7461
7462
7463
7464
7465
7466
7467
7468
7469
7470
7471
7472
7473
7474
7475
7476
7477
7478
7479
7480
7481
7482
7483
7484
7485
7486
7487
7488
7489
7490
7491
7492
7493
7494
7495
7496
7497
7498
7499
7500
7501
7502
7503
7504
7505
7506
7507
7508
7509
7510
7511
7512
7513
7514
7515
7516
7517
7518
7519
7520
7521
7522
7523
7524
7525
7526
7527
7528
7529
7530
7531
7532
7533
7534
7535
7536
7537
7538
7539
7540
7541
7542
7543
7544
7545
7546
7547
7548
7549
7550
7551
7552
7553
7554
7555
7556
7557
7558
7559
7560
7561
7562
7563
7564
7565
7566
7567
7568
7569
7570
7571
7572
7573
7574
7575
7576
7577
7578
7579
7580
7581
7582
7583
7584
7585
7586
7587
7588
7589
7590
7591
7592
7593
7594
7595
7596
7597
7598
7599
7600
7601
7602
7603
7604
7605
7606
7607
7608
7609
7610
7611
7612
7613
7614
7615
7616
7617
7618
7619
7620
7621
7622
7623
7624
7625
7626
7627
7628
7629
7630
7631
7632
7633
7634
7635
7636
7637
7638
7639
7640
7641
7642
7643
7644
7645
7646
7647
7648
7649
7650
7651
7652
7653
7654
7655
7656
7657
7658
7659
7660
7661
7662
7663
7664
7665
7666
7667
7668
7669
7670
7671
7672
7673
7674
7675
7676
7677
7678
7679
7680
7681
7682
7683
7684
7685
7686
7687
7688
7689
7690
7691
7692
7693
7694
7695
7696
7697
7698
7699
7700
7701
7702
7703
7704
7705
7706
7707
7708
7709
7710
7711
7712
7713
7714
7715
7716
7717
7718
7719
7720
7721
7722
7723
7724
7725
7726
7727
7728
7729
7730
7731
7732
7733
7734
7735
7736
7737
7738
7739
7740
7741
7742
7743
7744
7745
7746
7747
7748
7749
7750
7751
7752
7753
7754
7755
7756
7757
7758
7759
7760
7761
7762
7763
7764
7765
7766
7767
7768
7769
7770
7771
7772
7773
7774
7775
7776
7777
7778
7779
7780
7781
7782
7783
7784
7785
7786
7787
7788
7789
7790
7791
7792
7793
7794
7795
7796
7797
7798
7799
7800
7801
7802
7803
7804
7805
7806
7807
7808
7809
7810
7811
7812
7813
7814
7815
7816
7817
7818
7819
7820
7821
7822
7823
7824
7825
7826
7827
7828
7829
7830
7831
7832
7833
7834
7835
7836
7837
7838
7839
7840
7841
7842
7843
7844
7845
7846
7847
7848
7849
7850
7851
7852
7853
7854
7855
7856
7857
7858
7859
7860
7861
7862
7863
7864
7865
7866
7867
7868
7869
7870
7871
7872
7873
7874
7875
7876
7877
7878
7879
7880
7881
7882
7883
7884
7885
7886
7887
7888
7889
7890
7891
7892
7893
7894
7895
7896
7897
7898
7899
7900
7901
7902
7903
7904
7905
7906
7907
7908
7909
7910
7911
7912
7913
7914
7915
7916
7917
7918
7919
7920
7921
7922
7923
7924
7925
7926
7927
7928
7929
7930
7931
7932
7933
7934
7935
7936
7937
7938
7939
7940
7941
7942
7943
7944
7945
7946
7947
7948
7949
7950
7951
7952
7953
7954
7955
7956
7957
7958
7959
7960
7961
7962
7963
7964
7965
7966
7967
7968
7969
7970
7971
7972
7973
7974
7975
7976
7977
7978
7979
7980
7981
7982
7983
7984
7985
7986
7987
7988
7989
7990
7991
7992
7993
7994
7995
7996
7997
7998
7999
8000
8001
8002
8003
8004
8005
8006
8007
8008
8009
8010
8011
8012
8013
8014
8015
8016
8017
8018
8019
8020
8021
8022
8023
8024
8025
8026
8027
8028
8029
8030
8031
8032
8033
8034
8035
8036
8037
8038
8039
8040
8041
8042
8043
8044
8045
8046
8047
8048
8049
8050
8051
8052
8053
8054
8055
8056
8057
8058
8059
8060
8061
8062
8063
8064
8065
8066
8067
8068
8069
8070
8071
8072
8073
8074
8075
8076
8077
8078
8079
8080
8081
8082
8083
8084
8085
8086
8087
8088
8089
8090
8091
8092
8093
8094
8095
8096
8097
8098
8099
8100
8101
8102
8103
8104
8105
8106
8107
8108
8109
8110
8111
8112
8113
8114
8115
8116
8117
8118
8119
8120
8121
8122
8123
8124
8125
8126
8127
8128
8129
8130
8131
8132
8133
8134
8135
8136
8137
8138
8139
8140
8141
8142
8143
8144
8145
8146
8147
8148
8149
8150
8151
8152
8153
8154
8155
8156
8157
8158
8159
8160
8161
8162
8163
8164
8165
8166
8167
8168
8169
8170
8171
8172
8173
8174
8175
8176
8177
8178
8179
8180
8181
8182
8183
8184
8185
8186
8187
8188
8189
8190
8191
8192
8193
8194
8195
8196
8197
8198
8199
8200
8201
8202
8203
8204
8205
8206
8207
8208
8209
8210
8211
8212
8213
8214
8215
8216
8217
8218
8219
8220
8221
8222
8223
8224
8225
8226
8227
8228
8229
8230
8231
8232
8233
8234
8235
8236
8237
8238
8239
8240
8241
8242
8243
8244
8245
8246
8247
8248
8249
8250
8251
8252
8253
8254
8255
8256
8257
8258
8259
8260
8261
8262
8263
8264
8265
8266
8267
8268
8269
8270
8271
8272
8273
8274
8275
8276
8277
8278
8279
8280
8281
8282
8283
8284
8285
8286
8287
8288
8289
8290
8291
8292
8293
8294
8295
8296
8297
8298
8299
8300
8301
8302
8303
8304
8305
8306
8307
8308
8309
8310
8311
8312
8313
8314
8315
8316
8317
8318
8319
8320
8321
8322
8323
8324
8325
8326
8327
8328
8329
8330
8331
8332
8333
8334
8335
8336
8337
8338
8339
8340
8341
8342
8343
8344
8345
8346
8347
8348
8349
8350
8351
8352
8353
8354
8355
8356
8357
8358
8359
8360
8361
8362
8363
8364
8365
8366
8367
8368
8369
8370
8371
8372
8373
8374
8375
8376
8377
8378
8379
8380
8381
8382
8383
8384
8385
8386
8387
8388
8389
8390
8391
8392
8393
8394
8395
8396
8397
8398
8399
8400
8401
8402
8403
8404
8405
8406
8407
8408
8409
8410
8411
8412
8413
8414
8415
8416
8417
8418
8419
8420
8421
8422
8423
8424
8425
8426
8427
8428
8429
8430
8431
8432
8433
8434
8435
8436
8437
8438
8439
8440
8441
8442
8443
8444
8445
8446
8447
8448
8449
8450
8451
8452
8453
8454
8455
8456
8457
8458
8459
8460
8461
8462
8463
8464
8465
8466
8467
8468
8469
8470
8471
8472
8473
8474
8475
8476
8477
8478
8479
8480
8481
8482
8483
8484
8485
8486
8487
8488
8489
8490
8491
8492
8493
8494
8495
8496
8497
8498
8499
8500
8501
8502
8503
8504
8505
8506
8507
8508
8509
8510
8511
8512
8513
8514
8515
8516
8517
8518
8519
8520
8521
8522
8523
8524
8525
8526
8527
8528
8529
8530
8531
8532
8533
8534
8535
8536
8537
8538
8539
8540
8541
8542
8543
8544
8545
8546
8547
8548
8549
8550
8551
8552
8553
8554
8555
8556
8557
8558
8559
8560
8561
8562
8563
8564
8565
8566
8567
8568
8569
8570
8571
8572
8573
8574
8575
8577
8578
8579
8580
8581
8582
8583
8584
8585
8586
8587
8588
8589
8590
8591
8592
8593
8594
8595
8596
8597
8598
8599
8600
8601
8602
8603
8604
8605
8606
8607
8608
8609
8610
8611
8612
8613
8614
8615
8616
8617
8618
8619
8620
8621
8622
8623
8624
8625
8626
8627
8628
8629
8630
8631
8632
8633
8634
8635
8636
8637
8638
8639
8640
8641
8642
8643
8644
8645
8646
8647
8648
8649
8650
8651
8652
8653
8654
8655
8656
8657
8658
8659
8660
8661
8662
8663
8664
8665
8666
8667
8668
8669
8670
8671
8672
8673
8674
8675
8676
8677
8678
8679
8680
8681
8682
8683
8684
8685
8686
8687
8688
8689
8690
8691
8692
8693
8694
8695
8696
8697
8698
8699
8700
8701
8702
8703
8704
8705
8706
8707
8708
8709
8710
8711
8712
8713
8714
8715
8716
8717
8718
8719
8720
8721
8722
8723
8724
8725
8726
8727
8728
8729
8730
8731
8732
8733
8734
8735
8736
8737
8738
8739
8740
8741
8742
8743
8744
8745
8746
8747
8748
8749
8750
8751
8752
8753
8754
8755
8756
8757
8758
8759
8760
8761
8762
8763
8764
8765
8766
8767
8768
8769
8770
8771
8772
8773
8774
8775
8776
8777
8778
8779
8780
8781
8782
8783
8784
8785
8786
8787
8788
8789
8790
8791
8792
8793
8794
8795
8796
8797
8798
8799
8800
8801
8802
8803
8804
8805
8806
8807
8808
8809
8810
8811
8812
8813
8814
8815
8816
8817
8818
8819
8820
8821
8822
8823
8824
8825
8826
8827
8828
8829
8830
8831
8832
8833
8834
8835
8836
8837
8838
8839
8840
8841
8842
8843
8844
8845
8846
8847
8848
8849
8850
8851
8852
8853
8854
8855
8856
8857
8858
8859
8860
8861
8862
8863
8864
8865
8866
8867
8868
8869
8870
8871
8872
8873
8874
8875
8876
8877
8878
8879
8880
8881
8882
8883
8884
8885
8886
8887
8888
8889
8890
8891
8892
8893
8894
8895
8896
8897
8898
8899
8900
8901
8902
8903
8904
8905
8906
8907
8908
8909
8910
8911
8912
8913
8914
8915
8916
8917
8918
8919
8920
8921
8922
8923
8924
8925
8926
8927
8928
8929
8930
8931
8932
8933
8934
8935
8936
8937
8938
8939
8940
8941
8942
8943
8944
8945
8946
8947
8948
8949
8950
8951
8952
8953
8954
8955
8956
8957
8958
8959
8960
8961
8962
8963
8964
8965
8966
8967
8968
8969
8970
8971
8972
8973
8974
8975
8976
8977
8978
8979
8980
8981
8982
8983
8984
8985
8986
8987
8988
8989
8990
8991
8992
8993
8994
8995
8996
8997
8998
8999
9000
9001
9002
9003
9004
9005
9006
9007
9008
9009
9010
9011
9012
9013
9014
9015
9016
9017
9018
9019
9020
9021
9022
9023
9024
9025
9026
9027
9028
9029
9030
9031
9032
9033
9034
9035
9036
9037
9038
9039
9040
9041
9042
9043
9044
9045
9046
9047
9048
9049
9050
9051
9052
9053
9054
9055
9056
9057
9058
9059
9060
9061
9062
9063
9064
9065
9066
9067
9068
9069
9070
9071
9072
9073
9074
9075
9076
9077
9078
9079
9080
9081
9082
9083
9084
9085
9086
9087
9088
9089
9090
9091
9092
9093
9094
9095
9096
9097
9098
9099
9100
9101
9102
9103
9104
9105
9106
9107
9108
9109
9110
9111
9112
9113
9114
9115
9116
9117
9118
9119
9120
9121
9122
9123
9124
9125
9126
9127
9128
9129
9130
9131
9132
9133
9134
9135
9136
9137
9138
9139
9140
9141
9142
9143
9144
9145
9146
9147
9148
9149
9150
9151
9152
9153
9154
9155
9156
9157
9158
9159
9160
9161
9162
9163
9164
9165
9166
9167
9168
9169
9170
9171
9172
9173
9174
9175
9176
9177
9178
9179
9180
9181
9182
9183
9184
9185
9186
9187
9188
9189
9190
9191
9192
9193
9194
9195
9196
9197
9198
9199
9200
9201
9202
9203
9204
9205
9206
9207
9208
9209
9210
9211
9212
9213
9214
9215
9216
9217
9218
9219
9220
9221
9222
9223
9224
9225
9226
9227
9228
9229
9230
9231
9232
9233
9234
9235
9236
9237
9238
9239
9240
9241
9242
9243
9244
9245
9246
9247
9248
9249
9250
9251
9252
9253
9254
9255
9256
9257
9258
9259
9260
9261
9262
9263
9264
9265
9266
9267
9268
9269
9270
9271
9272
9273
9274
9275
9276
9277
9278
9279
9280
9281
9282
9283
9284
9285
9286
9287
9288
9289
9290
9291
9292
9293
9294
9295
9296
9297
9298
9299
9300
9301
9302
9303
9304
9305
9306
9307
9308
9309
9310
9311
9312
9313
9314
9315
9316
9317
9318
9319
9320
9321
9322
9323
9324
9325
9326
9327
9328
9329
9330
9331
9332
9333
9334
9335
9336
9337
9338
9339
9340
9341
9342
9343
9344
9345
9346
9347
9348
9349
9350
9351
9352
9353
9354
9355
9356
9357
9358
9359
9360
9361
9362
9363
9364
9365
9366
9367
9368
9369
9370
9371
9372
9373
9374
9375
9376
9377
9378
9379
9380
9381
9382
9383
9384
9385
9386
9387
9388
9389
9390
9391
9392
9393
9394
9395
9396
9397
9398
9399
9400
9401
9402
9403
9404
9405
9406
9407
9408
9409
9410
9411
9412
9413
9414
9415
9416
9417
9418
9419
9420
9421
9422
9423
9424
9425
9426
9427
9428
9429
9430
9431
9432
9433
9434
9435
9436
9437
9438
9439
9440
9441
9442
9443
9444
9445
9446
9447
9448
9449
9450
9451
9452
9453
9454
9455
9456
9457
9458
9459
9460
9461
9462
9463
9464
9465
9466
9467
9468
9469
9470
9471
9472
9473
9474
9475
9476
9477
9478
9479
9480
9481
9482
9483
9484
9485
9486
9487
9488
9489
9490
9491
9492
9493
9494
9495
9496
9497
9498
9499
9500
9501
9502
9503
9504
9505
9506
9507
9508
9509
9510
9511
9512
9513
9514
9515
9516
9517
9518
9519
9520
9521
9522
9523
9524
9525
9526
9527
9528
9529
9530
9531
9532
9533
9534
9535
9536
9537
9538
9539
9540
9541
9542
9543
9544
9545
9546
9547
9548
9549
9550
9551
9552
9553
9554
9555
9556
9557
9558
9559
9560
9561
9562
9563
9564
9565
9566
9567
9568
9569
9570
9571
9572
9573
9574
9575
9576
9577
9578
9579
9580
9581
9582
9583
9584
9585
9586
9587
9588
9589
9590
9591
9592
9593
9594
9595
9596
9597
9598
9599
9600
9601
9602
9603
9604
9605
9606
9607
9608
9609
9610
9611
9612
9613
9614
9615
9616
9617
9618
9619
9620
9621
9622
9623
9624
9625
9626
9627
9628
9629
9630
9631
9632
9633
9634
9635
9636
9637
9638
9639
9640
9641
9642
9643
9644
9645
9646
9647
9648
9649
9650
9651
9652
9653
9654
9655
9656
9657
9658
9659
9660
9661
9662
9663
9664
9665
9666
9667
9668
9669
9670
9671
9672
9673
9674
9675
9676
9677
9678
9679
9680
9681
9682
9683
9684
9685
9686
9687
9688
9689
9690
9691
9692
9693
9694
9695
9696
9697
9698
9699
9700
9701
9702
9703
9704
9705
9706
9707
9708
9709
9710
9711
9712
9713
9714
9715
9716
9717
9718
9719
9720
9721
9722
9723
9724
9725
9726
9727
9728
9729
9730
9731
9732
9733
9734
9735
9736
9737
9738
9739
9740
9741
9742
9743
9744
9745
9746
9747
9748
9749
9750
9751
9752
9753
9754
9755
9756
9757
9758
9759
9760
9761
9762
9763
9764
9765
9766
9767
9768
9769
9770
9771
9772
9773
9774
9775
9776
9777
9778
9779
9780
9781
9782
9783
9784
9785
9786
9787
9788
9789
9790
9791
9792
9793
9794
9795
9796
9797
9798
9799
9800
9801
9802
9803
9804
9805
9806
9807
9808
9809
9810
9811
9812
9813
9814
9815
9816
9817
9818
9819
9820
9821
9822
9823
9824
9825
9826
9827
9828
9829
9830
9831
9832
9833
9834
9835
9836
9837
9838
9839
9840
9841
9842
9843
9844
9845
9846
9847
9848
9849
9850
9851
9852
9853
9854
9855
9856
9857
9858
9859
9860
9861
9862
9863
9864
9865
9866
9867
9868
9869
9870
9871
9872
9873
9874
9875
9876
9877
9878
9879
9880
9881
9882
9883
9884
9885
9886
9887
9888
9889
9890
9891
9892
9893
9894
9895
9896
9897
9898
9899
9900
9901
9902
9903
9904
9905
9906
9907
9908
9909
9910
9911
9912
9913
9914
9915
9916
9917
9918
9919
9920
9921
9922
9923
9924
9925
9926
9927
9928
9929
9930
9931
9932
9933
9934
9935
9936
9937
9938
9939
9940
9941
9942
9943
9944
9945
9946
9947
9948
9949
9950
9951
9952
9953
9954
9955
9956
9957
9958
9959
9960
9961
9962
9963
9964
9965
9966
9967
9968
9969
9970
9971
9972
9973
9974
9975
9976
9977
9978
9979
9980
9981
9982
9983
9984
9985
9986
9987
9988
9989
9990
9991
9992
9993
9994
9995
9996
9997
9998
9999
10000
10001
10002
10003
10004
10005
10006
10007
10008
10009
10010
10011
10012
10013
10014
10015
10016
10017
10018
10019
10020
10021
10022
10023
10024
10025
10026
10027
10028
10029
10030
10031
10032
10033
10034
10035
10036
10037
10038
10039
10040
10041
10042
10043
10044
10045
10046
10047
10048
10049
10050
10051
10052
10053
10054
10055
10056
10057
10058
10059
10060
10061
10062
10063
10064
10065
10066
10067
10068
10069
10070
10071
10072
10073
10074
10075
10076
10077
10078
10079
10080
10081
10082
10083
10084
10085
10086
10087
10088
10089
10090
10091
10092
10093
10094
10095
10096
10097
10098
10099
10100
10101
10102
10103
10104
10105
10106
10108
10109
10110
10111
10112
10113
10114
10115
10116
10117
10118
10119
10120
10121
10122
10123
10124
10125
10126
10127
10128
10129
10130
10131
10132
10133
10134
10135
10136
10137
10138
10139
10140
10141
10142
10143
10144
10145
10146
10147
10148
10149
10150
10151
10152
10153
10154
10155
10156
10157
10158
10159
10160
10161
10162
10163
10164
10165
10166
10167
10168
10169
10170
10171
10172
10173
10174
10175
10176
10177
10178
10179
10180
10181
10182
10183
10184
10185
10186
10187
10188
10189
10190
10191
10192
10193
10194
10195
10196
10197
10198
10199
10200
10201
10202
10203
10204
10205
10206
10207
10208
10209
10210
10211
10212
10213
10214
10215
10216
10217
10218
10219
10220
10221
10222
10223
10224
10225
10226
10227
10228
10229
10230
10231
10232
10233
10234
10235
10236
10237
10238
10239
10240
10241
10242
10243
10244
10245
10246
10247
10248
10249
10250
10251
10252
10253
10254
10255
10256
10257
10258
10259
10260
10261
10262
10263
10264
10265
10266
10267
10268
10269
10270
10271
10272
10273
10274
10275
10276
10277
10278
10279
10280
10281
10282
10283
10284
10285
10286
10287
10288
10289
10290
10291
10292
10293
10294
10295
10296
10297
10298
10299
10300
10301
10302
10303
10304
10305
10306
10307
10308
10309
10310
10311
10312
10313
10314
10315
10316
10317
10318
10319
10320
10321
10322
10323
10324
10325
10326
10327
10328
10329
10330
10331
10332
10333
10334
10335
10336
10337
10338
10339
10340
10341
10342
10343
10344
10345
10346
10347
10348
10349
10350
10351
10352
10353
10354
10355
10356
10357
10358
10359
10360
10361
10362
10363
10364
10365
10366
10367
10368
10369
10370
10371
10372
10373
10374
10375
10376
10377
10378
10379
10380
10381
10382
10383
10384
10385
10386
10387
10388
10389
10390
10391
10392
10393
10394
10395
10396
10397
10398
10399
10400
10401
10402
10403
10404
10405
10406
10407
10408
10409
10410
10411
10412
10413
10414
10415
10416
10417
10418
10419
10420
10421
10422
10423
10424
10425
10426
10427
10428
10429
10430
10431
10432
10433
10434
10435
10436
10437
10438
10439
10440
10441
10442
10443
10444
10445
10446
10447
10449
10450
10451
10452
10453
10454
10455
10456
10457
10458
10459
10460
10461
10462
10463
10464
10465
10466
10467
10468
10469
10470
10471
10472
10473
10474
10475
10476
10477
10478
10479
10480
10481
10482
10483
10484
10485
10486
10487
10488
10489
10490
10491
10492
10493
10494
10495
10496
10497
10498
10499
10500
10501
10502
10503
10504
10505
10506
10507
10508
10509
10510
10511
10512
10513
10514
10515
10516
10517
10518
10519
10520
10521
10522
10523
10524
10525
10526
10527
10528
10529
10530
10531
10532
10533
10534
10535
10536
10537
10538
10539
10540
10541
10542
10543
10544
10545
10546
10547
10548
10549
10550
10551
10552
10553
10554
10555
10556
10557
10558
10559
10560
10561
10562
10563
10564
10565
10566
10567
10568
10569
10570
10571
10572
10573
10574
10575
10576
10577
10578
10579
10580
10581
10582
10583
10584
10585
10586
10587
10588
10589
10590
10591
10592
10593
10594
10595
10596
10597
10598
10599
10600
10601
10602
10603
10604
10605
10606
10607
10608
10609
10610
10611
10612
10613
10614
10615
10616
10617
10618
10619
10620
10621
10622
10623
10624
10625
10626
10627
10628
10629
10630
10631
10632
10633
10634
10635
10636
10637
10638
10639
10640
10641
10642
10643
10644
10645
10646
10647
10648
10649
10650
10651
10652
10653
10654
10655
10656
10657
10658
10659
10660
10661
10662
10663
10664
10665
10666
10667
10668
10669
10670
10671
10672
10673
10674
10675
10676
10677
10678
10679
10680
10681
10682
10683
10684
10685
10686
10687
10688
10689
10690
10691
10692
10693
10694
10695
10696
10697
10698
10699
10700
10701
10702
10703
10704
10705
10706
10707
10708
10709
10710
10711
10712
10713
10714
10715
10716
10717
10718
10719
10720
10721
10722
10723
10724
10725
10726
10727
10728
10729
10730
10731
10732
10733
10734
10735
10736
10737
10738
10739
10740
10741
10742
10743
10744
10745
10746
10747
10748
10749
10750
10751
10752
10753
10754
10755
10756
10757
10758
10759
10760
10761
10762
10763
10764
10765
10766
10767
10768
10769
10770
10771
10772
10773
10774
10775
10776
10777
10778
10779
10780
10781
10782
10783
10784
10785
10786
10787
10788
10789
10790
10791
10792
10793
10794
10795
10796
10797
10798
10799
10800
10801
10803
10804
10805
10806
10807
10808
10809
10810
10811
10812
10813
10814
10815
10816
10817
10818
10819
10820
10821
10822
10823
10824
10825
10826
10827
10828
10829
10830
10831
10832
10833
10834
10835
10836
10837
10839
10840
10841
10842
10843
10844
10845
10846
10847
10848
10849
10850
10851
10852
10853
10854
10855
10856
10857
10858
10859
10860
10861
10862
10863
10864
10865
10866
10867
10868
10869
10870
10871
10872
10873
10874
10875
10876
10877
10878
10879
10880
10881
10882
10883
10884
10885
10886
10887
10888
10889
10890
10891
10892
10893
10894
10895
10896
10897
10898
10899
10900
10901
10902
10903
10904
10905
10906
10907
10908
10909
10910
10911
10912
10913
10914
10915
10916
10917
10918
10919
10920
10921
10922
10923
10924
10925
10926
10927
10928
10929
10930
10931
10932
10933
10934
10935
10936
10937
10938
10939
10940
10941
10942
10943
10944
10945
10946
10947
10948
10949
10950
10951
10952
10953
10954
10955
10956
10957
10958
10959
10960
10961
10962
10963
10964
10965
10966
10967
10968
10969
10970
10971
10972
10973
10974
10975
10976
10977
10978
10979
10980
10981
10982
10983
10984
10985
10986
10987
10988
10989
10990
10991
10992
10993
10994
10995
10996
10997
10998
10999
11000
11001
11002
11003
11004
11005
11006
11007
11008
11009
11010
11011
11012
11013
11014
11015
11016
11017
11018
11019
11020
11021
11022
11023
11024
11025
11026
11027
11028
11029
11030
11031
11032
11033
11034
11035
11036
11037
11038
11039
11040
11041
11042
11043
11044
11045
11046
11047
11048
11049
11050
11051
11052
11053
11054
11055
11056
11057
11058
11059
11060
11061
11062
11063
11064
11065
11066
11067
11068
11069
11070
11071
11072
11073
11074
11075
11076
11077
11078
11079
11080
11081
11082
11083
11084
11085
11086
11087
11088
11089
11090
11091
11092
11093
11094
11095
11096
11097
11098
11099
11100
11101
11102
11103
11104
11105
11106
11107
11108
11109
11110
11111
11112
11113
11114
11115
11116
11117
11118
11119
11120
11121
11122
11123
11124
11125
11126
11127
11128
11129
11130
11131
11132
11133
11134
11135
11136
11137
11138
11139
11140
11141
11142
11143
11144
11145
11146
11147
11148
11149
11150
11151
11152
11153
11154
11155
11156
11157
11158
11159
11160
11161
11162
11163
11164
11165
11166
11167
11168
11169
11170
11171
11172
11173
11174
11175
11176
11177
11178
11179
11180
11181
11182
11183
11184
11185
11186
11187
11188
11189
11190
11191
11192
11193
11194
11195
11196
11197
11198
11199
11200
11201
11202
11203
11204
11205
11206
11207
11208
11209
11210
11211
11212
11213
11214
11215
11216
11217
11218
11219
11220
11221
11222
11223
11224
11225
11226
11227
11228
11229
11230
11231
11232
11233
11234
11235
11236
11237
11238
11239
11240
11241
11242
11243
11244
11245
11246
11247
11248
11249
11250
11251
11252
11253
11254
11255
11256
11257
11258
11259
11260
11261
11262
11263
11264
11265
11266
11267
11268
11269
11270
11271
11272
11273
11274
11275
11276
11277
11278
11279
11280
11281
11282
11283
11284
11285
11286
11287
11288
11289
11290
11291
11292
11293
11294
11295
11296
11297
11298
11299
11300
11301
11302
11303
11304
11305
11306
11307
11308
11309
11310
11311
11312
11313
11314
11315
11316
11317
11318
11319
11320
11321
11322
11323
11324
11325
11326
11327
11328
11329
11330
11331
11332
11333
11334
11335
11336
11337
11338
11339
11340
11341
11342
11343
11344
11345
11346
11347
11348
11349
11350
11351
11352
11353
11354
11355
11356
11357
11358
11359
11360
11361
11362
11363
11364
11365
11366
11367
11368
11369
11370
11371
11372
11373
11374
11375
11376
11377
11378
11379
11380
11381
11382
11383
11384
11385
11386
11387
11388
11389
11390
11391
11392
11393
11394
11395
11396
11397
11398
11399
11400
11401
11402
11403
11404
11405
11406
11407
11408
11409
11410
11411
11412
11413
11414
11415
11416
11417
11418
11419
11420
11421
11422
11423
11424
11425
11426
11427
11428
11429
11430
11431
11432
11433
11434
11435
11436
11437
11438
11439
11440
11441
11442
11443
11444
11445
11446
11447
11448
11449
11450
11451
11452
11453
11454
11455
11456
11457
11458
11459
11460
11461
11462
11463
11464
11465
11466
11467
11468
11469
11470
11471
11472
11473
11474
11475
11476
11477
11478
11479
11480
11481
11482
11483
11484
11485
11486
11487
11488
11489
11490
11491
11492
11493
11494
11495
11496
11497
11498
11499
11500
11501
11502
11503
11504
11505
11506
11507
11508
11509
11510
11511
11512
11513
11514
11515
11516
11517
11518
11519
11520
11521
11522
11523
11524
11525
11526
11527
11528
11529
11530
11531
11532
11533
11534
11535
11536
11537
11538
11539
11540
11541
11542
11543
11544
11545
11546
11547
11548
11549
11550
11551
11552
11553
11554
11555
11556
11557
11558
11559
11560
11561
11562
11563
11564
11565
11566
11567
11568
11569
11570
11571
11572
11573
11574
11575
11576
11577
11578
11579
11580
11581
11582
11583
11584
11585
11586
11587
11588
11589
11590
11591
11592
11593
11594
11595
11596
11597
11598
11599
11600
11601
11602
11603
11604
11605
11606
11607
11608
11609
11610
11611
11612
11613
11614
11615
11616
11617
11618
11619
11620
11621
11622
11623
11624
11625
11626
11627
11628
11629
11630
11631
11632
11633
11634
11635
11636
11637
11638
11639
11640
11641
11642
11643
11644
11645
11646
11647
11648
11649
11650
11651
11652
11653
11654
11655
11656
11657
11658
11659
11660
11661
11662
11663
11664
11665
11666
11667
11668
11669
11670
11671
11672
11673
11674
11675
11676
11677
11678
11679
11680
11681
11682
11683
11684
11685
11686
11687
11688
11689
11690
11691
11692
11693
11694
11695
11696
11697
11698
11699
11700
11701
11702
11703
11704
11705
11706
11707
11708
11709
11710
11711
11712
11713
11714
11715
11716
11717
11718
11719
11720
11721
11722
11723
11724
11725
11726
11727
11728
11729
11730
11731
11732
11733
11734
11735
11736
11737
11738
11739
11740
11741
11742
11743
11744
11745
11746
11747
11748
11749
11750
11751
11752
11753
11754
11755
11756
11757
11758
11759
11760
11761
11762
11763
11764
11765
11766
11767
11768
11769
11770
11771
11772
11773
11774
11775
11776
11777
11778
11779
11780
11781
11782
11783
11784
11785
11786
11787
11788
11789
11790
11791
11792
11793
11794
11795
11796
11797
11798
11799
11800
11801
11802
11803
11804
11805
11806
11807
11808
11809
11810
11811
11812
11813
11814
11815
11816
11817
11818
11819
11820
11821
11822
11823
11824
11825
11826
11827
11828
11829
11830
11831
11832
11833
11834
11835
11836
11837
11838
11839
11840
11841
11842
11843
11844
11845
11846
11847
11848
11849
11850
11851
11852
11853
11854
11855
11856
11857
11858
11859
11860
11861
11862
11863
11864
11865
11866
11867
11868
11869
11870
11871
11872
11873
11874
11875
11876
11877
11878
11879
11880
11881
11882
11883
11884
11885
11886
11887
11888
11889
11890
11891
11892
11893
11894
11895
11896
11897
11898
11899
11900
11901
11902
11903
11904
11905
11906
11907
11908
11909
11910
11911
11912
11913
11914
11915
11916
11917
11918
11919
11920
11921
11922
11923
11924
11925
11926
11927
11928
11929
11930
11931
11932
11933
11934
11935
11936
11937
11938
11939
11940
11941
11942
11943
11944
11945
11946
11947
11948
11949
11950
11951
11952
11953
11954
11955
11956
11957
11958
11959
11960
11961
11962
11963
11964
11965
11966
11967
11968
11969
11970
11971
11972
11973
11974
11975
11976
11977
11978
11979
11980
11981
11982
11983
11984
11985
11986
11987
11988
11989
11990
11991
11992
11993
11994
11995
11996
11997
11998
11999
12000
12001
12002
12003
12004
12005
12006
12007
12008
12009
12010
12011
12012
12013
12014
12015
12016
12017
12018
12019
12020
12021
12022
12023
12024
12025
12026
12027
12028
12029
12030
12031
12032
12033
12034
12035
12036
12037
12038
12039
12040
12041
12042
12043
12044
12045
12046
12047
12048
12049
12050
12051
12052
12053
12054
12055
12056
12057
12058
12059
12060
12061
12062
12063
12064
12065
12066
12067
12068
12069
12070
12071
12072
12073
12074
12075
12076
12077
12078
12079
12080
12081
12082
12083
12084
12085
12086
12087
12088
12089
12090
12091
12092
12093
12094
12095
12096
12097
12098
12099
12100
12101
12102
12103
12104
12105
12106
12107
12108
12109
12110
12111
12112
12113
12114
12115
12116
12117
12118
12119
12120
12121
12122
12123
12124
12125
12126
12127
12128
12129
12130
12131
12132
12133
12134
12135
12136
12137
12138
12139
12140
12141
12142
12143
12144
12145
12146
12147
12148
12149
12150
12151
12152
12153
12154
12155
12156
12157
12158
12159
12160
12161
12162
12163
12164
12165
12166
12167
12168
12169
12170
12171
12172
12173
12174
12175
12176
12177
12178
12179
12180
12181
12182
12183
12184
12185
12186
12187
12188
12189
12190
12191
12192
12193
12194
12195
12196
12197
12198
12199
12200
12201
12202
12203
12204
12205
12206
12207
12208
12209
12210
12211
12212
12213
12214
12215
12216
12217
12218
12219
12220
12221
12222
12223
12224
12225
12226
12227
12228
12229
12230
12231
12232
12233
12234
12235
12236
12237
12238
12239
12240
12241
12242
12243
12244
12245
12246
12247
12248
12249
12250
12251
12252
12253
12254
12255
12256
12257
12258
12259
12260
12261
12262
12263
12264
12265
12266
12267
12268
12269
12270
12271
12272
12273
12274
12275
12276
12277
12278
12279
12280
12281
12282
12283
12284
12285
12286
12287
12288
12289
12290
12291
12292
12293
12294
12295
12296
12297
12298
12299
12300
12301
12302
12303
12304
12305
12306
12307
12308
12309
12310
12311
12312
12313
12314
12315
12316
12317
12318
12319
12320
12321
12322
12323
12324
12325
12326
12327
12328
12329
12330
12331
12332
12333
12334
12335
12336
12337
12338
12339
12340
12341
12342
12343
12344
12345
12346
12347
12348
12349
12350
12351
12352
12353
12354
12355
12356
12357
12358
12359
12360
12361
12362
12363
12364
12365
12366
12367
12368
12369
12370
12371
12372
12373
12374
12375
12376
12377
12378
12379
12380
12381
12382
12383
12384
12385
12386
12387
12388
12389
12390
12391
12392
12393
12394
12395
12396
12397
12398
12399
12400
12401
12402
12403
12404
12405
12406
12407
12408
12409
12410
12411
12412
12413
12414
12415
12416
12417
12418
12419
12420
12421
12422
12423
12424
12425
12426
12427
12428
12429
12430
12431
12432
12433
12434
12435
12436
12437
12438
12439
12440
12441
12442
12443
12444
12445
12446
12447
12448
12449
12450
12451
12452
12453
12454
12455
12456
12457
12458
12459
12460
12461
12462
12463
12464
12465
12466
12467
12468
12469
12470
12471
12472
12473
12474
12475
12476
12477
12478
12479
12480
12481
12482
12483
12484
12485
12486
12487
12488
12489
12490
12491
12492
12493
12494
12495
12496
12497
12498
12499
12500
12501
12502
12503
12504
12505
12506
12507
12508
12509
12510
12511
12512
12513
12514
12515
12516
12517
12518
12519
12520
12521
12522
12523
12524
12525
12526
12527
12528
12529
12530
12531
12532
12533
12534
12535
12536
12537
12538
12539
12540
12541
12542
12543
12544
12545
12546
12547
12548
12549
12550
12551
12552
12553
12554
12555
12556
12557
12558
12559
12560
12561
12562
12563
12564
12565
12566
12567
12568
12569
12570
12571
12572
12573
12574
12575
12576
12577
12578
12579
12580
12581
12582
12583
12584
12585
12586
12587
12588
12589
12590
12591
12592
12593
12594
12595
12596
12597
12598
12599
12600
12601
12602
12603
12604
12605
12606
12607
12608
12609
12610
12611
12612
12613
12614
12615
12616
12617
12618
12619
12620
12621
12622
12623
12624
12625
12626
12627
12628
12629
12630
12631
12632
12633
12634
12635
12636
12637
12638
12639
12640
12641
12642
12643
12644
12645
12646
12647
12648
12649
12650
12651
12652
12653
12654
12655
12656
12657
12658
12659
12660
12661
12662
12663
12664
12665
12666
12667
12668
12669
12670
12671
12672
12673
12674
12675
12676
12677
12678
12679
12680
12681
12682
12683
12684
12685
12686
12687
12688
12689
12690
12691
12692
12693
12694
12695
12696
12697
12698
12699
12700
12701
12702
12703
12704
12705
12706
12707
12708
12709
12710
12711
12712
12713
12714
12715
12716
12717
12718
12719
12720
12721
12722
12723
12724
12725
12726
12727
12728
12729
12730
12731
12732
12733
12734
12735
12736
12737
12738
12739
12740
12741
12742
12743
12744
12745
12746
12747
12748
12749
12750
12751
12752
12753
12754
12755
12756
12757
12758
12759
12760
12761
12762
12763
12764
12765
12766
12767
12768
12769
12770
12771
12772
12773
12774
12775
12776
12777
12778
12779
12780
12781
12782
12784
12785
12786
12787
12788
12789
12790
12791
12792
12793
12794
12795
12796
12797
12798
12799
12800
12801
12802
12803
12804
12805
12806
12807
12808
12809
12810
12811
12812
12813
12814
12815
12816
12817
12818
12819
12820
12821
12822
12823
12824
12825
12826
12827
12828
12829
12830
12831
12832
12833
12834
12835
12836
12837
12838
12839
12840
12841
12842
12843
12844
12845
12846
12847
12848
12849
12850
12851
12852
12853
12854
12855
12856
12857
12858
12859
12860
12861
12862
12863
12864
12865
12866
12867
12868
12869
12870
12871
12872
12873
12874
12875
12876
12877
12878
12879
12880
12881
12882
12883
12884
12885
12886
12887
12888
12889
12890
12891
12892
12893
12894
12895
12896
12897
12898
12899
12900
12901
12902
12903
12904
12905
12906
12907
12908
12909
12910
12911
12912
12913
12914
12915
12916
12917
12918
12919
12920
12921
12922
12923
12924
12925
12926
12927
12928
12929
12930
12931
12932
12933
12934
12935
12936
12937
12938
12939
12940
12941
12942
12943
12944
12945
12946
12947
12948
12949
12950
12951
12952
12953
12954
12955
12956
12957
12958
12959
12960
12961
12962
12963
12964
12965
12966
12967
12968
12969
12970
12971
12972
12973
12974
12975
12976
12977
12978
12979
12980
12981
12982
12983
12984
12985
12986
12987
12988
12989
12990
12991
12992
12993
12994
12995
12996
12997
12998
12999
13000
13001
13002
13003
13004
13005
13006
13007
13008
13009
13010
13011
13012
13013
13014
13015
13016
13017
13018
13019
13020
13021
13022
13023
13024
13025
13026
13027
13028
13029
13030
13031
13032
13033
13034
13035
13036
13037
13038
13039
13040
13041
13042
13043
13044
13045
13046
13047
13048
13049
13050
13051
13052
13053
13054
13055
13056
13057
13058
13059
13060
13061
13062
13063
13064
13065
13066
13067
13068
13069
13070
13071
13072
13073
13074
13075
13076
13077
13078
13079
13080
13081
13082
13083
13084
13085
13086
13087
13088
13089
13090
13091
13092
13093
13094
13095
13096
13097
13098
13099
13100
13101
13102
13103
13104
13105
13106
13107
13108
13109
13110
13111
13112
13113
13114
13115
13116
13117
13118
13119
13120
13121
13122
13123
13124
13125
13126
13127
13128
13129
13130
13131
13132
13133
13134
13135
13136
13137
13138
13139
13140
13141
13142
13143
13144
13145
13146
13147
13148
13149
13150
13151
13152
13153
13154
13155
13156
13157
13158
13159
13160
13161
13162
13163
13164
13165
13166
13167
13168
13169
13170
13171
13172
13173
13175
13176
13177
13178
13179
13180
13181
13182
13183
13184
13185
13186
13187
13188
13189
13190
13191
13192
13193
13194
13195
13196
13197
13198
13199
13200
13201
13202
13203
13204
13205
13206
13207
13208
13209
13210
13211
13212
13213
13214
13215
13216
13217
13218
13219
13220
13221
13222
13223
13224
13225
13226
13227
13228
13229
13230
13231
13232
13233
13234
13235
13236
13237
13238
13239
13240
13241
13242
13243
13244
13245
13246
13247
13248
13249
13250
13251
13252
13253
13254
13255
13256
13257
13258
13259
13260
13261
13262
13263
13264
13265
13266
13267
13268
13269
13270
13271
13272
13273
13274
13275
13276
13277
13278
13279
13280
13281
13282
13283
13284
13285
13286
13287
13288
13289
13290
13291
13292
13293
13294
13295
13296
13297
13298
13299
13300
13301
13302
13303
13304
13305
13306
13307
13308
13309
13310
13311
13312
13313
13314
13315
13316
13317
13318
13319
13320
13321
13322
13323
13324
13325
13326
13327
13328
13329
13330
13331
13332
13333
13334
13335
13336
13337
13338
13339
13340
13341
13342
13343
13344
13345
13346
13347
13348
13349
13350
13351
13352
13353
13354
13355
13356
13357
13358
13359
13360
13361
13362
13363
13364
13365
13366
13367
13368
13369
13370
13371
13372
13373
13374
13375
13376
13377
13378
13379
13380
13381
13382
13383
13384
13385
13386
13387
13388
13389
13390
13391
13392
13393
13394
13395
13396
13397
13398
13399
13400
13401
13402
13403
13404
13405
13406
13407
13408
13409
13410
13411
13412
13413
13414
13415
13416
13417
13418
13419
13420
13421
13422
13423
13424
13425
13426
13427
13428
13429
13430
13431
13432
13433
13434
13435
13436
13437
13438
13439
13440
13441
13442
13443
13444
13445
13446
13447
13448
13449
13450
13451
13452
13453
13454
13455
13456
13457
13458
13459
13460
13461
13462
13463
13464
13465
13466
13467
13468
13469
13470
13471
13472
13473
13474
13475
13476
13477
13478
13479
13480
13481
13482
13483
13484
13485
13486
13487
13488
13489
13490
13491
13492
13493
13494
13495
13496
13497
13498
13499
13500
13501
13502
13503
13504
13505
13506
13507
13508
13509
13510
13511
13512
13513
13514
13515
13516
13517
13518
13519
13520
13521
13522
13523
13524
13525
13526
13527
13528
13529
13530
13531
13532
13533
13534
13535
13536
13537
13538
13539
13540
13541
13542
13543
13544
13545
13546
13547
13548
13549
13550
13551
13552
13553
13554
13555
13556
13557
13558
13559
13560
13561
13562
13563
13564
13565
13566
13567
13568
13569
13570
13571
13572
13573
13574
13575
13576
13577
13578
13579
13580
13581
13582
13583
13584
13585
13586
13587
13588
13589
13590
13591
13592
13593
13594
13595
13596
13597
13598
13599
13600
13601
13602
13603
13604
13605
13606
13607
13608
13609
13610
13611
13612
13613
13614
13615
13616
13617
13618
13619
13620
13621
13622
13623
13624
13625
13626
13627
13628
13629
13630
13631
13632
13633
13634
13635
13636
13637
13638
13639
13640
13641
13642
13643
13644
13645
13646
13647
13648
13649
13650
13651
13652
13653
13654
13655
13656
13657
13658
13659
13660
13661
13662
13663
13664
13665
13666
13667
13668
13669
13670
13671
13672
13673
13674
13675
13676
13677
13678
13679
13680
13681
13682
13683
13684
13685
13686
13687
13688
13689
13690
13691
13692
13693
13694
13695
13696
13697
13698
13699
13700
13701
13702
13703
13704
13705
13706
13707
13708
13709
13710
13711
13712
13713
13714
13715
13716
13717
13718
13719
13720
13721
13722
13723
13724
13725
13726
13727
13728
13729
13730
13731
13732
13733
13734
13735
13736
13737
13738
13739
13740
13741
13742
13743
13744
13745
13746
13747
13748
13749
13750
13751
13752
13753
13754
13755
13756
13757
13758
13759
13760
13761
13762
13763
13764
13765
13766
13767
13768
13769
13770
13771
13772
13773
13774
13775
13776
13777
13778
13779
13780
13781
13782
13783
13784
13785
13786
13787
13788
13789
13790
13791
13792
13793
13794
13795
13796
13797
13798
13799
13800
13801
13802
13803
13804
13805
13806
13807
13808
13809
13810
13811
13812
13813
13814
13815
13816
13817
13818
13819
13820
13821
13822
13823
13824
13825
13826
13827
13828
13829
13830
13831
13832
13833
13834
13835
13836
13837
13838
13839
13840
13841
13842
13843
13844
13845
13846
13847
13848
13849
13850
13851
13852
13853
13854
13855
13856
13857
13858
13859
13860
13861
13862
13863
13864
13865
13866
13867
13868
13869
13870
13871
13872
13873
13874
13875
13876
13877
13878
13879
13880
13881
13882
13883
13884
13885
13886
13887
13888
13889
13890
13891
13892
13893
13894
13895
13896
13897
13898
13899
13900
13901
13902
13903
13904
13905
13906
13907
13908
13909
13910
13911
13912
13913
13914
13915
13916
13917
13918
13919
13920
13921
13922
13923
13924
13925
13926
13927
13928
13929
13930
13931
13932
13933
13934
13935
13936
13937
13938
13939
13940
13941
13942
13943
13944
13945
13946
13947
13948
13949
13950
13951
13952
13953
13954
13955
13957
13958
13959
13960
13961
13962
13963
13964
13965
13966
13967
13968
13969
13970
13971
13972
13973
13974
13975
13976
13977
13978
13979
13980
13981
13982
13983
13984
13985
13986
13987
13988
13989
13990
13991
13992
13993
13994
13995
13996
13997
13998
13999
14000
14001
14002
14003
14004
14005
14006
14007
14008
14009
14010
14011
14012
14013
14014
14015
14016
14017
14018
14019
14020
14021
14022
14023
14024
14025
14026
14027
14028
14029
14030
14031
14032
14033
14034
14035
14036
14037
14038
14039
14040
14041
14042
14043
14044
14045
14046
14047
14048
14049
14050
14051
14053
14054
14055
14056
14057
14058
14059
14060
14061
14062
14063
14064
14065
14066
14067
14068
14069
14070
14071
14072
14073
14074
14075
14076
14077
14078
14079
14080
14081
14082
14083
14084
14085
14086
14087
14088
14089
14090
14091
14092
14093
14094
14095
14096
14097
14098
14099
14100
14101
14102
14103
14104
14105
14106
14107
14108
14109
14110
14111
14112
14113
14114
14115
14116
14117
14118
14119
14120
14121
14122
14123
14124
14125
14126
14127
14128
14129
14130
14131
14132
14133
14134
14135
14136
14137
14138
14139
14141
14142
14143
14144
14145
14146
14147
14148
14149
14150
14151
14152
14153
14154
14155
14156
14157
14158
14159
14160
14161
14162
14163
14164
14165
14166
14167
14168
14169
14170
14171
14172
14173
14174
14175
14176
14177
14178
14179
14180
14181
14182
14183
14184
14185
14186
14187
14188
14189
14190
14191
14192
14193
14194
14195
14196
14197
14198
14199
14200
14201
14202
14203
14204
14205
14206
14207
14208
14209
14210
14211
14212
14213
14214
14215
14216
14217
14218
14219
14220
14221
14222
14223
14224
14225
14226
14227
14228
14229
14230
14231
14232
14233
14234
14235
14236
14237
14238
14239
14240
14241
14242
14243
14244
14245
14246
14247
14248
14249
14250
14251
14252
14253
14254
14255
14256
14257
14258
14259
14260
14261
14262
14263
14264
14265
14266
14267
14268
14269
14270
14271
14272
14273
14274
14275
14276
14277
14278
14279
14280
14281
14282
14283
14284
14285
14286
14287
14288
14289
14290
14291
14292
14293
14294
14295
14296
14297
14298
14299
14300
14301
14302
14303
14304
14305
14306
14307
14308
14309
14310
14311
14312
14313
14314
14315
14316
14317
14318
14319
14320
14321
14322
14323
14324
14325
14326
14327
14328
14329
14330
14331
14332
14333
14334
14335
14336
14337
14338
14339
14340
14341
14342
14343
14344
14345
14346
14347
14348
14349
14350
14351
14352
14353
14354
14355
14356
14357
14358
14359
14360
14361
14362
14363
14364
14365
14366
14367
14368
14369
14370
14371
14372
14373
14374
14375
14376
14377
14378
14379
14380
14381
14382
14383
14384
14385
14386
14387
14388
14389
14390
14391
14392
14393
14394
14395
14396
14397
14398
14399
14400
14401
14402
14403
14404
14405
14406
14407
14408
14409
14410
14411
14412
14413
14414
14415
14416
14417
14418
14419
14420
14421
14422
14423
14424
14425
14426
14427
14428
14429
14430
14431
14432
14433
14434
14435
14436
14437
14438
14439
14440
14441
14442
14443
14444
14445
14446
14447
14448
14449
14450
14451
14452
14453
14454
14455
14456
14457
14458
14459
14460
14461
14462
14463
14464
14465
14466
14467
14468
14469
14470
14471
14472
14473
14474
14475
14476
14477
14478
14479
14480
14481
14482
14483
14484
14485
14486
14487
14488
14489
14490
14492
14493
14494
14495
14496
14497
14498
14499
14500
14501
14502
14503
14504
14505
14506
14507
14508
14509
14511
14512
14513
14514
14515
14516
14517
14518
14519
14520
14521
14522
14523
14524
14525
14526
14527
14528
14529
14530
14531
14532
14533
14534
14535
14536
14537
14538
14539
14540
14541
14542
14543
14544
14545
14546
14547
14548
14549
14550
14551
14552
14553
14554
14555
14556
14557
14558
14559
14560
14561
14562
14563
14564
14565
14566
14567
14568
14569
14570
14571
14572
14573
14574
14575
14576
14577
14578
14579
14580
14581
14582
14583
14584
14585
14586
14587
14588
14589
14590
14591
14592
14593
14594
14595
14596
14597
14598
14599
14600
14601
14602
14603
14604
14605
14606
14607
14608
14609
14610
14611
14612
14613
14614
14615
14616
14617
14618
14619
14620
14621
14622
14623
14624
14625
14626
14627
14628
14629
14630
14631
14632
14633
14634
14635
14636
14637
14638
14639
14640
14641
14642
14643
14644
14645
14646
14647
14648
14649
14650
14651
14652
14653
14654
14655
14656
14657
14658
14659
14660
14661
14662
14663
14664
14665
14666
14667
14668
14669
14670
14671
14672
14673
14674
14675
14676
14677
14678
14679
14680
14681
14682
14683
14684
14685
14687
14688
14689
14690
14691
14692
14693
14694
14695
14696
14697
14698
14699
14700
14701
14702
14703
14704
14705
14706
14707
14708
14709
14710
14711
14712
14713
14714
14715
14716
14717
14718
14719
14720
14721
14722
14723
14724
14725
14726
14727
14728
14729
14730
14731
14732
14733
14734
14735
14736
14737
14738
14739
14740
14741
14742
14743
14744
14745
14746
14747
14748
14749
14750
14751
14752
14753
14754
14755
14756
14757
14758
14759
14760
14761
14762
14763
14764
14765
14766
14767
14768
14769
14770
14771
14772
14773
14774
14775
14776
14777
14778
14779
14780
14781
14782
14783
14784
14785
14786
14787
14788
14789
14790
14791
14792
14793
14794
14795
14796
14797
14798
14799
14800
14801
14802
14803
14804
14805
14806
14807
14808
14809
14810
14811
14812
14813
14814
14815
14816
14817
14818
14819
14820
14821
14822
14823
14824
14825
14826
14827
14828
14829
14830
14831
14832
14833
14834
14835
14836
14837
14838
14839
14840
14841
14842
14843
14844
14845
14846
14847
14848
14849
14850
14851
14852
14853
14854
14855
14856
14857
14858
14859
14860
14861
14862
14863
14864
14865
14866
14867
14868
14869
14870
14871
14872
14873
14874
14875
14876
14877
14878
14879
14880
14881
14882
14883
14884
14885
14886
14887
14888
14889
14890
14891
14892
14893
14894
14895
14896
14897
14898
14899
14900
14901
14902
14903
14904
14905
14906
14907
14908
14909
14910
14911
14912
14913
14914
14915
14916
14917
14918
14919
14920
14921
14922
14923
14924
14925
14926
14927
14928
14929
14930
14931
14932
14933
14934
14935
14936
14937
14938
14939
14940
14941
14942
14943
14944
14946
14947
14948
14949
14950
14951
14952
14953
14954
14955
14956
14957
14958
14959
14960
14961
14962
14963
14964
14965
14966
14967
14968
14969
14970
14971
14972
14973
14974
14975
14976
14977
14978
14979
14980
14981
14982
14983
14984
14985
14986
14987
14988
14989
14990
14991
14992
14993
14994
14995
14996
14997
14998
14999
15000
15001
15002
15003
15004
15005
15006
15007
15008
15009
15010
15011
15012
15013
15014
15015
15016
15017
15018
15019
15020
15021
15022
15023
15024
15025
15026
15027
15028
15029
15030
15031
15032
15033
15034
15035
15036
15037
15038
15039
15040
15041
15042
15043
15044
15045
15046
15047
15048
15049
15050
15051
15052
15053
15054
15055
15056
15057
15058
15059
15060
15061
15062
15063
15064
15065
15066
15067
15068
15069
15070
15071
15072
15073
15074
15075
15076
15077
15078
15079
15080
15081
15082
15083
15084
15085
15086
15087
15088
15089
15090
15091
15092
15093
15094
15095
15096
15097
15098
15099
15100
15101
15102
15103
15104
15105
15106
15107
15108
15109
15110
15111
15112
15113
15114
15115
15116
15117
15118
15119
15120
15121
15122
15123
15124
15125
15126
15127
15128
15129
15130
15131
15132
15133
15134
15135
15136
15137
15138
15139
15140
15141
15142
15143
15144
15145
15146
15147
15148
15149
15150
15151
15152
15153
15154
15155
15156
15157
15158
15159
15160
15161
15162
15163
15164
15165
15166
15167
15168
15169
15170
15171
15172
15173
15174
15175
15176
15177
15178
15179
15180
15181
15182
15183
15184
15185
15186
15187
15188
15189
15190
15191
15192
15193
15194
15195
15196
15197
15198
15199
15200
15201
15202
15203
15204
15205
15206
15207
15208
15209
15210
15211
15212
15213
15214
15215
15216
15217
15218
15219
15220
15221
15222
15223
15224
15225
15226
15227
15228
15229
15230
15231
15232
15233
15234
15235
15236
15237
15238
15239
15240
15241
15242
15243
15244
15245
15246
15247
15248
15249
15250
15251
15252
15253
15254
15255
15256
15257
15258
15259
15260
15261
15262
15263
15264
15265
15266
15267
15268
15269
15270
15271
15272
15273
15274
15275
15276
15277
15278
15279
15280
15281
15282
15283
15284
15285
15286
15287
15288
15289
15290
15291
15292
15293
15294
15295
15296
15297
15298
15299
15300
15301
15302
15303
15304
15305
15306
15307
15308
15309
15310
15311
15312
15313
15314
15315
15316
15317
15318
15319
15320
15321
15322
15323
15324
15325
15326
15327
15328
15329
15330
15331
15332
15333
15334
15335
15336
15337
15338
15339
15340
15341
15342
15343
15344
15345
15346
15347
15348
15349
15350
15351
15352
15353
15354
15355
15356
15357
15358
15359
15360
15361
15362
15363
15364
15365
15366
15367
15368
15369
15370
15371
15372
15373
15374
15375
15376
15377
15378
15379
15380
15381
15382
15383
15384
15385
15386
15387
15388
15389
15390
15391
15392
15393
15394
15395
15396
15397
15398
15399
15400
15401
15402
15403
15404
15405
15406
15407
15408
15409
15410
15411
15412
15413
15414
15415
15416
15417
15418
15419
15420
15421
15422
15423
15424
15425
15426
15427
15428
15429
15430
15431
15432
15433
15435
15436
15437
15438
15439
15440
15441
15442
15443
15444
15445
15446
15447
15448
15449
15450
15451
15452
15453
15454
15455
15456
15458
15459
15460
15461
15462
15463
15464
15465
15466
15467
15468
15469
15470
15471
15472
15473
15474
15475
15476
15477
15478
15479
15480
15481
15482
15483
15484
15485
15486
15487
15488
15489
15490
15491
15492
15493
15494
15495
15496
15497
15498
15499
15500
15501
15502
15503
15504
15505
15506
15507
15508
15509
15510
15511
15512
15513
15514
15515
15516
15517
15518
15519
15520
15521
15522
15523
15524
15525
15526
15527
15528
15529
15530
15531
15532
15533
15534
15535
15536
15537
15538
15539
15540
15541
15542
15543
15544
15545
15546
15547
15548
15549
15550
15551
15552
15553
15554
15555
15556
15557
15558
15559
15560
15561
15562
15563
15564
15565
15566
15567
15568
15569
15570
15571
15572
15573
15574
15575
15576
15577
15578
15579
15580
15581
15582
15583
15584
15585
15586
15587
15588
15589
15590
15591
15592
15593
15594
15595
15596
15597
15598
15599
15600
15601
15602
15603
15604
15605
15606
15607
15608
15609
15610
15611
15612
15613
15614
15615
15616
15617
15618
15619
15620
15621
15622
15623
15624
15625
15626
15627
15628
15629
15630
15631
15632
15633
15634
15635
15636
15637
15638
15639
15640
15641
15642
15643
15644
15645
15646
15647
15648
15649
15650
15651
15652
15653
15654
15655
15656
15657
15658
15659
15660
15661
15662
15663
15664
15665
15666
15667
15668
15669
15670
15671
15672
15673
15674
15675
15676
15677
15678
15679
15680
15681
15682
15683
15684
15685
15686
15687
15688
15689
15690
15691
15692
15693
15694
15695
15696
15697
15698
15699
15700
15701
15702
15703
15704
15705
15706
15707
15708
15709
15710
15711
15712
15713
15714
15715
15716
15717
15718
15719
15720
15721
15722
15723
15724
15725
15726
15727
15728
15729
15730
15731
15732
15733
15734
15735
15736
15737
15738
15739
15740
15741
15742
15743
15744
15745
15746
15747
15748
15749
15750
15751
15752
15753
15754
15755
15756
15758
15759
15760
15761
15762
15763
15764
15765
15766
15767
15768
15769
15770
15771
15772
15773
15774
15775
15776
15777
15778
15779
15780
15781
15782
15783
15784
15785
15786
15787
15788
15789
15790
15791
15792
15793
15794
15795
15796
15797
15798
15799
15800
15801
15802
15803
15804
15805
15806
15807
15808
15809
15810
15811
15812
15813
15814
15815
15816
15817
15818
15819
15820
15821
15822
15823
15824
15825
15826
15827
15828
15829
15830
15831
15832
15833
15834
15835
15836
15837
15838
15839
15840
15841
15842
15843
15844
15845
15846
15847
15848
15849
15850
15851
15852
15853
15854
15855
15856
15857
15858
15859
15860
15861
15862
15863
15864
15865
15866
15867
15868
15869
15870
15871
15872
15873
15874
15875
15876
15877
15878
15879
15880
15881
15882
15883
15884
15885
15886
15887
15888
15889
15890
15891
15892
15893
15894
15895
15896
15897
15898
15899
15900
15901
15902
15903
15904
15905
15906
15907
15908
15909
15910
15911
15912
15913
15914
15915
15916
15917
15918
15919
15920
15921
15922
15923
15924
15925
15926
15927
15928
15929
15930
15931
15932
15933
15934
15935
15936
15937
15938
15939
15940
15941
15942
15943
15944
15945
15946
15947
15948
15949
15950
15951
15952
15953
15954
15955
15956
15957
15958
15959
15960
15961
15962
15963
15964
15965
15966
15967
15968
15969
15970
15971
15972
15973
15974
15975
15976
15977
15978
15979
15980
15981
15982
15983
15984
15985
15986
15987
15988
15989
15990
15991
15992
15993
15994
15995
15996
15997
15998
15999
16000
16001
16002
16003
16004
16005
16006
16007
16008
16009
16010
16011
16012
16013
16014
16015
16016
16017
16018
16019
16020
16021
16022
16023
16024
16025
16026
16027
16028
16029
16030
16031
16032
16033
16034
16035
16036
16037
16038
16039
16040
16041
16042
16043
16044
16045
16046
16047
16048
16049
16050
16051
16052
16053
16054
16055
16056
16057
16058
16059
16060
16061
16062
16063
16064
16065
16066
16067
16068
16069
16070
16071
16073
16074
16075
16076
16077
16078
16079
16080
16081
16082
16083
16084
16085
16086
16087
16088
16089
16090
16091
16092
16093
16094
16095
16096
16097
16098
16099
16100
16101
16102
16103
16104
16105
16106
16107
16108
16109
16110
16111
16112
16113
16114
16115
16116
16117
16118
16119
16120
16121
16122
16123
16124
16125
16126
16127
16128
16129
16130
16131
16132
16133
16134
16135
16136
16137
16138
16139
16140
16141
16142
16143
16144
16145
16146
16147
16148
16149
16150
16151
16152
16153
16154
16155
16156
16157
16158
16159
16160
16161
16162
16163
16164
16165
16166
16167
16168
16169
16170
16171
16172
16173
16174
16175
16176
16177
16178
16179
16180
16181
16182
16183
16184
16185
16186
16187
16188
16189
16190
16191
16192
16193
16194
16195
16196
16197
16198
16199
16200
16201
16202
16203
16204
16205
16206
16207
16208
16209
16210
16211
16212
16213
16214
16215
16216
16217
16218
16219
16220
16221
16222
16223
16224
16225
16226
16227
16228
16229
16230
16231
16232
16233
16234
16235
16236
16237
16238
16239
16240
16241
16242
16243
16244
16245
16246
16247
16248
16249
16250
16251
16252
16253
16254
16256
16257
16258
16260
16261
16262
16263
16264
16265
16266
16267
16268
16269
16270
16271
16272
16273
16274
16275
16276
16277
16278
16279
16280
16281
16282
16283
16284
16285
16287
16288
16289
16290
16291
16292
16293
16294
16295
16296
16297
16298
16299
16300
16301
16302
16303
16304
16305
16306
16307
16308
16309
16310
16311
16312
16313
16314
16315
16316
16317
16318
16319
16320
16321
16322
16323
16324
16325
16326
16327
16328
16329
16330
16331
16332
16333
16334
16335
16336
16337
16338
16339
16340
16341
16342
16343
16344
16345
16346
16347
16348
16349
16350
16351
16352
16353
16354
16355
16356
16357
16358
16359
16360
16361
16362
16363
16364
16365
16366
16367
16368
16369
16370
16371
16372
16373
16374
16375
16376
16377
16378
16379
16380
16381
16382
16383
16384
16385
16386
16387
16388
16389
16390
16391
16392
16393
16394
16395
16396
16397
16398
16399
16400
16401
16402
16403
16404
16405
16406
16407
16408
16409
16410
16411
16412
16413
16414
16415
16416
16417
16418
16419
16420
16421
16422
16423
16424
16425
16426
16427
16428
16429
16430
16431
16432
16433
16434
16435
16436
16437
16438
16439
16440
16441
16442
16443
16444
16445
16446
16447
16448
16449
16450
16451
16452
16453
16454
16455
16456
16457
16458
16459
16460
16461
16462
16463
16464
16465
16466
16467
16468
16469
16470
16471
16472
16473
16474
16475
16476
16477
16478
16479
16480
16481
16482
16483
16484
16485
16486
16487
16488
16489
16490
16491
16492
16493
16494
16495
16496
16497
16498
16499
16500
16501
16502
16503
16504
16505
16506
16507
16508
16509
16510
16511
16512
16513
16514
16515
16516
16517
16518
16519
16520
16521
16522
16523
16524
16525
16526
16527
16528
16529
16530
16531
16532
16533
16534
16535
16536
16537
16538
16539
16540
16541
16542
16543
16544
16545
16546
16547
16548
16549
16550
16551
16552
16553
16554
16555
16556
16557
16558
16559
16560
16561
16562
16563
16564
16565
16566
16567
16568
16569
16570
16571
16572
16573
16574
16575
16576
16577
16578
16579
16580
16581
16582
16583
16584
16585
16586
16587
16588
16589
16590
16591
16592
16593
16594
16595
16596
16597
16598
16599
16600
16601
16602
16603
16604
16605
16606
16607
16608
16609
16610
16611
16612
16613
16614
16615
16616
16617
16618
16619
16620
16621
16622
16623
16624
16625
16626
16627
16628
16629
16630
16631
16632
16633
16634
16635
16636
16637
16638
16639
16640
16641
16642
16643
16644
16645
16646
16647
16648
16649
16650
16651
16652
16653
16654
16655
16656
16657
16658
16659
16660
16661
16662
16663
16664
16665
16666
16667
16668
16669
16670
16671
16672
16673
16674
16675
16676
16677
16678
16679
16680
16681
16682
16683
16684
16685
16686
16687
16688
16689
16690
16691
16692
16693
16694
16695
16696
16697
16698
16699
16700
16701
16702
16703
16704
16705
16706
16707
16708
16709
16710
16711
16712
16713
16714
16715
16716
16717
16718
16719
16720
16721
16722
16723
16724
16725
16726
16727
16728
16729
16730
16731
16732
16733
16734
16735
16736
16737
16738
16739
16740
16741
16742
16743
16744
16745
16746
16747
16748
16749
16750
16751
16752
16753
16754
16755
16756
16757
16758
16759
16760
16761
16762
16763
16764
16765
16766
16767
16768
16769
16770
16771
16772
16773
16774
16775
16776
16777
16778
16779
16780
16781
16782
16783
16784
16785
16786
16787
16788
16789
16790
16791
16792
16793
16794
16795
16796
16797
16798
16799
16800
16801
16802
16803
16804
16805
16806
16807
16808
16809
16810
16811
16812
16813
16814
16815
16816
16817
16818
16819
16820
16821
16822
16823
16824
16825
16826
16827
16828
16829
16830
16831
16832
16833
16834
16835
16836
16837
16838
16839
16840
16841
16842
16843
16844
16845
16846
16847
16848
16849
16850
16851
16852
16853
16854
16855
16856
16857
16858
16859
16860
16861
16862
16863
16864
16865
16866
16867
16868
16869
16870
16871
16872
16873
16874
16875
16876
16877
16878
16879
16880
16881
16882
16883
16884
16885
16886
16887
16888
16889
16890
16891
16892
16893
16894
16895
16896
16897
16898
16899
16900
16901
16902
16903
16904
16905
16906
16907
16908
16909
16910
16911
16912
16913
16914
16915
16916
16917
16918
16919
16920
16921
16922
16923
16924
16925
16926
16927
16928
16929
16930
16931
16932
16933
16934
16935
16936
16937
16938
16939
16940
16941
16942
16943
16944
16945
16946
16947
16948
16949
16950
16951
16952
16953
16954
16955
16956
16957
16958
16959
16960
16961
16962
16963
16964
16965
16966
16967
16968
16969
16970
16971
16972
16973
16974
16975
16976
16977
16978
16979
16980
16981
16982
16983
16984
16985
16986
16987
16988
16989
16990
16991
16992
16993
16994
16995
16996
16997
16998
16999
17000
17001
17002
17003
17004
17005
17006
17007
17008
17009
17010
17011
17012
17013
17014
17015
17016
17017
17018
17019
17020
17021
17022
17023
17024
17025
17026
17027
17028
17029
17030
17031
17032
17033
17034
17035
17036
17037
17038
17039
17040
17041
17042
17043
17044
17045
17046
17047
17048
17049
17050
17051
17052
17053
17054
17055
17056
17057
17058
17059
17060
17061
17062
17063
17064
17065
17066
17067
17068
17069
17070
17071
17072
17073
17074
17075
17076
17077
17078
17079
17080
17081
17082
17083
17084
17085
17086
17087
17088
17089
17090
17091
17092
17093
17094
17095
17096
17097
17098
17099
17100
17101
17102
17103
17104
17105
17106
17107
17108
17109
17110
17111
17112
17113
17114
17115
17116
17117
17118
17119
17120
17121
17122
17123
17124
17125
17126
17127
17128
17129
17130
17131
17132
17133
17134
17135
17136
17137
17138
17139
17140
17141
17142
17143
17144
17145
17146
17147
17148
17149
17150
17151
17152
17153
17154
17155
17156
17157
17158
17159
17160
17161
17162
17163
17164
17165
17166
17167
17168
17169
17170
17171
17172
17173
17174
17175
17176
17177
17178
17179
17180
17181
17182
17183
17184
17185
17186
17187
17188
17189
17190
17191
17192
17193
17194
17195
17196
17197
17198
17199
17200
17201
17203
17204
17205
17206
17207
17208
17209
17210
17211
17212
17213
17214
17215
17216
17217
17218
17219
17220
17221
17222
17223
17224
17225
17226
17227
17228
17229
17230
17231
17232
17233
17234
17235
17236
17237
17238
17239
17240
17241
17242
17243
17244
17245
17246
17247
17248
17249
17250
17251
17252
17253
17254
17255
17256
17257
17258
17259
17260
17261
17262
17263
17264
17265
17266
17267
17268
17269
17270
17271
17272
17273
17274
17275
17276
17277
17278
17279
17280
17281
17282
17283
17284
17285
17286
17287
17288
17289
17290
17291
17292
17293
17294
17295
17296
17297
17298
17299
17300
17301
17302
17303
17304
17305
17306
17307
17308
17309
17310
17311
17312
17313
17314
17315
17316
17317
17318
17319
17320
17321
17322
17323
17324
17325
17326
17327
17328
17329
17330
17331
17332
17333
17334
17335
17336
17337
17338
17339
17340
17341
17342
17343
17344
17345
17346
17347
17348
17349
17350
17351
17352
17353
17354
17355
17356
17357
17358
17359
17360
17361
17362
17363
17364
17365
17366
17367
17368
17369
17370
17371
17372
17373
17374
17375
17376
17377
17378
17379
17380
17381
17382
17383
17384
17385
17386
17387
17388
17389
17390
17391
17392
17393
17394
17395
17396
17397
17398
17399
17400
17401
17402
17403
17404
17405
17406
17407
17408
17409
17410
17411
17412
17413
17414
17415
17416
17417
17418
17419
17420
17421
17422
17423
17424
17425
17426
17427
17428
17429
17430
17431
17432
17433
17434
17435
17436
17437
17438
17439
17440
17441
17442
17443
17444
17445
17446
17447
17448
17449
17450
17451
17452
17453
17454
17455
17456
17457
17458
17459
17460
17461
17462
17463
17464
17465
17466
17467
17468
17469
17470
17471
17472
17473
17474
17475
17476
17477
17478
17479
17480
17481
17482
17483
17484
17485
17486
17487
17488
17489
17490
17491
17492
17493
17494
17495
17496
17497
17498
17499
17500
17501
17502
17503
17504
17505
17506
17507
17508
17509
17510
17511
17512
17513
17514
17515
17516
17517
17518
17519
17521
17522
17523
17524
17525
17526
17527
17528
17529
17530
17531
17532
17533
17534
17535
17536
17537
17538
17539
17540
17541
17542
17543
17544
17545
17546
17547
17548
17549
17550
17551
17552
17553
17554
17555
17556
17557
17558
17559
17560
17561
17562
17563
17564
17565
17566
17567
17568
17569
17570
17571
17572
17573
17574
17575
17576
17577
17578
17579
17580
17581
17582
17583
17584
17585
17586
17587
17588
17589
17590
17591
17592
17593
17594
17595
17596
17597
17598
17599
17600
17601
17602
17603
17604
17605
17606
17607
17608
17609
17610
17611
17612
17613
17614
17615
17616
17617
17618
17619
17620
17621
17622
17623
17624
17625
17626
17627
17628
17629
17630
17631
17632
17633
17634
17635
17636
17637
17638
17639
17640
17641
17642
17643
17644
17645
17646
17647
17648
17649
17650
17651
17652
17653
17654
17655
17656
17657
17658
17659
17660
17661
17662
17663
17664
17666
17667
17668
17669
17670
17671
17672
17673
17674
17675
17676
17677
17678
17679
17680
17681
17682
17683
17684
17685
17686
17687
17688
17689
17690
17691
17692
17693
17694
17695
17696
17697
17698
17699
17700
17701
17702
17703
17704
17705
17706
17707
17708
17709
17710
17711
17712
17713
17714
17715
17716
17717
17718
17719
17720
17721
17722
17723
17724
17725
17726
17727
17728
17729
17730
17731
17732
17733
17734
17735
17736
17737
17738
17739
17740
17741
17742
17743
17744
17745
17746
17747
17748
17749
17750
17751
17752
17753
17754
17755
17756
17757
17758
17759
17760
17761
17762
17763
17764
17765
17766
17767
17768
17769
17770
17771
17772
17773
17774
17775
17776
17777
17778
17779
17780
17781
17782
17783
17784
17785
17786
17787
17788
17789
17790
17791
17792
17793
17794
17795
17796
17797
17798
17799
17800
17801
17802
17803
17804
17805
17806
17807
17808
17809
17810
17811
17812
17813
17814
17815
17816
17817
17818
17819
17820
17821
17822
17823
17824
17825
17826
17827
17828
17829
17830
17831
17832
17833
17834
17835
17836
17837
17838
17839
17840
17841
17842
17843
17844
17845
17846
17847
17848
17849
17850
17851
17852
17853
17854
17855
17856
17857
17858
17859
17860
17861
17863
17864
17865
17866
17867
17868
17869
17870
17871
17872
17873
17874
17875
17876
17877
17878
17879
17880
17881
17882
17883
17884
17885
17886
17887
17888
17889
17890
17891
17892
17893
17894
17895
17896
17897
17898
17899
17900
17901
17902
17903
17904
17905
17906
17907
17908
17909
17910
17911
17912
17913
17914
17915
17916
17917
17918
17919
17920
17921
17922
17923
17924
17925
17926
17927
17928
17929
17930
17931
17932
17933
17934
17935
17936
17937
17938
17939
17940
17941
17942
17943
17944
17945
17946
17947
17948
17949
17950
17951
17952
17953
17954
17955
17956
17957
17958
17959
17960
17961
17962
17963
17964
17965
17966
17967
17968
17969
17970
17971
17972
17973
17974
17975
17976
17977
17978
17979
17980
17981
17982
17983
17984
17985
17986
17987
17988
17989
17990
17991
17992
17993
17994
17995
17996
17997
17998
17999
18000
18001
18002
18003
18004
18005
18006
18007
18008
18009
18010
18011
18012
18013
18014
18015
18016
18017
18018
18019
18020
18021
18022
18023
18024
18025
18027
18028
18029
18030
18031
18032
18033
18034
18035
18036
18037
18038
18039
18040
18041
18042
18043
18044
18045
18046
18047
18048
18049
18050
18051
18052
18053
18054
18055
18056
18057
18058
18059
18060
18061
18062
18063
18064
18065
18066
18067
18068
18069
18070
18071
18072
18073
18074
18075
18076
18077
18078
18079
18080
18081
18082
18083
18084
18085
18086
18087
18088
18089
18090
18091
18092
18093
18094
18095
18096
18097
18098
18099
18100
18101
18102
18103
18104
18105
18106
18107
18108
18109
18110
18111
18112
18113
18114
18115
18116
18117
18118
18119
18120
18121
18122
18123
18124
18125
18126
18127
18128
18129
18130
18131
18132
18133
18134
18135
18136
18137
18138
18139
18140
18141
18142
18143
18144
18145
18146
18147
18148
18149
18150
18151
18152
18153
18154
18155
18156
18157
18158
18159
18160
18161
18162
18163
18164
18165
18166
18167
18168
18169
18170
18171
18172
18173
18174
18175
18176
18177
18178
18179
18180
18181
18182
18183
18184
18185
18186
18187
18188
18189
18190
18191
18192
18193
18194
18195
18196
18197
18198
18199
18200
18201
18202
18203
18204
18205
18206
18207
18208
18209
18210
18211
18212
18213
18214
18215
18216
18217
18218
18219
18220
18221
18222
18223
18224
18225
18226
18227
18228
18229
18230
18231
18232
18233
18234
18235
18236
18237
18238
18239
18240
18241
18242
18243
18244
18245
18246
18247
18248
18249
18250
18251
18252
18253
18254
18255
18256
18257
18258
18259
18260
18261
18262
18263
18264
18265
18266
18267
18268
18269
18270
18271
18272
18273
18274
18275
18276
18277
18278
18279
18280
18281
18282
18283
18284
18285
18286
18287
18288
18289
18290
18291
18292
18293
18294
18295
18296
18297
18298
18299
18300
18301
18302
18303
18304
18305
18306
18307
18308
18309
18310
18311
18312
18313
18314
18315
18316
18317
18318
18319
18320
18321
18322
18323
18324
18325
18326
18327
18328
18329
18330
18331
18332
18333
18334
18335
18336
18337
18338
18339
18340
18341
18342
18343
18344
18345
18346
18347
18348
18349
18350
18351
18352
18353
18354
18355
18356
18357
18358
18359
18360
18361
18362
18363
18364
18365
18366
18367
18368
18369
18370
18371
18372
18373
18374
18375
18376
18377
18378
18379
18380
18381
18382
18383
18384
18385
18386
18387
18388
18389
18390
18391
18392
18393
18394
18395
18396
18397
18398
18399
18400
18401
18402
18403
18404
18405
18406
18407
18408
18409
18410
18411
18412
18413
18414
18415
18416
18417
18418
18419
18420
18421
18422
18423
18424
18425
18426
18427
18428
18429
18430
18431
18432
18433
18434
18435
18436
18437
18438
18439
18440
18441
18442
18443
18444
18445
18446
18447
18448
18449
18450
18451
18452
18453
18454
18455
18456
18457
18458
18459
18460
18461
18462
18463
18464
18465
18466
18467
18468
18469
18470
18471
18472
18473
18474
18475
18476
18477
18478
18479
18480
18481
18482
18483
18484
18485
18486
18487
18488
18489
18490
18491
18492
18493
18494
18495
18496
18497
18498
18499
18500
18501
18502
18503
18504
18505
18506
18507
18508
18509
18510
18511
18512
18513
18514
18515
18516
18517
18518
18519
18520
18521
18522
18523
18524
18525
18526
18527
18528
18529
18530
18531
18532
18533
18534
18535
18536
18537
18538
18539
18540
18541
18542
18543
18544
18545
18546
18547
18548
18549
18550
18551
18552
18553
18554
18555
18556
18557
18558
18559
18560
18561
18562
18563
18564
18565
18566
18567
18568
18569
18570
18571
18572
18573
18574
18575
18576
18577
18578
18579
18580
18581
18582
18583
18584
18585
18586
18587
18588
18589
18590
18591
18592
18593
18594
18595
18596
18597
18598
18599
18600
18601
18602
18603
18604
18605
18606
18607
18608
18609
18610
18611
18612
18613
18614
18615
18616
18617
18618
18619
18620
18621
18622
18623
18624
18625
18626
18627
18628
18629
18630
18631
18632
18633
18634
18635
18636
18637
18638
18639
18640
18641
18642
18643
18644
18645
18646
18647
18648
18649
18650
18651
18652
18653
18654
18655
18656
18657
18658
18659
18660
18661
18662
18663
18664
18665
18666
18667
18668
18669
18670
18671
18672
18673
18674
18675
18676
18677
18678
18679
18680
18681
18682
18683
18684
18685
18686
18687
18688
18689
18690
18691
18692
18693
18694
18695
18696
18697
18698
18699
18700
18701
18702
18703
18704
18705
18706
18707
18708
18709
18710
18711
18712
18713
18714
18715
18716
18717
18718
18719
18720
18721
18722
18723
18724
18725
18726
18727
18728
18729
18730
18731
18732
18733
18734
18735
18736
18737
18738
18739
18740
18741
18742
18743
18744
18745
18746
18747
18748
18749
18750
18751
18752
18753
18754
18755
18756
18757
18758
18759
18760
18761
18762
18763
18764
18765
18766
18767
18768
18769
18770
18771
18772
18773
18774
18775
18776
18777
18778
18779
18780
18781
18782
18783
18784
18785
18786
18787
18788
18789
18790
18791
18792
18793
18794
18795
18796
18797
18798
18799
18800
18801
18802
18803
18804
18805
18806
18807
18808
18809
18810
18811
18812
18813
18814
18815
18816
18817
18818
18819
18820
18821
18822
18823
18824
18825
18826
18827
18828
18829
18830
18831
18832
18833
18834
18835
18836
18837
18838
18839
18840
18841
18842
18843
18844
18845
18846
18847
18848
18849
18850
18851
18852
18853
18854
18855
18856
18857
18858
18859
18860
18861
18862
18863
18864
18865
18866
18867
18868
18869
18870
18871
18872
18873
18874
18875
18876
18877
18878
18879
18880
18881
18882
18883
18884
18885
18886
18887
18888
18889
18890
18891
18892
18893
18894
18895
18896
18897
18898
18899
18900
18901
18902
18903
18904
18905
18906
18907
18908
18909
18910
18911
18912
18913
18914
18915
18916
18917
18918
18919
18920
18921
18922
18923
18924
18925
18926
18927
18928
18929
18930
18931
18932
18933
18934
18935
18936
18937
18938
18939
18940
18941
18942
18943
18944
18945
18946
18947
18948
18949
18950
18951
18952
18953
18954
18955
18956
18957
18958
18959
18960
18961
18962
18963
18964
18965
18966
18967
18968
18969
18970
18971
18972
18973
18974
18975
18976
18977
18978
18979
18980
18981
18982
18983
18984
18985
18986
18987
18988
18989
18990
18991
18992
18993
18994
18995
18996
18997
18998
18999
19000
19001
19002
19003
19004
19005
19006
19007
19008
19009
19010
19011
19012
19013
19014
19015
19016
19017
19018
19019
19020
19021
19022
19023
19024
19025
19026
19027
19028
19029
19030
19031
19032
19033
19034
19035
19036
19037
19038
19039
19040
19041
19042
19043
19044
19045
19046
19047
19048
19049
19050
19051
19052
19053
19054
19055
19056
19057
19058
19059
19060
19061
19062
19063
19064
19065
19066
19067
19068
19069
19070
19071
19072
19073
19074
19075
19076
19077
19078
19079
19080
19081
19082
19083
19084
19085
19086
19087
19088
19089
19090
19091
19092
19093
19094
19095
19096
19097
19098
19099
19100
19101
19102
19103
19104
19105
19106
19107
19108
19109
19110
19111
19112
19113
19114
19115
19116
19117
19118
19119
19120
19121
19122
19123
19124
19125
19126
19127
19128
19129
19130
19131
19132
19133
19134
19135
19136
19137
19138
19139
19140
19141
19142
19143
19144
19145
19146
19147
19148
19149
19150
19151
19152
19153
19154
19155
19156
19157
19158
19159
19160
19161
19162
19163
19164
19165
19166
19167
19168
19169
19170
19171
19172
19173
19174
19175
19176
19177
19178
19179
19180
19181
19182
19183
19184
19185
19186
19187
19188
19189
19190
19191
19192
19193
19194
19195
19196
19197
19198
19199
19200
19201
19202
19203
19204
19205
19206
19207
19208
19209
19210
19211
19212
19213
19214
19215
19216
19217
19218
19219
19220
19221
19222
19223
19224
19225
19226
19227
19228
19229
19230
19231
19232
19233
19234
19235
19236
19237
19238
19239
19240
19241
19242
19243
19244
19245
19246
19247
19248
19249
19250
19251
19252
19253
19254
19255
19256
19257
19258
19259
19260
19261
19262
19263
19264
19265
19266
19267
19268
19269
19270
19271
19272
19273
19274
19275
19276
19277
19278
19279
19280
19281
19282
19283
19284
19285
19286
19287
19288
19289
19290
19291
19292
19293
19294
19295
19296
19297
19298
19299
19300
19301
19302
19303
19304
19305
19306
19307
19308
19309
19310
19311
19312
19313
19314
19315
19316
19317
19318
19319
19320
19321
19322
19323
19324
19325
19326
19327
19328
19329
19330
19331
19332
19333
19334
19335
19336
19337
19338
19339
19340
19341
19342
19343
19344
19345
19346
19347
19348
19349
19350
19351
19352
19353
19354
19355
19356
19357
19358
19359
19360
19361
19362
19363
19364
19365
19366
19367
19368
19369
19370
19371
19372
19373
19374
19375
19376
19377
19378
19379
19380
19381
19382
19383
19384
19385
19386
19387
19388
19389
19390
19391
19392
19393
19394
19395
19396
19397
19398
19399
19400
19401
19402
19403
19404
19405
19406
19407
19408
19409
19410
19411
19412
19413
19414
19415
19417
19418
19419
19420
19421
19422
19423
19424
19425
19426
19427
19428
19429
19430
19431
19432
19433
19434
19435
19436
19437
19438
19439
19440
19441
19442
19443
19444
19445
19446
19447
19448
19449
19450
19451
19452
19453
19454
19455
19456
19457
19458
19459
19460
19461
19462
19463
19464
19465
19466
19467
19468
19469
19470
19471
19472
19473
19474
19475
19476
19477
19478
19479
19480
19481
19482
19483
19484
19486
19487
19488
19489
19490
19491
19492
19493
19494
19495
19496
19497
19498
19499
19500
19501
19502
19503
19504
19505
19506
19507
19508
19509
19510
19511
19512
19513
19514
19515
19516
19517
19518
19519
19520
19521
19522
19524
19525
19526
19527
19528
19529
19530
19531
19532
19533
19534
19535
19536
19537
19538
19539
19540
19541
19542
19543
19544
19545
19546
19547
19548
19549
19550
19551
19552
19553
19554
19555
19556
19557
19558
19559
19560
19561
19562
19563
19564
19565
19566
19567
19568
19569
19570
19571
19572
19573
19574
19575
19576
19577
19578
19579
19580
19581
19582
19583
19584
19585
19586
19587
19588
19589
19590
19591
19592
19593
19594
19595
19596
19597
19598
19599
19600
19601
19602
19603
19604
19605
19606
19607
19608
19609
19610
19611
19612
19613
19614
19615
19616
19617
19618
19619
19620
19621
19622
19623
19624
19625
19626
19627
19628
19629
19630
19631
19632
19633
19634
19635
19636
19637
19638
19639
19640
19641
19642
19643
19644
19645
19646
19647
19648
19649
19650
19651
19652
19653
19654
19655
19656
19657
19658
19659
19660
19661
19662
19663
19664
19665
19666
19667
19668
19669
19670
19671
19672
19673
19674
19675
19676
19677
19678
19679
19680
19681
19682
19683
19684
19685
19686
19687
19688
19689
19690
19691
19692
19693
19694
19695
19696
19697
19698
19699
19700
19701
19702
19703
19704
19705
19706
19707
19708
19709
19710
19711
19712
19713
19714
19715
19716
19717
19718
19719
19720
19721
19722
19723
19724
19725
19726
19727
19728
19729
19730
19731
19732
19733
19734
19735
19736
19737
19738
19739
19740
19741
19742
19743
19744
19745
19746
19747
19748
19749
19750
19751
19752
19753
19754
19755
19756
19757
19758
19759
19760
19761
19762
19763
19764
19765
19766
19767
19768
19769
19770
19771
19772
19773
19774
19775
19776
19777
19778
19779
19780
19781
19782
19783
19784
19785
19786
19787
19788
19789
19790
19791
19792
19793
19794
19795
19796
19797
19798
19799
19800
19801
19802
19803
19804
19805
19806
19807
19808
19809
19810
19811
19812
19813
19814
19815
19816
19817
19818
19819
19820
19821
19822
19823
19824
19825
19826
19827
19828
19829
19830
19831
19832
19833
19834
19835
19836
19837
19838
19839
19840
19841
19842
19843
19844
19845
19846
19847
19848
19849
19850
19851
19852
19853
19854
19855
19856
19857
19858
19859
19860
19861
19862
19863
19864
19865
19866
19867
19868
19869
19870
19871
19872
19873
19874
19875
19876
19877
19878
19879
19880
19881
19882
19883
19884
19885
19886
19887
19888
19889
19890
19891
19892
19893
19894
19895
19896
19897
19898
19899
19900
19901
19902
19903
19904
19905
19906
19907
19908
19909
19910
19911
19912
19913
19914
19915
19916
19917
19918
19919
19920
19921
19922
19923
19924
19925
19926
19927
19928
19929
19930
19931
19932
19933
19934
19935
19936
19937
19938
19939
19940
19941
19942
19943
19944
19945
19946
19947
19948
19949
19950
19951
19952
19953
19954
19955
19956
19957
19958
19959
19960
19961
19962
19963
19964
19965
19966
19967
19968
19969
19970
19971
19972
19973
19974
19975
19976
19977
19978
19979
19980
19981
19982
19983
19984
19985
19986
19987
19988
19989
19990
19991
19992
19993
19994
19995
19996
19997
19998
19999
20000
20001
20002
20003
20004
20005
20006
20007
20008
20009
20010
20011
20012
20013
20014
20015
20016
20017
20018
20019
20020
20021
20022
20023
20024
20025
20026
20027
20028
20029
20030
20031
20032
20033
20034
20035
20036
20037
20038
20039
20040
20041
20042
20043
20044
20045
20046
20047
20048
20049
20050
20051
20052
20053
20054
20055
20056
20057
20058
20059
20060
20061
20062
20063
20064
20065
20066
20067
20068
20069
20070
20071
20072
20073
20074
20075
20076
20077
20078
20079
20080
20081
20082
20083
20084
20085
20086
20087
20088
20089
20090
20091
20092
20093
20094
20095
20096
20097
20098
20099
20100
20101
20102
20103
20104
20105
20106
20107
20108
20109
20110
20111
20112
20113
20114
20115
20116
20117
20118
20119
20120
20121
20122
20123
20124
20125
20126
20127
20128
20129
20130
20131
20132
20133
20134
20135
20136
20137
20138
20139
20140
20141
20142
20143
20144
20145
20146
20147
20148
20149
20150
20151
20152
20153
20154
20155
20156
20157
20158
20159
20160
20161
20162
20163
20164
20165
20166
20167
20168
20169
20170
20171
20172
20173
20174
20175
20176
20177
20178
20179
20180
20181
20182
20183
20184
20185
20186
20187
20188
20189
20190
20191
20192
20193
20194
20195
20196
20197
20198
20199
20200
20201
20202
20203
20204
20205
20206
20207
20208
20209
20210
20211
20212
20213
20214
20215
20216
20217
20218
20219
20220
20221
20222
20223
20224
20225
20226
20227
20228
20229
20230
20231
20232
20233
20234
20235
20236
20237
20238
20239
20240
20241
20243
20244
20245
20246
20247
20248
20249
20250
20251
20252
20253
20254
20255
20256
20257
20258
20259
20260
20261
20262
20263
20264
20265
20266
20267
20268
20269
20270
20271
20272
20273
20274
20275
20276
20277
20278
20279
20280
20281
20282
20283
20284
20285
20286
20287
20288
20289
20290
20291
20292
20293
20294
20295
20296
20297
20298
20299
20300
20301
20302
20303
20304
20305
20306
20307
20308
20309
20310
20311
20312
20313
20314
20315
20316
20317
20318
20319
20320
20321
20322
20323
20324
20325
20326
20327
20328
20329
20330
20331
20332
20333
20334
20335
20336
20337
20338
20339
20340
20341
20342
20343
20344
20345
20346
20347
20348
20349
20350
20351
20352
20353
20354
20355
20356
20357
20358
20359
20360
20361
20362
20363
20364
20365
20366
20367
20368
20369
20370
20371
20372
20373
20374
20375
20376
20377
20378
20379
20380
20381
20382
20383
20384
20385
20386
20387
20388
20389
20390
20391
20392
20393
20394
20395
20396
20397
20398
20399
20400
20401
20402
20403
20404
20405
20406
20407
20408
20409
20410
20411
20412
20413
20414
20415
20416
20417
20418
20419
20420
20421
20422
20423
20424
20425
20426
20427
20428
20429
20430
20431
20432
20433
20434
20435
20436
20437
20438
20439
20440
20441
20442
20443
20444
20445
20446
20447
20448
20449
20450
20451
20452
20453
20454
20455
20456
20457
20458
20459
20460
20461
20462
20463
20464
20465
20466
20467
20468
20469
20470
20471
20472
20473
20474
20475
20476
20477
20478
20479
20480
20481
20482
20483
20484
20485
20487
20488
20489
20490
20491
20492
20493
20494
20495
20496
20497
20498
20499
20500
20501
20502
20503
20504
20505
20506
20507
20508
20509
20510
20511
20512
20513
20514
20515
20516
20517
20518
20519
20520
20521
20522
20523
20524
20525
20526
20527
20528
20529
20530
20531
20532
20533
20534
20535
20536
20537
20538
20539
20540
20541
20542
20543
20544
20545
20546
20547
20548
20549
20550
20551
20552
20553
20554
20555
20556
20557
20558
20559
20560
20561
20562
20563
20564
20565
20566
20567
20568
20569
20570
20571
20572
20573
20574
20575
20576
20577
20578
20579
20580
20581
20582
20583
20584
20585
20586
20587
20588
20589
20590
20591
20592
20593
20594
20595
20596
20597
20598
20599
20600
20601
20602
20603
20604
20605
20606
20607
20608
20609
20610
20611
20612
20613
20614
20615
20616
20617
20618
20619
20620
20621
20622
20623
20624
20625
20626
20627
20628
20629
20630
20631
20632
20633
20634
20635
20636
20637
20638
20639
20640
20641
20642
20643
20644
20645
20646
20647
20648
20649
20650
20651
20652
20653
20654
20655
20656
20657
20658
20659
20660
20661
20662
20663
20664
20665
20666
20667
20668
20669
20670
20671
20672
20673
20674
20675
20676
20677
20678
20679
20680
20681
20682
20683
20684
20685
20686
20687
20688
20689
20690
20691
20692
20693
20694
20695
20696
20697
20698
20699
20700
20701
20702
20703
20704
20705
20706
20707
20708
20709
20710
20711
20712
20713
20714
20715
20716
20717
20718
20719
20720
20721
20722
20723
20724
20725
20726
20727
20728
20729
20730
20731
20732
20733
20734
20735
20736
20737
20738
20739
20740
20741
20742
20743
20744
20745
20746
20747
20748
20749
20750
20751
20752
20753
20754
20755
20756
20757
20758
20759
20760
20761
20762
20763
20764
20765
20766
20767
20768
20769
20770
20771
20772
20773
20774
20775
20776
20777
20778
20779
20780
20781
20782
20783
20784
20785
20786
20787
20788
20789
20790
20791
20792
20793
20794
20795
20796
20797
20798
20799
20800
20801
20802
20803
20804
20805
20806
20807
20808
20809
20810
20811
20812
20813
20814
20815
20816
20817
20818
20819
20820
20821
20822
20823
20824
20825
20826
20827
20828
20829
20830
20831
20832
20833
20834
20835
20836
20837
20838
20839
20840
20841
20842
20843
20844
20845
20846
20847
20848
20849
20850
20851
20852
20853
20854
20855
20856
20857
20858
20859
20860
20861
20862
20863
20864
20865
20866
20867
20868
20869
20871
20872
20873
20874
20875
20876
20877
20878
20879
20880
20881
20882
20883
20884
20885
20886
20887
20888
20889
20890
20891
20892
20893
20894
20895
20896
20897
20898
20899
20900
20901
20903
20904
20905
20906
20907
20908
20909
20910
20911
20912
20913
20914
20915
20916
20917
20918
20919
20920
20921
20922
20923
20924
20925
20926
20927
20928
20929
20930
20931
20932
20933
20934
20935
20936
20937
20938
20939
20940
20941
20942
20943
20944
20945
20946
20947
20948
20949
20950
20951
20952
20953
20954
20955
20956
20957
20958
20959
20960
20961
20962
20963
20964
20965
20966
20967
20968
20969
20970
20971
20972
20973
20974
20975
20976
20977
20978
20979
20980
20981
20982
20983
20984
20985
20986
20987
20988
20989
20990
20991
20992
20993
20994
20995
20996
20997
20998
20999
21000
21001
21002
21003
21004
21005
21006
21007
21008
21009
21010
21011
21012
21013
21014
21015
21016
21017
21018
21019
21020
21021
21022
21023
21024
21025
21026
21027
21028
21029
21030
21031
21032
21033
21034
21035
21036
21037
21038
21039
21040
21041
21042
21043
21044
21045
21046
21047
21048
21049
21050
21051
21052
21053
21054
21055
21056
21057
21058
21059
21060
21061
21062
21063
21064
21065
21066
21067
21068
21069
21070
21071
21072
21073
21074
21075
21076
21077
21078
21079
21080
21081
21082
21083
21084
21085
21086
21087
21088
21089
21090
21091
21092
21093
21094
21095
21096
21097
21098
21099
21100
21101
21102
21103
21104
21105
21106
21107
21108
21109
21110
21111
21112
21113
21114
21115
21116
21117
21118
21119
21120
21121
21122
21123
21124
21125
21126
21127
21128
21129
21130
21131
21132
21133
21134
21135
21136
21137
21138
21139
21140
21141
21142
21143
21144
21145
21146
21147
21148
21149
21150
21151
21152
21153
21154
21155
21156
21157
21158
21159
21160
21161
21162
21163
21164
21165
21166
21167
21168
21169
21170
21171
21172
21173
21174
21175
21176
21178
21179
21180
21181
21182
21183
21184
21185
21186
21187
21188
21189
21190
21191
21192
21193
21194
21195
21196
21197
21198
21199
21200
21201
21202
21203
21204
21205
21206
21207
21208
21209
21210
21211
21212
21213
21214
21215
21216
21217
21218
21219
21220
21221
21222
21223
21224
21225
21226
21227
21228
21229
21230
21231
21232
21233
21234
21235
21236
21237
21238
21239
21240
21241
21242
21243
21244
21245
21246
21247
21248
21249
21250
21251
21252
21253
21254
21255
21256
21257
21258
21259
21260
21261
21262
21263
21264
21265
21266
21267
21268
21269
21270
21271
21272
21273
21274
21275
21276
21277
21278
21279
21280
21281
21282
21283
21284
21285
21286
21287
21288
21289
21290
21291
21292
21293
21294
21295
21296
21297
21298
21299
21300
21301
21302
21303
21304
21305
21306
21307
21308
21309
21310
21311
21312
21313
21314
21315
21316
21317
21318
21319
21320
21321
21322
21323
21324
21325
21326
21327
21328
21329
21330
21332
21333
21334
21335
21336
21337
21338
21339
21340
21341
21342
21343
21344
21345
21346
21347
21348
21349
21350
21351
21352
21353
21354
21355
21356
21357
21358
21359
21360
21361
21362
21363
21365
21366
21367
21368
21369
21370
21371
21372
21373
21374
21375
21376
21377
21378
21379
21380
21381
21382
21383
21384
21385
21386
21387
21388
21389
21390
21391
21392
21393
21394
21395
21396
21397
21398
21399
21400
21401
21402
21403
21404
21405
21406
21407
21408
21409
21410
21411
21412
21413
21414
21415
21416
21417
21418
21419
21420
21421
21422
21423
21424
21425
21426
21427
21428
21429
21430
21431
21432
21433
21434
21435
21436
21437
21438
21439
21440
21441
21442
21443
21444
21445
21446
21447
21448
21449
21450
21451
21452
21453
21454
21455
21456
21457
21458
21459
21460
21461
21462
21463
21464
21465
21466
21467
21468
21469
21470
21471
21472
21473
21474
21475
21476
21477
21478
21479
21480
21481
21482
21483
21484
21485
21486
21487
21488
21489
21490
21491
21492
21493
21494
21495
21496
21497
21498
21499
21500
21501
21502
21503
21504
21505
21506
21507
21508
21509
21510
21511
21512
21513
21514
21515
21516
21517
21518
21519
21520
21521
21522
21523
21524
21525
21526
21527
21528
21529
21530
21531
21532
21533
21534
21535
21536
21537
21538
21539
21540
21541
21542
21543
21544
21545
21546
21547
21548
21549
21550
21551
21552
21553
21554
21555
21556
21557
21558
21559
21560
21561
21562
21563
21564
21565
21566
21567
21568
21569
21570
21571
21572
21573
21574
21575
21576
21577
21578
21579
21580
21581
21582
21583
21584
21585
21586
21587
21588
21589
21590
21591
21592
21593
21594
21595
21596
21597
21598
21599
21600
21601
21602
21603
21604
21605
21606
21607
21608
21609
21610
21611
21612
21613
21614
21615
21616
21617
21618
21619
21620
21621
21622
21623
21624
21625
21626
21627
21628
21629
21630
21631
21632
21633
21634
21635
21636
21637
21638
21639
21640
21641
21642
21643
21644
21645
21646
21647
21648
21649
21650
21651
21652
21653
21654
21655
21656
21657
21658
21659
21660
21661
21662
21663
21664
21665
21666
21667
21668
21669
21670
21671
21672
21673
21674
21675
21676
21677
21678
21679
21680
21681
21682
21683
21684
21685
21686
21687
21688
21689
21690
21691
21692
21693
21694
21695
21696
21697
21698
21699
21700
21701
21702
21703
21704
21705
21706
21707
21708
21709
21710
21711
21712
21713
21714
21715
21716
21717
21718
21719
21720
21721
21722
21723
21724
21725
21726
21727
21728
21729
21730
21731
21732
21733
21734
21735
21736
21737
21738
21739
21740
21741
21742
21743
21744
21745
21746
21747
21748
21749
21750
21751
21752
21753
21754
21755
21756
21757
21758
21759
21760
21761
21762
21763
21764
21765
21766
21767
21768
21769
21770
21771
21772
21773
21774
21775
21776
21777
21778
21779
21780
21781
21782
21783
21784
21785
21786
21787
21788
21789
21790
21791
21792
21793
21794
21795
21796
21797
21798
21799
21800
21801
21802
21803
21804
21805
21806
21807
21808
21809
21810
21811
21812
21813
21814
21815
21816
21817
21818
21819
21820
21821
21822
21823
21824
21825
21826
21827
21828
21829
21830
21831
21832
21833
21834
21835
21836
21837
21838
21839
21840
21841
21842
21843
21844
21845
21846
21847
21848
21849
21850
21851
21852
21853
21854
21855
21856
21857
21858
21859
21860
21861
21862
21863
21864
21865
21866
21867
21868
21869
21870
21871
21872
21873
21874
21875
21876
21877
21878
21879
21880
21881
21882
21883
21884
21885
21886
21887
21888
21889
21890
21891
21892
21893
21894
21895
21896
21897
21898
21899
21900
21901
21902
21903
21904
21905
21906
21907
21908
21909
21910
21911
21912
21913
21914
21915
21916
21917
21918
21919
21920
21921
21922
21923
21924
21925
21926
21927
21928
21929
21930
21931
21932
21933
21934
21935
21936
21937
21938
21939
21940
21941
21942
21943
21944
21945
21946
21947
21948
21949
21950
21951
21952
21953
21954
21955
21956
21957
21958
21959
21960
21961
21962
21963
21964
21965
21966
21967
21968
21969
21970
21971
21972
21973
21974
21975
21976
21977
21978
21979
21980
21981
21982
21983
21984
21985
21986
21987
21988
21989
21990
21991
21992
21993
21994
21995
21996
21997
21998
21999
22000
22001
22002
22003
22004
22005
22006
22007
22008
22009
22010
22011
22012
22013
22014
22015
22016
22017
22018
22019
22020
22021
22022
22023
22024
22025
22026
22027
22028
22029
22030
22031
22032
22033
22034
22035
22036
22037
22038
22039
22040
22041
22042
22043
22044
22045
22046
22047
22048
22049
22050
22051
22052
22053
22054
22055
22056
22057
22058
22059
22060
22061
22062
22063
22064
22065
22066
22067
22068
22069
22070
22071
22072
22073
22074
22075
22076
22077
22078
22079
22080
22081
22082
22083
22084
22085
22086
22087
22088
22089
22090
22091
22092
22093
22094
22095
22096
22097
22098
22099
22100
22101
22102
22103
22104
22105
22106
22107
22108
22109
22110
22111
22112
22113
22114
22115
22116
22117
22118
22119
22120
22121
22122
22123
22124
22125
22126
22127
22128
22129
22130
22131
22132
22133
22134
22135
22136
22137
22138
22139
22140
22141
22142
22143
22144
22145
22146
22147
22148
22149
22150
22151
22152
22153
22154
22155
22156
22157
22158
22159
22160
22161
22162
22163
22164
22165
22166
22167
22168
22169
22170
22171
22172
22173
22174
22175
22176
22177
22178
22179
22180
22181
22182
22183
22184
22185
22186
22187
22188
22189
22190
22191
22192
22193
22194
22195
22196
22197
22198
22199
22200
22201
22202
22203
22204
22205
22206
22207
22208
22209
22210
22211
22212
22213
22214
22215
22216
22217
22218
22219
22220
22221
22222
22223
22224
22225
22226
22227
22228
22229
22230
22231
22232
22233
22234
22235
22236
22237
22238
22239
22240
22241
22242
22243
22244
22245
22246
22247
22248
22249
22250
22251
22252
22253
22254
22255
22256
22257
22258
22259
22260
22261
22262
22263
22264
22265
22266
22267
22268
22269
22270
22271
22272
22273
22274
22275
22276
22277
22278
22279
22280
22281
22282
22283
22284
22285
22286
22287
22288
22289
22290
22291
22292
22293
22294
22295
22296
22297
22298
22299
22300
22301
22302
22303
22304
22305
22306
22307
22308
22309
22310
22311
22312
22313
22314
22315
22316
22317
22318
22319
22320
22321
22322
22323
22324
22325
22326
22327
22328
22329
22330
22331
22332
22333
22334
22335
22336
22337
22338
22339
22340
22341
22342
22343
22344
22345
22346
22347
22348
22349
22350
22351
22352
22353
22354
22355
22356
22357
22358
22359
22360
22361
22362
22363
22364
22365
22366
22367
22368
22369
22370
22371
22372
22373
22374
22375
22376
22377
22378
22379
22380
22381
22382
22383
22384
22385
22386
22387
22388
22389
22390
22391
22392
22393
22394
22395
22396
22397
22398
22399
22400
22401
22402
22403
22404
22405
22406
22407
22408
22409
22410
22411
22412
22413
22414
22415
22416
22417
22418
22419
22420
22421
22422
22423
22424
22425
22426
22427
22428
22429
22430
22431
22432
22433
22434
22435
22436
22437
22438
22439
22440
22441
22442
22443
22444
22445
22446
22447
22448
22449
22450
22451
22452
22453
22454
22455
22456
22457
22458
22459
22460
22461
22462
22463
22464
22465
22466
22467
22468
22469
22470
22471
22472
22473
22474
22475
22476
22477
22478
22479
22480
22481
22482
22483
22484
22485
22486
22487
22488
22489
22490
22491
22492
22493
22494
22495
22496
22497
22498
22499
22500
22501
22502
22503
22504
22505
22506
22507
22508
22509
22510
22511
22512
22513
22514
22515
22516
22517
22518
22519
22520
22521
22522
22523
22524
22525
22526
22527
22528
22529
22530
22531
22532
22533
22534
22535
22536
22537
22538
22539
22540
22541
22542
22543
22544
22545
22546
22547
22549
22550
22551
22552
22553
22554
22555
22556
22557
22558
22559
22560
22561
22562
22563
22564
22565
22566
22567
22568
22569
22570
22571
22572
22573
22574
22575
22576
22577
22578
22579
22580
22581
22582
22583
22584
22585
22586
22587
22588
22589
22590
22591
22592
22593
22594
22595
22596
22597
22598
22599
22600
22601
22602
22603
22604
22605
22606
22607
22608
22609
22610
22611
22612
22613
22614
22615
22616
22617
22618
22619
22620
22621
22622
22623
22624
22625
22626
22627
22628
22629
22630
22631
22632
22633
22634
22635
22636
22637
22638
22639
22640
22641
22642
22643
22644
22645
22646
22647
22648
22649
22650
22651
22652
22653
22654
22655
22656
22657
22658
22659
22660
22661
22662
22663
22664
22665
22666
22667
22668
22669
22670
22671
22672
22673
22674
22675
22676
22677
22678
22679
22680
22681
22682
22683
22684
22685
22686
22687
22688
22689
22690
22691
22692
22693
22694
22695
22696
22697
22698
22699
22700
22701
22702
22703
22704
22705
22706
22707
22708
22709
22710
22711
22713
22714
22715
22716
22717
22718
22719
22720
22721
22722
22723
22724
22725
22726
22727
22728
22729
22730
22731
22732
22733
22734
22735
22736
22737
22738
22739
22740
22741
22742
22743
22744
22745
22746
22747
22748
22749
22750
22751
22752
22753
22754
22755
22756
22757
22758
22759
22760
22761
22762
22763
22764
22765
22766
22767
22768
22769
22770
22771
22772
22773
22774
22775
22776
22777
22778
22779
22780
22781
22782
22783
22784
22785
22786
22787
22788
22789
22790
22791
22792
22793
22794
22795
22796
22797
22798
22799
22800
22801
22802
22803
22804
22805
22806
22807
22808
22809
22810
22811
22812
22813
22814
22815
22816
22817
22818
22819
22820
22821
22822
22823
22824
22825
22826
22827
22828
22829
22830
22831
22832
22833
22834
22835
22836
22837
22838
22839
22840
22841
22842
22843
22844
22845
22846
22847
22848
22849
22850
22851
22852
22853
22854
22855
22856
22857
22858
22859
22860
22861
22862
22863
22864
22865
22866
22867
22868
22869
22870
22871
22872
22873
22874
22875
22876
22877
22878
22879
22880
22881
22882
22883
22884
22885
22886
22887
22888
22889
22890
22891
22892
22893
22894
22895
22896
22897
22898
22899
22900
22901
22902
22903
22904
22905
22906
22907
22908
22909
22910
22911
22912
22913
22914
22915
22916
22917
22918
22919
22920
22921
22922
22923
22924
22925
22926
22927
22928
22929
22930
22931
22932
22933
22934
22935
22936
22937
22938
22939
22940
22941
22942
22943
22944
22945
22946
22947
22948
22949
22950
22951
22952
22953
22954
22955
22956
22957
22958
22959
22960
22961
22962
22963
22964
22965
22966
22967
22968
22969
22970
22971
22972
22973
22974
22975
22976
22977
22978
22979
22980
22981
22982
22983
22984
22985
22986
22987
22988
22989
22990
22991
22992
22993
22994
22995
22996
22997
22998
22999
23000
23001
23002
23003
23004
23005
23006
23007
23008
23009
23010
23011
23012
23013
23014
23015
23016
23017
23018
23019
23020
23021
23022
23023
23024
23025
23026
23027
23028
23029
23030
23031
23032
23033
23034
23035
23036
23037
23038
23039
23040
23041
23042
23043
23044
23045
23046
23047
23048
23049
23050
23051
23052
23053
23054
23055
23056
23057
23058
23059
23060
23061
23062
23063
23064
23065
23066
23067
23068
23069
23070
23071
23072
23073
23074
23075
23076
23077
23078
23079
23080
23081
23082
23083
23084
23085
23086
23087
23088
23089
23090
23091
23092
23093
23094
23095
23096
23097
23098
23099
23100
23101
23102
23103
23104
23105
23106
23107
23108
23109
23110
23111
23112
23113
23114
23115
23116
23117
23118
23119
23120
23121
23122
23123
23124
23126
23127
23128
23129
23130
23131
23132
23133
23134
23135
23136
23137
23138
23139
23140
23141
23142
23143
23144
23145
23146
23148
23149
23150
23151
23152
23153
23154
23155
23156
23157
23158
23159
23160
23161
23162
23163
23164
23165
23166
23167
23168
23169
23170
23171
23172
23173
23174
23175
23176
23177
23178
23179
23180
23181
23182
23183
23184
23185
23186
23187
23188
23189
23190
23191
23192
23193
23194
23195
23196
23197
23198
23199
23200
23201
23202
23203
23204
23205
23206
23207
23208
23209
23210
23211
23212
23213
23214
23215
23216
23217
23218
23219
23220
23221
23222
23223
23224
23225
23226
23227
23228
23229
23230
23231
23232
23233
23234
23235
23236
23237
23238
23239
23240
23241
23242
23243
23244
23245
23246
23247
23248
23249
23250
23251
23252
23253
23254
23255
23256
23257
23258
23259
23260
23261
23262
23263
23264
23265
23266
23267
23268
23269
23270
23271
23272
23273
23274
23275
23276
23277
23278
23279
23280
23281
23282
23283
23284
23285
23286
23287
23288
23289
23290
23291
23292
23293
23294
23295
23296
23297
23298
23299
23300
23301
23302
23303
23304
23305
23306
23307
23308
23309
23310
23311
23312
23313
23314
23315
23316
23317
23318
23319
23320
23321
23322
23323
23324
23325
23326
23327
23328
23329
23330
23331
23332
23333
23334
23335
23336
23337
23338
23339
23340
23341
23342
23343
23344
23345
23346
23347
23348
23349
23350
23351
23352
23353
23354
23355
23356
23357
23358
23359
23360
23361
23362
23363
23364
23365
23366
23367
23368
23369
23370
23371
23372
23373
23374
23375
23376
23377
23378
23379
23380
23381
23382
23383
23384
23385
23386
23387
23388
23389
23390
23391
23392
23393
23394
23395
23396
23397
23398
23399
23400
23401
23402
23403
23404
23405
23406
23407
23408
23409
23410
23411
23412
23413
23414
23415
23416
23417
23418
23419
23420
23421
23422
23423
23424
23425
23426
23427
23428
23429
23430
23431
23432
23433
23434
23435
23436
23437
23438
23439
23440
23441
23442
23443
23444
23445
23446
23447
23448
23449
23450
23451
23452
23453
23454
23455
23456
23457
23458
23459
23460
23461
23462
23463
23464
23465
23466
23467
23468
23469
23470
23471
23472
23473
23474
23475
23476
23477
23478
23479
23480
23481
23482
23483
23484
23485
23486
23487
23488
23489
23490
23491
23492
23493
23494
23495
23496
23497
23498
23499
23500
23501
23502
23503
23504
23505
23506
23507
23508
23509
23510
23511
23512
23513
23514
23515
23516
23517
23518
23519
23520
23521
23522
23523
23524
23525
23526
23527
23528
23529
23530
23531
23532
23533
23534
23535
23536
23537
23538
23539
23540
23541
23542
23543
23544
23545
23546
23547
23548
23549
23550
23551
23552
23553
23554
23555
23556
23557
23558
23559
23560
23561
23562
23563
23564
23565
23566
23567
23568
23569
23570
23571
23572
23573
23574
23575
23576
23577
23578
23579
23580
23581
23582
23583
23584
23585
23586
23587
23588
23589
23590
23591
23592
23593
23594
23595
23596
23597
23598
23599
23600
23601
23602
23603
23604
23605
23606
23607
23608
23609
23610
23611
23612
23613
23614
23615
23616
23617
23618
23619
23620
23621
23622
23623
23624
23625
23626
23627
23628
23629
23630
23631
23632
23633
23634
23635
23636
23637
23638
23639
23640
23641
23642
23643
23644
23645
23646
23647
23648
23649
23650
23651
23652
23653
23654
23655
23656
23657
23658
23659
23660
23661
23662
23663
23664
23665
23666
23667
23668
23669
23670
23671
23672
23673
23674
23675
23676
23677
23678
23679
23680
23681
23682
23683
23684
23685
23686
23687
23688
23689
23690
23691
23692
23693
23694
23695
23696
23697
23698
23699
23700
23701
23702
23703
23704
23705
23706
23707
23708
23709
23711
23712
23713
23714
23715
23716
23717
23718
23719
23720
23721
23722
23723
23724
23725
23726
23727
23728
23729
23730
23731
23732
23733
23734
23735
23736
23737
23738
23739
23740
23741
23742
23743
23744
23745
23746
23747
23748
23749
23750
23751
23752
23753
23754
23755
23756
23757
23758
23759
23760
23761
23762
23763
23764
23765
23766
23767
23768
23769
23770
23771
23772
23773
23774
23775
23776
23777
23778
23779
23780
23781
23782
23783
23784
23785
23786
23787
23788
23789
23790
23791
23792
23793
23794
23795
23796
23797
23798
23799
23800
23801
23802
23803
23804
23805
23806
23807
23808
23809
23810
23811
23812
23813
23814
23815
23816
23817
23818
23819
23820
23821
23822
23823
23824
23825
23826
23827
23828
23829
23830
23831
23832
23833
23834
23835
23836
23837
23838
23839
23840
23841
23842
23843
23844
23845
23846
23847
23848
23849
23850
23851
23852
23853
23854
23855
23856
23857
23858
23859
23860
23861
23862
23863
23864
23865
23866
23867
23868
23869
23870
23871
23872
23873
23874
23875
23876
23877
23878
23879
23880
23881
23882
23883
23884
23885
23886
23887
23888
23889
23890
23891
23892
23893
23894
23895
23896
23897
23898
23899
23900
23901
23902
23903
23904
23905
23906
23907
23908
23909
23910
23911
23912
23913
23914
23915
23916
23917
23918
23919
23920
23921
23922
23923
23924
23925
23926
23927
23928
23929
23930
23931
23932
23933
23934
23935
23936
23937
23938
23939
23940
23941
23942
23943
23944
23945
23946
23947
23948
23949
23950
23951
23952
23953
23954
23955
23956
23957
23958
23959
23960
23961
23962
23963
23964
23965
23966
23967
23968
23969
23970
23971
23972
23973
23974
23975
23976
23977
23978
23979
23980
23981
23982
23983
23984
23985
23986
23987
23988
23989
23990
23991
23992
23993
23994
23995
23996
23997
23998
23999
24000
24001
24002
24003
24004
24005
24006
24007
24008
24009
24010
24011
24012
24013
24014
24015
24016
24017
24018
24019
24020
24021
24022
24023
24024
24025
24026
24027
24028
24029
24030
24031
24032
24033
24034
24035
24036
24037
24038
24039
24040
24041
24042
24043
24044
24046
24047
24048
24049
24050
24051
24052
24053
24054
24055
24056
24057
24058
24059
24060
24061
24062
24063
24064
24065
24066
24067
24068
24069
24070
24071
24072
24073
24074
24075
24076
24077
24078
24079
24080
24081
24082
24083
24084
24085
24086
24087
24088
24089
24090
24091
24092
24093
24094
24095
24096
24097
24098
24099
24100
24101
24102
24103
24104
24105
24106
24107
24108
24109
24110
24111
24112
24113
24114
24115
24116
24117
24118
24119
24120
24121
24122
24123
24124
24125
24126
24127
24129
24130
24131
24132
24133
24134
24135
24136
24137
24138
24139
24140
24141
24142
24143
24144
24145
24146
24147
24148
24149
24150
24151
24152
24153
24154
24155
24156
24157
24158
24159
24160
24161
24162
24163
24164
24165
24166
24167
24168
24169
24170
24171
24172
24173
24174
24175
24176
24177
24179
24180
24181
24182
24183
24184
24185
24186
24187
24188
24189
24190
24191
24192
24193
24194
24195
24196
24197
24198
24199
24200
24201
24202
24203
24204
24205
24206
24207
24208
24209
24210
24211
24212
24213
24214
24215
24216
24217
24218
24219
24220
24221
24222
24223
24224
24225
24226
24227
24228
24229
24230
24231
24232
24233
24234
24235
24236
24237
24238
24239
24240
24241
24242
24243
24244
24245
24246
24247
24248
24249
24250
24251
24252
24253
24254
24255
24256
24257
24258
24259
24260
24261
24262
24263
24264
24265
24266
24267
24268
24269
24270
24271
24272
24273
24274
24275
24276
24277
24278
24279
24280
24281
24282
24283
24284
24285
24286
24287
24288
24289
24290
24291
24292
24293
24294
24295
24296
24297
24298
24299
24300
24301
24302
24303
24304
24305
24306
24307
24308
24309
24310
24311
24312
24313
24314
24315
24316
24317
24318
24319
24320
24321
24322
24323
24324
24325
24326
24327
24328
24329
24330
24331
24332
24333
24334
24335
24336
24337
24338
24339
24340
24341
24342
24343
24344
24345
24346
24347
24348
24349
24350
24351
24352
24353
24354
24355
24356
24357
24358
24359
24360
24361
24362
24363
24364
24365
24366
24367
24368
24369
24370
24371
24372
24373
24374
24375
24376
24377
24378
24379
24380
24381
24382
24383
24384
24385
24386
24387
24388
24389
24390
24391
24392
24393
24394
24395
24396
24397
24398
24399
24400
24401
24402
24403
24404
24405
24406
24407
24408
24409
24410
24411
24412
24413
24414
24415
24416
24417
24418
24419
24420
24421
24422
24423
24424
24425
24426
24427
24428
24429
24430
24431
24432
24433
24434
24435
24436
24437
24438
24439
24440
24441
24442
24443
24444
24445
24446
24447
24448
24449
24450
24451
24452
24453
24454
24455
24456
24457
24458
24459
24460
24461
24462
24463
24464
24465
24466
24467
24468
24469
24470
24471
24472
24473
24474
24475
24476
24477
24478
24479
24480
24481
24482
24483
24484
24485
24486
24487
24488
24489
24490
24491
24492
24493
24494
24495
24496
24497
24498
24499
24500
24501
24502
24503
24504
24505
24506
24507
24508
24509
24510
24511
24512
24513
24514
24515
24516
24517
24518
24519
24520
24521
24522
24523
24524
24525
24526
24527
24528
24529
24530
24531
24532
24533
24534
24535
24536
24537
24538
24539
24540
24541
24542
24543
24544
24545
24546
24547
24548
24549
24550
24551
24552
24553
24554
24555
24556
24557
24558
24559
24560
24561
24562
24563
24564
24565
24566
24567
24568
24569
24570
24571
24572
24573
24574
24575
24576
24577
24578
24579
24580
24581
24582
24583
24584
24585
24586
24587
24588
24589
24590
24591
24592
24593
24594
24595
24596
24597
24598
24599
24600
24601
24602
24603
24604
24605
24606
24607
24608
24609
24610
24611
24612
24613
24614
24615
24616
24617
24618
24619
24620
24621
24622
24623
24624
24625
24626
24627
24628
24629
24630
24631
24632
24633
24634
24635
24636
24637
24638
24639
24640
24641
24642
24643
24644
24645
24646
24647
24648
24649
24650
24651
24652
24653
24654
24655
24656
24657
24658
24659
24660
24661
24662
24663
24664
24665
24666
24667
24668
24669
24670
24671
24672
24673
24674
24675
24676
24677
24678
24679
24680
24681
24682
24683
24684
24685
24686
24687
24688
24689
24690
24691
24692
24693
24694
24695
24696
24697
24698
24699
24700
24701
24702
24703
24704
24705
24706
24707
24708
24709
24710
24711
24712
24713
24714
24715
24716
24717
24718
24719
24720
24721
24722
24723
24724
24725
24726
24727
24728
24729
24730
24731
24732
24733
24734
24735
24736
24737
24738
24739
24740
24741
24742
24743
24744
24745
24746
24747
24748
24749
24750
24751
24752
24753
24754
24755
24756
24757
24758
24759
24760
24761
24762
24763
24764
24765
24766
24767
24768
24769
24770
24771
24772
24773
24774
24775
24776
24777
24778
24779
24780
24781
24782
24783
24784
24785
24786
24787
24788
24789
24790
24791
24792
24793
24794
24795
24796
24797
24798
24799
24800
24801
24802
24803
24804
24805
24806
24807
24808
24809
24810
24811
24812
24813
24814
24815
24816
24817
24818
24819
24820
24821
24822
24823
24824
24825
24826
24827
24828
24829
24830
24831
24832
24833
24834
24835
24836
24837
24838
24839
24840
24841
24842
24843
24844
24845
24846
24847
24848
24849
24850
24851
24852
24853
24854
24855
24856
24857
24858
24859
24860
24861
24862
24863
24864
24865
24866
24867
24868
24869
24870
24871
24872
24873
24874
24875
24876
24877
24878
24879
24880
24881
24882
24883
24884
24886
24887
24888
24889
24890
24891
24892
24893
24894
24895
24896
24897
24898
24899
24900
24901
24902
24903
24904
24905
24906
24907
24908
24909
24910
24911
24912
24913
24914
24915
24916
24917
24918
24919
24920
24921
24922
24923
24924
24925
24926
24927
24928
24929
24930
24931
24932
24933
24934
24935
24936
24937
24938
24939
24940
24941
24942
24943
24944
24945
24946
24947
24948
24949
24950
24951
24952
24953
24954
24955
24956
24957
24958
24959
24960
24961
24962
24963
24964
24965
24966
24967
24968
24969
24970
24971
24972
24973
24974
24975
24976
24977
24978
24979
24980
24981
24982
24983
24984
24985
24986
24987
24988
24989
24990
24991
24992
24993
24994
24995
24996
24997
24998
24999
25000
25001
25002
25003
25004
25005
25006
25007
25008
25009
25010
25011
25012
25013
25014
25015
25016
25017
25018
25019
25020
25021
25022
25023
25024
25025
25026
25027
25028
25029
25030
25031
25032
25033
25034
25035
25036
25037
25038
25039
25040
25041
25042
25043
25044
25045
25046
25047
25048
25049
25050
25051
25052
25053
25054
25055
25056
25057
25058
25059
25060
25061
25062
25063
25064
25065
25066
25067
25068
25069
25070
25071
25072
25073
25074
25075
25076
25077
25078
25079
25080
25081
25082
25083
25084
25085
25086
25087
25088
25089
25090
25091
25092
25093
25094
25095
25096
25097
25098
25099
25100
25101
25102
25103
25104
25105
25106
25107
25108
25109
25110
25111
25112
25113
25114
25115
25116
25117
25118
25119
25120
25121
25122
25123
25124
25125
25126
25127
25128
25129
25130
25131
25132
25133
25134
25135
25136
25137
25138
25139
25140
25141
25142
25143
25144
25145
25146
25147
25148
25149
25150
25151
25152
25153
25154
25155
25156
25157
25158
25159
25160
25161
25162
25163
25164
25165
25166
25167
25168
25169
25170
25171
25172
25173
25174
25175
25176
25177
25178
25179
25180
25181
25182
25183
25184
25185
25186
25187
25188
25189
25190
25192
25193
25194
25195
25196
25197
25198
25199
25200
25201
25202
25203
25204
25205
25206
25207
25208
25209
25210
25211
25212
25213
25214
25215
25216
25217
25218
25219
25220
25221
25222
25223
25224
25225
25226
25227
25228
25229
25230
25231
25232
25233
25234
25235
25236
25237
25238
25239
25240
25241
25242
25243
25244
25245
25246
25247
25248
25249
25250
25251
25252
25253
25254
25255
25256
25257
25258
25259
25260
25261
25262
25263
25264
25265
25266
25267
25268
25269
25270
25271
25272
25273
25274
25275
25276
25277
25278
25279
25280
25281
25282
25283
25284
25285
25286
25287
25288
25289
25290
25291
25292
25293
25294
25295
25296
25297
25298
25299
25300
25301
25302
25303
25304
25305
25306
25307
25308
25309
25310
25311
25312
25313
25314
25315
25316
25317
25318
25319
25320
25321
25322
25323
25324
25325
25326
25327
25328
25329
25330
25331
25332
25333
25334
25335
25336
25337
25338
25339
25340
25341
25342
25343
25344
25345
25346
25347
25348
25349
25350
25351
25352
25353
25354
25355
25356
25357
25358
25359
25360
25361
25362
25363
25364
25365
25366
25367
25368
25369
25370
25371
25372
25373
25374
25375
25376
25377
25378
25379
25380
25381
25382
25383
25384
25385
25386
25387
25388
25389
25390
25391
25392
25393
25394
25395
25396
25397
25398
25399
25400
25401
25402
25403
25404
25405
25406
25407
25408
25409
25410
25411
25412
25413
25414
25415
25416
25417
25418
25419
25420
25421
25422
25423
25424
25425
25426
25427
25428
25429
25430
25431
25432
25433
25434
25435
25436
25437
25438
25439
25440
25441
25442
25443
25444
25445
25446
25447
25448
25449
25450
25451
25452
25453
25454
25455
25456
25457
25458
25459
25460
25461
25462
25463
25464
25465
25466
25467
25468
25469
25470
25471
25472
25473
25474
25475
25476
25477
25478
25479
25480
25481
25482
25483
25484
25485
25486
25487
25488
25489
25490
25491
25492
25493
25494
25496
25497
25498
25499
25500
25501
25502
25503
25504
25505
25506
25507
25508
25509
25510
25511
25512
25513
25514
25515
25516
25517
25518
25519
25520
25521
25522
25523
25524
25525
25526
25527
25528
25529
25530
25531
25532
25533
25534
25535
25536
25537
25538
25539
25540
25541
25542
25543
25544
25545
25546
25547
25548
25549
25550
25551
25552
25553
25554
25555
25556
25557
25558
25559
25560
25561
25562
25563
25564
25565
25566
25567
25568
25569
25570
25571
25572
25573
25574
25575
25576
25577
25578
25579
25580
25581
25582
25583
25584
25585
25586
25587
25588
25589
25590
25591
25592
25593
25594
25595
25596
25597
25598
25599
25600
25601
25602
25603
25604
25605
25606
25607
25608
25609
25610
25611
25612
25613
25614
25615
25616
25617
25618
25619
25620
25621
25622
25623
25624
25625
25626
25627
25628
25629
25630
25631
25632
25633
25634
25635
25636
25637
25638
25639
25640
25641
25642
25643
25644
25645
25646
25647
25648
25649
25650
25651
25652
25653
25654
25655
25656
25657
25658
25659
25660
25661
25662
25663
25664
25665
25666
25667
25668
25669
25670
25671
25672
25673
25674
25675
25676
25678
25679
25680
25681
25682
25683
25684
25685
25686
25687
25688
25689
25690
25691
25692
25693
25694
25695
25696
25697
25698
25699
25700
25701
25702
25703
25704
25705
25706
25707
25708
25709
25710
25711
25712
25713
25714
25715
25716
25717
25718
25719
25720
25721
25722
25723
25724
25725
25726
25727
25728
25729
25730
25731
25732
25733
25734
25735
25736
25737
25738
25739
25740
25741
25742
25743
25744
25745
25746
25747
25748
25749
25750
25751
25752
25753
25754
25755
25756
25757
25758
25759
25760
25761
25762
25763
25764
25765
25766
25767
25768
25769
25770
25771
25772
25773
25774
25775
25776
25777
25778
25779
25780
25781
25782
25783
25784
25785
25786
25787
25788
25789
25790
25791
25792
25793
25794
25795
25796
25797
25798
25799
25800
25801
25802
25803
25804
25805
25806
25807
25808
25809
25810
25811
25812
25813
25814
25815
25816
25817
25818
25819
25820
25821
25822
25823
25824
25825
25826
25827
25828
25829
25830
25831
25832
25833
25834
25835
25836
25837
25838
25839
25840
25841
25842
25843
25844
25845
25846
25847
25848
25849
25850
25851
25852
25853
25854
25855
25856
25857
25858
25859
25860
25861
25862
25863
25864
25865
25866
25867
25868
25869
25870
25871
25872
25873
25874
25875
25876
25877
25878
25879
25880
25881
25882
25883
25884
25885
25886
25887
25888
25889
25890
25891
25892
25893
25894
25895
25896
25897
25898
25899
25900
25901
25902
25903
25904
25905
25906
25907
25908
25909
25910
25911
25912
25913
25914
25915
25916
25917
25918
25919
25920
25921
25922
25923
25924
25925
25926
25927
25928
25929
25930
25931
25932
25933
25934
25935
25936
25937
25938
25939
25940
25941
25942
25943
25944
25945
25946
25947
25948
25949
25950
25951
25952
25953
25954
25955
25956
25957
25958
25959
25960
25961
25962
25963
25964
25965
25966
25967
25968
25969
25970
25971
25972
25973
25974
25975
25976
25977
25978
25979
25980
25981
25982
25983
25984
25985
25986
25987
25988
25989
25990
25991
25992
25993
25994
25995
25996
25997
25998
25999
26000
26001
26002
26003
26004
26005
26006
26007
26008
26009
26010
26011
26012
26013
26014
26015
26016
26017
26018
26019
26020
26021
26022
26023
26024
26025
26026
26027
26028
26029
26030
26031
26032
26033
26034
26035
26036
26037
26038
26039
26040
26041
26042
26043
26044
26045
26046
26047
26048
26049
26050
26051
26052
26053
26054
26055
26056
26057
26058
26059
26060
26061
26062
26063
26065
26066
26067
26068
26069
26070
26071
26072
26073
26074
26075
26076
26077
26078
26079
26080
26081
26082
26083
26084
26085
26086
26087
26088
26089
26090
26091
26092
26093
26094
26095
26096
26097
26098
26099
26100
26101
26102
26103
26104
26105
26106
26107
26108
26109
26110
26111
26112
26113
26114
26115
26116
26117
26118
26119
26120
26121
26122
26123
26124
26125
26126
26127
26128
26129
26130
26131
26132
26133
26134
26135
26136
26137
26138
26139
26140
26141
26142
26143
26144
26145
26146
26147
26148
26149
26150
26151
26152
26153
26154
26155
26156
26157
26158
26159
26160
26161
26162
26163
26164
26165
26166
26167
26168
26169
26170
26171
26172
26173
26174
26175
26176
26177
26178
26179
26180
26181
26182
26183
26184
26185
26186
26187
26188
26189
26190
26191
26192
26193
26194
26195
26196
26197
26198
26199
26200
26201
26202
26203
26204
26205
26206
26207
26208
26209
26210
26211
26212
26213
26214
26215
26216
26217
26218
26219
26220
26221
26222
26223
26224
26225
26226
26227
26228
26229
26230
26231
26232
26233
26234
26235
26236
26237
26238
26239
26240
26241
26242
26243
26244
26245
26246
26247
26248
26249
26250
26251
26252
26253
26254
26255
26256
26257
26258
26259
26260
26261
26262
26263
26264
26265
26266
26267
26268
26269
26270
26271
26272
26273
26274
26275
26276
26277
26278
26279
26280
26281
26282
26283
26284
26285
26286
26287
26288
26289
26290
26291
26292
26293
26294
26295
26296
26297
26298
26299
26300
26301
26302
26303
26304
26305
26306
26307
26308
26309
26310
26311
26312
26313
26314
26315
26316
26317
26318
26319
26320
26321
26322
26323
26324
26325
26326
26327
26328
26329
26330
26331
26332
26333
26334
26335
26336
26338
26339
26340
26341
26342
26343
26344
26345
26346
26347
26348
26349
26350
26351
26352
26353
26354
26355
26356
26357
26358
26359
26360
26361
26362
26363
26364
26365
26366
26367
26368
26369
26370
26371
26372
26373
26374
26375
26376
26377
26378
26379
26380
26381
26382
26383
26384
26385
26386
26387
26388
26389
26390
26391
26392
26393
26394
26395
26396
26397
26398
26399
26400
26401
26402
26403
26404
26405
26406
26407
26408
26409
26410
26411
26412
26413
26414
26415
26416
26417
26418
26419
26420
26421
26422
26423
26424
26425
26426
26427
26428
26429
26430
26431
26432
26433
26434
26435
26436
26437
26438
26439
26440
26441
26442
26443
26444
26445
26446
26447
26448
26449
26450
26451
26452
26453
26454
26455
26456
26457
26458
26459
26460
26461
26462
26463
26464
26465
26466
26467
26468
26469
26470
26471
26472
26473
26474
26475
26476
26477
26478
26479
26480
26481
26482
26483
26484
26485
26486
26487
26488
26489
26490
26491
26492
26493
26494
26495
26496
26497
26498
26499
26500
26501
26502
26503
26504
26505
26506
26507
26508
26509
26510
26512
26513
26514
26515
26516
26517
26518
26519
26520
26521
26522
26523
26524
26525
26526
26527
26528
26529
26530
26531
26532
26533
26534
26535
26536
26537
26538
26539
26540
26541
26542
26543
26544
26545
26546
26547
26548
26549
26550
26551
26552
26553
26554
26555
26556
26557
26558
26559
26560
26561
26562
26563
26564
26565
26566
26567
26568
26569
26570
26571
26572
26573
26574
26575
26576
26577
26578
26579
26580
26581
26582
26583
26584
26585
26586
26587
26588
26589
26590
26591
26592
26593
26594
26595
26596
26597
26598
26599
26600
26601
26602
26603
26604
26605
26606
26607
26608
26609
26610
26611
26612
26613
26614
26615
26616
26617
26618
26619
26620
26621
26622
26623
26624
26626
26627
26628
26629
26630
26631
26632
26633
26634
26635
26636
26637
26638
26639
26640
26641
26642
26643
26644
26645
26646
26647
26648
26649
26650
26651
26652
26653
26654
26655
26656
26657
26658
26659
26660
26661
26662
26663
26664
26665
26666
26667
26668
26669
26670
26671
26672
26673
26674
26675
26676
26677
26678
26679
26680
26681
26682
26683
26684
26685
26686
26687
26688
26689
26690
26691
26692
26693
26694
26695
26696
26697
26698
26699
26700
26701
26702
26703
26704
26705
26706
26707
26708
26709
26710
26711
26712
26713
26714
26715
26716
26717
26718
26719
26720
26721
26722
26723
26724
26725
26726
26727
26728
26729
26730
26731
26732
26733
26734
26735
26736
26737
26738
26739
26740
26741
26742
26743
26745
26746
26747
26748
26749
26750
26751
26752
26753
26754
26755
26756
26757
26758
26759
26760
26761
26762
26763
26764
26765
26766
26767
26768
26769
26770
26771
26772
26773
26774
26775
26776
26777
26778
26779
26780
26781
26782
26783
26784
26785
26786
26787
26788
26789
26790
26791
26792
26793
26794
26795
26796
26797
26798
26799
26800
26801
26802
26803
26804
26805
26806
26807
26808
26809
26810
26811
26812
26813
26814
26815
26816
26817
26818
26819
26820
26821
26822
26823
26824
26825
26826
26827
26828
26829
26830
26831
26832
26833
26834
26835
26836
26837
26838
26839
26840
26841
26842
26843
26844
26845
26846
26847
26848
26849
26850
26851
26852
26853
26854
26855
26856
26857
26858
26859
26860
26861
26862
26863
26864
26865
26867
26868
26869
26870
26871
26872
26873
26874
26875
26876
26877
26878
26879
26880
26881
26882
26883
26884
26885
26886
26887
26888
26889
26890
26891
26892
26893
26894
26895
26896
26897
26898
26899
26900
26901
26902
26903
26904
26905
26906
26907
26908
26909
26910
26911
26912
26913
26914
26915
26916
26917
26918
26919
26920
26921
26922
26923
26924
26925
26926
26927
26928
26929
26930
26931
26932
26933
26934
26935
26936
26937
26938
26939
26940
26941
26942
26943
26944
26945
26946
26947
26948
26949
26950
26951
26952
26953
26954
26955
26956
26957
26958
26959
26960
26961
26962
26963
26964
26965
26966
26967
26968
26969
26970
26971
26972
26973
26974
26975
26976
26977
26978
26979
26980
26981
26982
26983
26984
26985
26986
26987
26988
26989
26990
26991
26992
26993
26994
26995
26996
26997
26998
26999
27000
27001
27002
27003
27004
27005
27006
27007
27008
27009
27010
27011
27012
27013
27014
27015
27016
27017
27018
27019
27020
27021
27022
27023
27024
27025
27026
27027
27028
27029
27030
27031
27032
27033
27034
27035
27036
27037
27038
27039
27040
27041
27042
27043
27044
27045
27046
27047
27048
27049
27050
27051
27052
27053
27054
27055
27056
27057
27058
27059
27060
27061
27062
27063
27064
27065
27066
27067
27068
27069
27070
27071
27072
27073
27074
27075
27076
27077
27078
27079
27080
27081
27082
27083
27084
27085
27086
27087
27088
27089
27090
27091
27092
27094
27095
27096
27097
27098
27099
27100
27101
27102
27103
27104
27105
27106
27107
27108
27109
27110
27111
27112
27113
27114
27115
27116
27117
27118
27119
27120
27121
27122
27123
27124
27125
27126
27127
27128
27129
27130
27131
27132
27133
27134
27135
27136
27137
27138
27139
27140
27141
27142
27143
27144
27145
27146
27147
27148
27149
27150
27151
27152
27153
27154
27155
27156
27157
27158
27159
27160
27161
27162
27163
27164
27165
27166
27167
27168
27169
27170
27171
27172
27173
27174
27175
27176
27177
27178
27179
27180
27181
27182
27183
27184
27185
27186
27187
27188
27189
27190
27191
27192
27193
27194
27195
27196
27197
27198
27199
27200
27201
27202
27203
27204
27205
27206
27207
27208
27209
27210
27211
27212
27213
27214
27215
27216
27217
27218
27219
27220
27221
27222
27223
27224
27225
27226
27227
27228
27229
27230
27231
27232
27233
27234
27235
27236
27237
27238
27239
27240
27241
27242
27243
27244
27245
27246
27247
27248
27249
27250
27251
27252
27253
27254
27255
27256
27257
27258
27259
27260
27261
27262
27263
27264
27265
27266
27267
27268
27269
27270
27271
27272
27273
27274
27275
27276
27277
27278
27279
27280
27281
27282
27283
27284
27285
27286
27287
27288
27289
27290
27291
27292
27293
27294
27295
27296
27297
27298
27299
27300
27301
27302
27303
27304
27305
27306
27307
27308
27309
27310
27311
27312
27313
27314
27315
27316
27317
27318
27319
27320
27321
27322
27323
27324
27325
27326
27327
27328
27329
27330
27331
27332
27333
27334
27335
27336
27337
27338
27339
27340
27341
27342
27343
27344
27345
27346
27347
27348
27349
27350
27351
27352
27353
27354
27355
27356
27357
27358
27359
27360
27361
27362
27363
27364
27365
27366
27367
27368
27369
27370
27371
27372
27373
27374
27375
27376
27377
27378
27379
27380
27381
27382
27383
27384
27385
27386
27387
27388
27389
27390
27391
27392
27393
27394
27395
27396
27397
27398
27400
27401
27402
27403
27404
27405
27406
27407
27408
27409
27410
27411
27412
27413
27414
27415
27416
27417
27418
27419
27420
27421
27422
27423
27424
27425
27426
27427
27428
27429
27430
27431
27432
27433
27434
27435
27436
27437
27438
27439
27440
27441
27442
27443
27444
27445
27446
27447
27448
27449
27450
27451
27452
27453
27454
27455
27456
27457
27458
27459
27460
27461
27462
27463
27464
27465
27466
27467
27468
27469
27470
27471
27472
27473
27474
27475
27476
27477
27478
27479
27480
27481
27482
27483
27484
27485
27486
27487
27488
27489
27490
27491
27492
27493
27494
27495
27496
27497
27498
27499
27500
27501
27502
27503
27504
27505
27506
27507
27508
27509
27510
27511
27512
27513
27514
27515
27516
27517
27518
27519
27520
27521
27522
27523
27524
27525
27526
27527
27528
27529
27530
27531
27532
27533
27534
27535
27536
27537
27538
27539
27540
27541
27542
27543
27544
27545
27546
27547
27548
27549
27550
27551
27552
27553
27554
27555
27556
27557
27558
27559
27560
27561
27562
27563
27564
27565
27566
27567
27568
27569
27570
27571
27572
27573
27574
27575
27576
27577
27578
27579
27580
27581
27582
27583
27584
27585
27586
27587
27588
27589
27590
27591
27592
27593
27594
27595
27596
27597
27598
27599
27600
27601
27602
27603
27604
27605
27606
27607
27608
27609
27610
27611
27612
27613
27614
27615
27616
27617
27618
27619
27620
27621
27622
27623
27624
27625
27626
27627
27628
27629
27630
27631
27632
27633
27634
27635
27636
27637
27638
27639
27640
27641
27642
27643
27644
27645
27646
27647
27648
27649
27650
27651
27652
27653
27654
27655
27656
27657
27658
27659
27660
27661
27662
27663
27664
27665
27666
27667
27668
27669
27670
27671
27672
27673
27674
27675
27676
27677
27678
27679
27680
27681
27682
27683
27684
27685
27686
27687
27688
27689
27690
27692
27693
27694
27695
27696
27697
27698
27699
27700
27701
27702
27703
27704
27705
27706
27707
27708
27709
27710
27711
27712
27713
27714
27715
27716
27717
27718
27719
27720
27721
27722
27723
27724
27725
27726
27727
27728
27729
27730
27731
27732
27733
27734
27735
27736
27737
27738
27739
27740
27741
27742
27743
27744
27745
27746
27747
27748
27749
27750
27751
27752
27753
27754
27755
27756
27757
27758
27759
27760
27761
27762
27763
27764
27765
27766
27767
27768
27769
27770
27771
27772
27773
27774
27775
27776
27777
27778
27779
27780
27781
27782
27783
27784
27785
27786
27787
27788
27789
27790
27791
27792
27793
27794
27795
27796
27797
27798
27799
27800
27801
27802
27803
27804
27805
27806
27807
27808
27809
27810
27811
27812
27814
27815
27816
27817
27818
27819
27820
27821
27822
27823
27824
27825
27826
27827
27828
27829
27830
27831
27832
27833
27834
27835
27836
27837
27838
27839
27840
27841
27842
27843
27844
27845
27846
27847
27848
27849
27850
27851
27852
27853
27854
27855
27856
27857
27858
27859
27860
27861
27862
27863
27864
27865
27866
27867
27868
27869
27870
27871
27872
27873
27874
27875
27876
27877
27878
27879
27880
27881
27882
27883
27884
27885
27886
27887
27888
27889
27890
27891
27892
27893
27894
27895
27896
27897
27898
27899
27900
27901
27902
27903
27904
27905
27906
27907
27908
27909
27910
27911
27912
27913
27914
27915
27916
27917
27918
27919
27920
27921
27922
27923
27924
27925
27926
27927
27928
27929
27930
27931
27932
27933
27934
27935
27936
27937
27938
27939
27940
27941
27942
27943
27944
27945
27946
27947
27948
27949
27950
27951
27952
27953
27954
27955
27956
27957
27958
27959
27960
27961
27962
27963
27964
27965
27966
27967
27968
27969
27970
27971
27972
27973
27974
27975
27976
27978
27979
27980
27981
27982
27983
27984
27985
27986
27987
27988
27989
27990
27991
27992
27993
27994
27995
27996
27997
27998
27999
28000
28001
28002
28003
28004
28005
28006
28007
28008
28009
28010
28011
28012
28013
28014
28015
28016
28017
28018
28019
28020
28021
28022
28023
28024
28025
28026
28027
28028
28029
28030
28031
28032
28033
28034
28035
28036
28037
28038
28039
28040
28041
28042
28043
28044
28045
28046
28047
28048
28049
28050
28051
28052
28053
28054
28055
28056
28057
28058
28059
28060
28061
28062
28063
28064
28065
28066
28067
28068
28069
28070
28071
28072
28073
28074
28075
28076
28077
28078
28079
28080
28081
28082
28083
28084
28085
28086
28087
28088
28089
28090
28091
28092
28093
28094
28095
28096
28097
28098
28099
28100
28101
28102
28103
28104
28105
28106
28107
28108
28109
28110
28111
28112
28113
28114
28115
28116
28117
28118
28119
28120
28121
28122
28123
28124
28125
28126
28127
28128
28129
28130
28131
28132
28133
28134
28135
28136
28137
28138
28139
28140
28141
28142
28143
28144
28145
28146
28147
28148
28149
28150
28151
28152
28153
28154
28155
28156
28157
28158
28159
28160
28161
28162
28163
28164
28165
28166
28167
28168
28169
28170
28171
28172
28173
28174
28175
28176
28177
28178
28179
28180
28181
28182
28183
28184
28185
28186
28187
28188
28189
28190
28191
28192
28193
28194
28195
28196
28197
28198
28199
28200
28201
28202
28203
28204
28205
28206
28207
28208
28209
28210
28211
28212
28213
28214
28215
28216
28217
28218
28219
28220
28221
28222
28223
28224
28225
28226
28227
28228
28229
28230
28231
28232
28233
28234
28235
28236
28237
28238
28239
28240
28241
28242
28243
28244
28245
28246
28247
28248
28249
28250
28251
28252
28253
28254
28255
28256
28257
28258
28259
28260
28261
28262
28263
28264
28265
28266
28267
28268
28269
28270
28271
28272
28273
28274
28275
28276
28277
28278
28279
28280
28281
28282
28283
28284
28285
28286
28287
28288
28289
28290
28291
28292
28293
28294
28295
28296
28297
28298
28299
28300
28301
28302
28303
28304
28305
28306
28307
28308
28309
28310
28311
28312
28313
28314
28315
28316
28317
28318
28319
28320
28321
28322
28323
28324
28325
28326
28327
28328
28329
28330
28331
28332
28333
28334
28335
28336
28337
28338
28339
28340
28341
28342
28343
28344
28345
28346
28347
28348
28349
28350
28351
28352
28353
28354
28355
28356
28357
28358
28359
28360
28361
28362
28363
28364
28365
28366
28367
28368
28369
28370
28371
28372
28373
28374
28375
28376
28377
28378
28379
28380
28381
28382
28383
28384
28385
28387
28388
28389
28390
28391
28392
28393
28394
28395
28396
28397
28398
28399
28400
28401
28402
28403
28404
28405
28406
28407
28408
28409
28410
28411
28412
28413
28414
28415
28416
28417
28418
28419
28420
28421
28422
28423
28424
28425
28426
28427
28428
28429
28430
28431
28432
28433
28434
28435
28436
28437
28438
28439
28440
28441
28442
28443
28444
28445
28446
28447
28448
28449
28450
28451
28452
28453
28454
28455
28456
28457
28458
28459
28460
28461
28462
28463
28464
28465
28466
28467
28468
28469
28470
28471
28472
28473
28474
28475
28476
28477
28478
28479
28480
28481
28482
28483
28484
28485
28486
28487
28488
28489
28490
28491
28492
28493
28494
28495
28496
28497
28498
28499
28500
28501
28502
28503
28504
28505
28506
28507
28508
28509
28510
28511
28512
28513
28514
28515
28516
28517
28518
28519
28520
28521
28522
28523
28524
28525
28526
28527
28528
28529
28530
28531
28532
28533
28534
28535
28536
28537
28538
28539
28540
28541
28542
28543
28544
28545
28546
28547
28548
28549
28550
28551
28552
28553
28554
28555
28556
28557
28558
28559
28560
28561
28562
28563
28564
28565
28566
28567
28568
28569
28570
28571
28572
28573
28574
28575
28576
28577
28578
28579
28580
28581
28582
28583
28584
28585
28586
28587
28588
28589
28590
28591
28592
28593
28594
28595
28596
28597
28598
28599
28600
28601
28602
28603
28604
28605
28606
28607
28608
28609
28610
28611
28612
28613
28614
28615
28616
28617
28618
28619
28620
28621
28622
28623
28624
28625
28626
28627
28628
28629
28630
28631
28632
28633
28634
28635
28636
28637
28638
28639
28640
28641
28642
28643
28644
28645
28646
28647
28648
28649
28650
28651
28652
28653
28654
28655
28656
28657
28658
28659
28660
28661
28662
28663
28664
28665
28666
28667
28668
28669
28670
28671
28672
28673
28674
28675
28676
28677
28678
28679
28680
28681
28682
28683
28684
28685
28686
28687
28688
28689
28690
28691
28692
28693
28694
28695
28696
28697
28698
28699
28700
28701
28702
28703
28704
28705
28706
28707
28708
28709
28710
28711
28712
28713
28714
28715
28716
28717
28718
28719
28720
28721
28722
28723
28724
28725
28726
28727
28728
28729
28730
28731
28732
28733
28734
28735
28736
28737
28738
28739
28740
28741
28742
28743
28744
28745
28746
28747
28748
28749
28750
28751
28752
28753
28754
28755
28756
28757
28758
28759
28760
28761
28762
28763
28764
28765
28766
28767
28768
28769
28770
28771
28772
28773
28774
28775
28776
28777
28778
28779
28780
28781
28782
28783
28784
28785
28786
28787
28788
28789
28790
28791
28792
28793
28794
28795
28796
28797
28798
28799
28800
28801
28802
28803
28804
28805
28806
28807
28808
28809
28810
28811
28812
28813
28814
28815
28816
28817
28818
28819
28820
28821
28822
28823
28824
28825
28826
28827
28828
28829
28830
28831
28832
28833
28834
28835
28836
28837
28838
28839
28840
28841
28842
28843
28844
28845
28846
28847
28848
28849
28850
28851
28852
28853
28854
28855
28856
28857
28858
28859
28860
28861
28862
28863
28864
28865
28866
28867
28868
28869
28870
28871
28872
28873
28874
28875
28876
28877
28878
28879
28880
28881
28882
28883
28884
28885
28886
28887
28888
28889
28890
28891
28892
28893
28894
28895
28896
28897
28898
28899
28900
28901
28902
28903
28904
28905
28906
28907
28908
28909
28910
28911
28912
28913
28914
28915
28916
28917
28918
28919
28920
28921
28922
28923
28924
28925
28926
28927
28928
28929
28930
28931
28932
28933
28934
28935
28936
28937
28938
28939
28940
28941
28942
28943
28944
28945
28946
28947
28948
28949
28950
28951
28952
28953
28954
28955
28956
28957
28958
28959
28960
28961
28962
28963
28964
28965
28966
28967
28968
28969
28970
28971
28972
28973
28974
28975
28976
28978
28979
28980
28981
28982
28983
28984
28985
28986
28987
28988
28989
28990
28991
28992
28993
28994
28995
28996
28997
28998
28999
29000
29001
29002
29003
29004
29005
29006
29007
29008
29009
29010
29011
29012
29013
29014
29015
29016
29017
29018
29019
29020
29021
29022
29023
29024
29025
29026
29027
29028
29029
29030
29031
29032
29033
29034
29035
29036
29037
29038
29039
29040
29041
29042
29043
29044
29045
29046
29047
29048
29049
29050
29051
29052
29053
29054
29055
29056
29057
29058
29059
29060
29061
29062
29063
29064
29065
29066
29067
29068
29069
29070
29071
29072
29073
29074
29075
29076
29077
29078
29079
29080
29081
29082
29083
29084
29085
29086
29087
29088
29089
29090
29091
29092
29093
29094
29095
29096
29097
29098
29099
29100
29101
29102
29103
29104
29105
29106
29107
29108
29109
29110
29111
29112
29113
29114
29115
29116
29117
29118
29119
29120
29121
29122
29123
29124
29125
29126
29127
29128
29129
29130
29131
29132
29133
29134
29135
29136
29137
29138
29139
29140
29141
29142
29143
29144
29145
29146
29147
29148
29149
29150
29151
29152
29153
29154
29155
29156
29157
29158
29159
29160
29161
29162
29163
29164
29165
29166
29167
29168
29169
29170
29171
29172
29173
29174
29175
29176
29177
29178
29179
29180
29181
29182
29183
29184
29185
29186
29187
29188
29189
29190
29191
29192
29193
29194
29195
29196
29197
29198
29199
29200
29201
29202
29203
29204
29205
29206
29207
29208
29209
29210
29211
29212
29213
29214
29215
29216
29217
29218
29219
29220
29221
29222
29223
29224
29225
29226
29227
29228
29229
29230
29231
29232
29233
29234
29235
29236
29237
29238
29239
29240
29241
29242
29243
29244
29245
29246
29247
29248
29249
29250
29251
29252
29253
29254
29255
29256
29257
29258
29259
29260
29261
29262
29263
29264
29265
29266
29267
29268
29269
29270
29271
29272
29273
29274
29275
29276
29277
29278
29279
29280
29281
29282
29283
29284
29285
29286
29287
29288
29289
29290
29291
29292
29293
29294
29295
29296
29297
29298
29299
29300
29301
29302
29303
29304
29305
29306
29307
29308
29309
29310
29311
29312
29313
29314
29315
29316
29317
29318
29319
29320
29321
29322
29323
29324
29325
29326
29327
29328
29329
29330
29331
29332
29333
29334
29335
29336
29337
29338
29339
29340
29341
29342
29343
29344
29345
29346
29347
29348
29349
29350
29351
29352
29353
29354
29355
29356
29357
29358
29359
29360
29361
29362
29363
29364
29365
29366
29367
29368
29369
29370
29371
29372
29373
29374
29375
29376
29377
29378
29379
29380
29381
29382
29383
29384
29385
29386
29387
29388
29389
29390
29391
29392
29393
29394
29395
29396
29397
29398
29399
29400
29401
29402
29403
29404
29406
29407
29408
29409
29410
29411
29412
29413
29414
29415
29416
29417
29418
29419
29420
29421
29422
29423
29424
29425
29426
29427
29428
29429
29430
29431
29432
29433
29434
29435
29436
29437
29438
29439
29440
29441
29442
29443
29444
29445
29446
29447
29448
29449
29450
29451
29452
29453
29454
29455
29456
29457
29458
29459
29460
29461
29462
29463
29464
29465
29466
29467
29468
29469
29470
29471
29472
29473
29474
29475
29476
29477
29478
29479
29480
29481
29482
29483
29484
29485
29486
29487
29488
29489
29490
29491
29492
29493
29494
29495
29496
29497
29498
29499
29500
29501
29502
29503
29504
29505
29506
29507
29508
29509
29510
29511
29512
29513
29514
29515
29516
29517
29518
29519
29520
29521
29522
29523
29525
29526
29527
29528
29529
29530
29531
29532
29533
29534
29535
29536
29537
29538
29539
29540
29541
29542
29543
29544
29545
29546
29547
29548
29549
29550
29551
29552
29553
29554
29555
29556
29557
29558
29559
29560
29561
29562
29563
29564
29565
29566
29567
29568
29569
29570
29571
29572
29573
29574
29575
29576
29577
29578
29579
29580
29581
29582
29583
29584
29585
29586
29587
29588
29589
29590
29591
29592
29593
29594
29595
29596
29597
29598
29599
29600
29601
29602
29603
29604
29605
29606
29607
29608
29609
29610
29611
29612
29613
29614
29615
29616
29617
29618
29619
29620
29621
29622
29623
29624
29625
29626
29627
29628
29629
29630
29631
29632
29633
29634
29635
29636
29637
29638
29639
29640
29641
29642
29643
29644
29645
29646
29647
29648
29649
29650
29651
29652
29653
29654
29655
29656
29657
29658
29659
29660
29661
29662
29663
29664
29665
29666
29667
29668
29669
29670
29671
29672
29673
29674
29675
29676
29677
29678
29679
29680
29681
29682
29683
29684
29685
29686
29687
29688
29689
29690
29691
29692
29693
29694
29695
29696
29697
29698
29699
29700
29701
29702
29703
29704
29705
29706
29707
29708
29709
29710
29711
29712
29713
29714
29715
29716
29717
29718
29719
29720
29721
29722
29723
29724
29725
29726
29727
29728
29729
29730
29731
29732
29733
29734
29735
29736
29737
29738
29739
29740
29741
29742
29743
29744
29745
29746
29747
29748
29749
29750
29751
29752
29753
29754
29755
29756
29757
29758
29759
29760
29761
29762
29763
29764
29765
29766
29767
29768
29769
29770
29771
29772
29773
29774
29775
29776
29777
29778
29779
29780
29781
29782
29783
29784
29785
29786
29787
29788
29789
29790
29791
29792
29793
29794
29795
29796
29797
29798
29799
29800
29801
29802
29803
29804
29805
29806
29807
29808
29809
29810
29811
29812
29813
29814
29815
29816
29817
29818
29819
29820
29821
29822
29823
29824
29825
29826
29827
29828
29829
29830
29831
29832
29833
29834
29835
29836
29837
29838
29839
29840
29841
29842
29843
29844
29845
29846
29847
29848
29849
29850
29851
29852
29853
29854
29855
29856
29857
29858
29859
29860
29861
29862
29863
29864
29865
29866
29867
29868
29869
29870
29871
29872
29873
29874
29875
29876
29877
29878
29879
29880
29881
29882
29883
29884
29885
29886
29887
29888
29889
29890
29891
29892
29893
29894
29895
29896
29897
29898
29899
29900
29901
29902
29903
29904
29905
29906
29907
29908
29909
29910
29911
29912
29913
29914
29915
29916
29917
29918
29919
29920
29921
29922
29923
29924
29925
29926
29927
29928
29929
29930
29931
29932
29933
29934
29935
29936
29937
29938
29939
29940
29941
29942
29943
29944
29945
29946
29947
29948
29949
29950
29951
29952
29953
29954
29955
29956
29957
29958
29959
29960
29961
29962
29963
29964
29965
29966
29967
29968
29969
29970
29971
29972
29973
29974
29975
29976
29977
29978
29979
29980
29981
29982
29983
29984
29985
29986
29987
29988
29989
29990
29991
29992
29993
29994
29995
29996
29997
29998
29999
30000
30001
30002
30003
30004
30005
30006
30007
30008
30009
30010
30011
30012
30013
30014
30015
30016
30017
30018
30019
30020
30021
30022
30023
30024
30025
30026
30027
30028
30029
30030
30031
30032
30033
30034
30035
30036
30037
30038
30039
30040
30041
30042
30043
30044
30045
30046
30047
30048
30049
30050
30051
30052
30053
30054
30055
30056
30057
30058
30059
30060
30061
30062
30063
30064
30065
30066
30067
30068
30069
30070
30071
30072
30073
30074
30075
30076
30077
30078
30079
30080
30081
30082
30083
30084
30085
30086
30087
30088
30089
30090
30091
30092
30093
30094
30095
30096
30097
30098
30099
30100
30101
30102
30103
30104
30105
30106
30107
30108
30109
30110
30111
30112
30113
30114
30115
30116
30117
30118
30119
30120
30121
30122
30123
30124
30125
30126
30127
30128
30129
30130
30131
30132
30133
30134
30135
30136
30137
30138
30139
30140
30141
30142
30143
30144
30145
30146
30147
30148
30149
30150
30151
30152
30153
30154
30155
30156
30157
30158
30159
30160
30161
30162
30163
30164
30165
30166
30167
30168
30169
30170
30171
30172
30173
30174
30175
30176
30177
30178
30179
30180
30181
30182
30183
30184
30185
30186
30187
30188
30189
30190
30191
30192
30193
30194
30195
30196
30197
30198
30199
30200
30201
30202
30203
30204
30205
30206
30207
30208
30209
30210
30211
30212
30213
30214
30215
30216
30217
30218
30219
30220
30221
30222
30223
30224
30226
30227
30228
30229
30230
30231
30232
30233
30234
30235
30236
30237
30238
30239
30240
30241
30242
30243
30244
30245
30246
30247
30248
30249
30250
30251
30252
30253
30254
30255
30256
30257
30258
30259
30260
30261
30262
30263
30264
30265
30266
30267
30268
30269
30270
30271
30272
30273
30274
30276
30277
30278
30279
30280
30281
30282
30283
30284
30285
30286
30287
30288
30289
30290
30291
30292
30293
30294
30295
30296
30297
30298
30299
30300
30301
30302
30303
30304
30305
30306
30307
30308
30309
30310
30311
30312
30313
30314
30315
30316
30317
30318
30319
30320
30321
30322
30323
30324
30325
30326
30327
30328
30329
30330
30331
30332
30333
30334
30335
30336
30337
30338
30339
30340
30341
30342
30343
30344
30345
30346
30347
30348
30349
30350
30351
30352
30353
30354
30355
30356
30357
30358
30359
30360
30361
30362
30363
30364
30365
30366
30367
30368
30369
30370
30371
30372
30373
30374
30375
30376
30377
30378
30379
30380
30381
30382
30383
30384
30385
30386
30387
30388
30389
30390
30391
30392
30393
30394
30395
30396
30397
30398
30399
30400
30401
30402
30403
30404
30405
30406
30407
30408
30409
30410
30411
30412
30413
30414
30415
30416
30417
30418
30419
30420
30421
30422
30423
30424
30425
30426
30427
30428
30429
30430
30431
30432
30433
30434
30435
30436
30437
30438
30439
30440
30441
30442
30443
30444
30445
30446
30447
30448
30449
30450
30451
30452
30453
30454
30455
30456
30457
30458
30459
30460
30461
30462
30463
30465
30466
30467
30468
30469
30470
30471
30472
30473
30474
30475
30476
30477
30478
30479
30480
30481
30482
30483
30484
30485
30486
30487
30488
30489
30490
30491
30492
30493
30494
30495
30496
30497
30498
30499
30500
30501
30502
30503
30504
30505
30506
30507
30508
30509
30510
30511
30512
30513
30514
30515
30516
30517
30518
30519
30520
30521
30522
30523
30524
30525
30526
30527
30528
30529
30530
30531
30532
30533
30534
30535
30536
30537
30538
30539
30540
30541
30542
30543
30544
30545
30546
30547
30548
30549
30550
30551
30552
30553
30554
30555
30556
30557
30558
30559
30560
30561
30562
30563
30564
30565
30566
30567
30568
30569
30570
30571
30572
30573
30574
30575
30576
30577
30578
30579
30580
30581
30582
30583
30584
30585
30586
30587
30588
30589
30590
30591
30592
30593
30594
30595
30596
30597
30598
30599
30600
30601
30602
30603
30604
30605
30606
30607
30608
30609
30610
30611
30612
30613
30614
30615
30616
30617
30618
30619
30620
30621
30622
30623
30624
30625
30626
30627
30628
30629
30630
30631
30632
30633
30634
30635
30636
30637
30638
30639
30640
30641
30642
30643
30644
30645
30646
30647
30648
30649
30650
30651
30652
30653
30654
30655
30656
30657
30658
30659
30660
30661
30662
30663
30664
30665
30666
30667
30668
30669
30670
30671
30672
30673
30674
30675
30676
30677
30678
30679
30680
30681
30682
30683
30684
30685
30686
30687
30688
30689
30690
30691
30692
30693
30694
30695
30696
30697
30698
30699
30700
30701
30702
30703
30704
30705
30706
30707
30708
30709
30710
30711
30712
30713
30714
30715
30716
30717
30718
30719
30720
30721
30722
30723
30724
30725
30726
30727
30728
30729
30730
30731
30732
30733
30734
30735
30736
30737
30738
30739
30740
30741
30742
30743
30744
30745
30746
30747
30748
30749
30750
30751
30752
30753
30754
30755
30756
30757
30758
30759
30760
30761
30762
30763
30764
30765
30766
30767
30768
30769
30770
30771
30772
30773
30774
30775
30776
30777
30778
30779
30780
30781
30782
30783
30784
30785
30786
30787
30788
30789
30790
30791
30792
30793
30794
30795
30796
30797
30798
30799
30800
30801
30802
30803
30804
30805
30806
30807
30808
30809
30810
30811
30812
30813
30814
30815
30816
30817
30818
30819
30820
30821
30822
30823
30824
30825
30826
30827
30828
30829
30830
30831
30832
30833
30834
30835
30836
30837
30838
30839
30840
30841
30842
30843
30844
30845
30846
30847
30848
30849
30850
30851
30852
30853
30854
30855
30856
30857
30858
30859
30860
30861
30862
30863
30864
30865
30866
30867
30868
30869
30870
30871
30872
30873
30874
30875
30876
30877
30878
30879
30880
30881
30882
30883
30884
30885
30886
30887
30888
30889
30890
30891
30892
30893
30894
30895
30896
30897
30898
30899
30900
30901
30902
30903
30904
30905
30906
30907
30908
30909
30910
30911
30912
30913
30914
30915
30916
30917
30918
30919
30920
30921
30922
30923
30924
30925
30926
30927
30928
30929
30930
30931
30932
30933
30934
30935
30936
30937
30938
30939
30940
30941
30942
30943
30944
30945
30946
30947
30948
30949
30950
30951
30952
30953
30954
30955
30956
30957
30958
30959
30960
30961
30962
30963
30964
30965
30966
30967
30968
30969
30970
30971
30972
30973
30974
30975
30976
30977
30978
30979
30980
30981
30982
30983
30984
30985
30986
30987
30988
30989
30990
30991
30992
30993
30994
30995
30996
30997
30998
30999
31000
31001
31002
31003
31004
31005
31006
31007
31008
31009
31010
31011
31012
31013
31014
31015
31016
31017
31018
31019
31020
31021
31022
31023
31024
31025
31026
31027
31028
31029
31030
31031
31032
31033
31034
31035
31036
31037
31038
31039
31040
31041
31042
31043
31044
31045
31046
31047
31048
31049
31050
31051
31052
31053
31054
31055
31056
31057
31058
31059
31060
31061
31062
31063
31064
31065
31066
31067
31068
31069
31070
31071
31072
31073
31074
31075
31076
31077
31078
31079
31080
31081
31082
31083
31084
31085
31086
31087
31088
31089
31090
31091
31092
31093
31094
31095
31096
31097
31098
31099
31100
31101
31102
31103
31104
31105
31106
31107
31108
31109
31110
31111
31112
31113
31114
31115
31116
31117
31118
31119
31120
31121
31122
31123
31124
31125
31126
31127
31128
31129
31130
31131
31132
31133
31134
31135
31136
31137
31138
31139
31140
31141
31142
31143
31144
31146
31147
31148
31149
31150
31151
31152
31153
31154
31155
31156
31157
31158
31159
31160
31161
31162
31163
31164
31165
31166
31167
31168
31169
31170
31171
31172
31173
31174
31175
31176
31177
31178
31179
31180
31181
31182
31183
31184
31185
31186
31187
31188
31189
31190
31191
31192
31193
31194
31195
31196
31197
31198
31199
31200
31201
31202
31203
31204
31205
31206
31207
31208
31209
31210
31211
31212
31213
31214
31215
31216
31217
31218
31219
31220
31221
31222
31223
31224
31226
31227
31228
31229
31230
31231
31232
31233
31234
31235
31236
31237
31238
31239
31240
31241
31242
31243
31244
31245
31246
31247
31248
31249
31250
31251
31252
31253
31254
31255
31256
31257
31258
31259
31260
31261
31262
31263
31264
31265
31266
31267
31268
31269
31270
31271
31272
31273
31274
31275
31276
31277
31278
31279
31280
31281
31282
31283
31284
31285
31286
31287
31288
31289
31290
31291
31292
31293
31294
31295
31296
31297
31298
31299
31300
31301
31302
31303
31304
31305
31306
31307
31308
31309
31310
31311
31312
31313
31314
31315
31316
31317
31318
31319
31320
31321
31322
31323
31324
31325
31326
31327
31328
31329
31330
31331
31332
31333
31334
31335
31336
31337
31338
31339
31340
31341
31342
31343
31344
31345
31346
31347
31348
31349
31350
31351
31352
31353
31354
31355
31356
31357
31358
31359
31360
31361
31362
31363
31364
31365
31366
31367
31368
31369
31371
31372
31373
31374
31375
31376
31377
31378
31379
31380
31381
31382
31383
31384
31385
31386
31387
31388
31389
31390
31391
31392
31393
31394
31395
31396
31397
31398
31399
31400
31401
31402
31403
31404
31405
31406
31407
31408
31409
31410
31411
31412
31413
31414
31415
31416
31417
31418
31419
31420
31421
31422
31423
31424
31425
31426
31427
31428
31429
31430
31431
31432
31433
31434
31435
31436
31437
31438
31439
31440
31441
31442
31443
31444
31445
31446
31447
31448
31449
31450
31451
31452
31453
31454
31455
31456
31457
31458
31459
31460
31461
31462
31463
31464
31465
31466
31467
31468
31469
31470
31471
31472
31473
31474
31475
31476
31477
31478
31479
31480
31481
31482
31483
31484
31485
31486
31487
31488
31489
31490
31491
31492
31493
31494
31495
31496
31497
31498
31499
31500
31501
31502
31503
31504
31505
31506
31507
31508
31509
31510
31511
31512
31513
31514
31515
31516
31517
31518
31519
31520
31521
31522
31523
31524
31525
31526
31527
31528
31529
31530
31531
31532
31533
31534
31535
31536
31537
31538
31539
31540
31541
31542
31543
31544
31545
31546
31547
31548
31549
31550
31551
31552
31553
31554
31555
31556
31557
31558
31559
31560
31561
31562
31563
31564
31565
31566
31567
31568
31569
31570
31571
31572
31573
31574
31575
31576
31577
31578
31579
31580
31581
31582
31583
31584
31585
31586
31587
31588
31589
31590
31591
31592
31593
31594
31595
31596
31597
31598
31599
31600
31601
31602
31603
31604
31605
31606
31607
31608
31609
31610
31611
31612
31613
31614
31615
31616
31617
31618
31619
31620
31621
31622
31623
31624
31625
31626
31627
31628
31629
31630
31631
31632
31633
31634
31635
31636
31637
31638
31639
31640
31641
31642
31643
31644
31645
31646
31647
31648
31649
31650
31651
31652
31653
31654
31655
31656
31657
31658
31659
31660
31661
31662
31663
31664
31665
31666
31667
31668
31669
31670
31671
31672
31673
31674
31675
31676
31677
31678
31679
31680
31681
31682
31683
31684
31685
31686
31687
31688
31689
31690
31691
31692
31693
31694
31695
31696
31697
31698
31699
31700
31701
31702
31703
31704
31705
31706
31707
31708
31709
31710
31711
31712
31713
31714
31715
31716
31717
31718
31719
31720
31721
31722
31723
31724
31725
31726
31727
31728
31729
31730
31731
31732
31733
31734
31735
31736
31737
31738
31739
31740
31741
31742
31743
31744
31745
31746
31747
31748
31749
31750
31751
31752
31753
31754
31756
31757
31758
31759
31760
31761
31762
31763
31764
31765
31766
31767
31768
31769
31770
31771
31772
31773
31774
31775
31776
31777
31778
31779
31780
31781
31782
31783
31784
31785
31786
31787
31788
31789
31790
31791
31792
31793
31794
31795
31796
31797
31798
31799
31800
31801
31802
31803
31804
31805
31806
31807
31808
31809
31810
31811
31812
31813
31814
31815
31816
31817
31818
31819
31820
31821
31822
31823
31824
31825
31826
31827
31828
31829
31830
31831
31832
31833
31834
31835
31836
31837
31838
31839
31840
31841
31842
31843
31844
31845
31846
31847
31848
31849
31850
31851
31852
31854
31855
31856
31857
31858
31859
31860
31861
31862
31863
31864
31865
31866
31867
31868
31869
31870
31871
31872
31873
31874
31875
31876
31877
31878
31879
31880
31881
31882
31883
31884
31885
31886
31887
31888
31889
31890
31891
31893
31894
31895
31896
31897
31898
31899
31900
31901
31902
31903
31904
31905
31906
31907
31908
31909
31910
31911
31912
31913
31914
31915
31916
31917
31918
31919
31920
31921
31922
31923
31924
31925
31926
31927
31928
31929
31930
31931
31932
31933
31934
31935
31936
31937
31938
31939
31940
31941
31942
31943
31944
31945
31946
31947
31948
31949
31950
31951
31952
31953
31954
31955
31956
31957
31958
31959
31960
31961
31962
31963
31964
31965
31966
31967
31968
31969
31970
31971
31972
31973
31974
31975
31976
31977
31978
31979
31980
31981
31982
31983
31984
31985
31986
31987
31988
31989
31990
31991
31992
31993
31994
31995
31996
31997
31998
31999
32000
32001
32002
32003
32004
32005
32006
32007
32008
32009
32010
32011
32012
32013
32014
32015
32016
32017
32018
32019
32020
32021
32022
32023
32024
32025
32026
32027
32028
32029
32030
32031
32032
32033
32034
32035
32036
32037
32038
32039
32040
32041
32042
32043
32044
32045
32046
32047
32048
32049
32050
32051
32052
32053
32054
32055
32056
32057
32058
32059
32060
32061
32062
32063
32064
32065
32066
32067
32068
32069
32070
32071
32072
32073
32074
32075
32076
32077
32078
32079
32080
32081
32082
32083
32084
32085
32086
32087
32088
32089
32090
32091
32092
32093
32094
32095
32096
32097
32098
32099
32100
32101
32102
32103
32104
32105
32106
32107
32108
32109
32110
32111
32112
32113
32114
32115
32116
32117
32118
32119
32120
32121
32122
32123
32124
32125
32126
32127
32128
32129
32130
32131
32132
32133
32134
32135
32136
32137
32138
32139
32140
32141
32142
32143
32144
32145
32146
32147
32148
32149
32150
32151
32152
32153
32154
32155
32156
32157
32158
32159
32160
32161
32162
32163
32164
32165
32166
32167
32168
32169
32170
32171
32172
32173
32174
32175
32176
32177
32178
32179
32180
32181
32182
32183
32184
32185
32186
32187
32188
32189
32190
32191
32192
32193
32194
32195
32196
32197
32198
32199
32200
32201
32202
32203
32204
32205
32206
32207
32208
32209
32210
32211
32212
32213
32214
32215
32216
32217
32218
32219
32220
32221
32222
32223
32224
32225
32226
32227
32228
32229
32230
32231
32232
32233
32234
32235
32236
32237
32238
32239
32240
32241
32242
32243
32244
32245
32246
32247
32248
32249
32250
32251
32252
32253
32254
32255
32256
32257
32258
32259
32260
32261
32262
32263
32264
32265
32266
32267
32268
32269
32270
32271
32272
32273
32274
32275
32276
32277
32278
32279
32280
32281
32282
32283
32284
32285
32286
32287
32288
32289
32290
32291
32292
32293
32294
32295
32296
32297
32298
32299
32300
32301
32302
32303
32304
32305
32306
32307
32308
32309
32310
32311
32312
32313
32314
32315
32316
32317
32318
32319
32320
32321
32322
32323
32324
32325
32326
32327
32328
32329
32330
32331
32332
32333
32334
32335
32336
32337
32338
32339
32340
32341
32342
32343
32344
32345
32346
32347
32348
32349
32350
32351
32352
32353
32354
32355
32356
32357
32358
32359
32360
32361
32362
32363
32364
32365
32366
32367
32368
32369
32370
32371
32372
32373
32374
32375
32376
32377
32378
32379
32380
32381
32382
32383
32384
32385
32386
32387
32388
32389
32390
32391
32392
32393
32394
32395
32396
32398
32399
32400
32401
32402
32403
32404
32405
32406
32407
32408
32409
32410
32411
32412
32413
32414
32415
32416
32417
32418
32419
32420
32421
32422
32423
32424
32425
32426
32427
32428
32429
32430
32432
32433
32434
32435
32436
32437
32438
32439
32440
32441
32442
32443
32445
32446
32447
32448
32449
32450
32451
32452
32453
32454
32455
32456
32457
32458
32459
32460
32461
32462
32463
32464
32465
32466
32467
32468
32469
32470
32471
32472
32473
32474
32475
32476
32477
32479
32480
32482
32483
32484
32485
32486
32487
32488
32489
32490
32491
32492
32493
32494
32495
32496
32497
32498
32499
32500
32501
32502
32503
32504
32505
32506
32507
32508
32509
32510
32511
32512
32513
32514
32515
32516
32517
32518
32519
32520
32521
32522
32523
32524
32525
32526
32527
32528
32529
32530
32531
32532
32533
32534
32535
32536
32537
32538
32539
32540
32541
32542
32543
32544
32545
32546
32547
32548
32549
32550
32551
32552
32553
32554
32555
32556
32557
32558
32559
32560
32561
32562
32563
32564
32565
32566
32567
32568
32569
32570
32571
32572
32573
32574
32575
32576
32577
32578
32579
32580
32581
32582
32583
32584
32585
32586
32587
32588
32589
32590
32591
32592
32593
32594
32595
32596
32597
32598
32599
32600
32601
32602
32603
32604
32605
32606
32607
32608
32609
32610
32611
32612
32613
32614
32615
32616
32617
32618
32619
32620
32622
32623
32624
32625
32626
32627
32628
32629
32630
32631
32632
32633
32634
32635
32636
32637
32638
32639
32640
32641
32642
32643
32644
32645
32646
32647
32648
32649
32650
32651
32652
32653
32654
32655
32656
32657
32658
32659
32660
32661
32662
32663
32664
32665
32666
32667
32668
32669
32670
32671
32672
32673
32674
32675
32676
32677
32678
32679
32680
32681
32682
32683
32684
32685
32686
32687
32688
32689
32690
32691
32692
32693
32694
32695
32696
32697
32698
32699
32700
32701
32702
32703
32704
32705
32706
32707
32708
32709
32710
32711
32712
32713
32714
32715
32716
32717
32718
32719
32720
32721
32722
32723
32724
32725
32726
32727
32728
32729
32730
32731
32732
32733
32734
32735
32736
32737
32738
32739
32740
32741
32743
32744
32745
32746
32747
32748
32749
32750
32751
32752
32753
32754
32755
32756
32757
32758
32759
32760
32761
32762
32763
32764
32765
32766
32767
32768
32769
32770
32771
32772
32773
32774
32775
32776
32777
32778
32779
32780
32781
32782
32783
32784
32785
32786
32787
32788
32789
32790
32791
32792
32793
32794
32795
32796
32797
32798
32799
32800
32801
32802
32803
32804
32805
32806
32807
32808
32809
32810
32811
32812
32813
32814
32815
32816
32817
32818
32819
32820
32821
32822
32823
32824
32825
32826
32827
32828
32829
32830
32831
32832
32833
32834
32835
32836
32837
32838
32839
32840
32841
32842
32843
32844
32845
32846
32847
32848
32849
32850
32851
32852
32853
32854
32855
32856
32857
32858
32859
32860
32861
32862
32863
32864
32865
32866
32867
32868
32869
32870
32871
32872
32873
32874
32875
32876
32877
32878
32879
32880
32881
32882
32883
32884
32885
32886
32887
32888
32889
32890
32891
32892
32893
32894
32895
32896
32897
32898
32899
32900
32901
32902
32903
32904
32905
32906
32907
32908
32909
32910
32911
32912
32913
32914
32915
32916
32917
32918
32919
32920
32921
32922
32923
32924
32925
32926
32927
32928
32929
32930
32931
32932
32933
32934
32935
32936
32937
32938
32939
32940
32941
32942
32943
32944
32945
32946
32947
32948
32949
32950
32951
32952
32953
32954
32955
32956
32957
32958
32959
32960
32961
32962
32963
32964
32965
32966
32967
32968
32969
32970
32971
32972
32973
32974
32975
32976
32977
32978
32979
32980
32981
32982
32983
32984
32985
32986
32987
32988
32989
32990
32991
32992
32993
32994
32995
32996
32997
32998
32999
33000
33001
33002
33003
33004
33005
33006
33007
33008
33009
33010
33011
33012
33014
33015
33016
33017
33018
33019
33020
33021
33022
33023
33024
33025
33026
33027
33028
33029
33030
33031
33032
33033
33034
33035
33036
33037
33038
33039
33040
33041
33042
33043
33044
33045
33046
33047
33048
33049
33050
33051
33052
33053
33054
33055
33056
33057
33058
33059
33060
33061
33062
33063
33064
33065
33066
33067
33068
33069
33070
33071
33072
33073
33074
33075
33076
33077
33078
33079
33080
33081
33082
33083
33084
33085
33086
33087
33088
33089
33090
33091
33092
33093
33094
33095
33096
33097
33098
33099
33100
33101
33102
33103
33104
33105
33106
33107
33108
33109
33110
33111
33112
33113
33114
33115
33116
33117
33118
33119
33120
33121
33122
33123
33124
33125
33126
33127
33128
33129
33130
33131
33132
33133
33134
33135
33136
33137
33138
33139
33140
33141
33142
33143
33144
33145
33146
33147
33148
33149
33150
33151
33152
33153
33154
33155
33156
33157
33158
33159
33160
33161
33162
33163
33164
33165
33166
33167
33168
33169
33170
33171
33172
33173
33174
33175
33176
33177
33178
33179
33180
33181
33182
33183
33184
33185
33186
33187
33188
33189
33190
33191
33192
33193
33194
33195
33196
33197
33198
33199
33200
33201
33202
33203
33204
33205
33206
33207
33208
33209
33210
33211
33212
33213
33214
33215
33216
33217
33218
33219
33220
33221
33222
33224
33225
33226
33227
33228
33229
33230
33231
33232
33233
33234
33235
33236
33237
33238
33239
33240
33241
33242
33243
33244
33245
33246
33247
33248
33249
33250
33251
33252
33253
33254
33255
33256
33257
33258
33259
33260
33261
33262
33263
33264
33265
33266
33267
33268
33269
33270
33271
33272
33273
33274
33275
33276
33277
33278
33279
33280
33281
33282
33283
33284
33285
33286
33287
33288
33289
33290
33291
33292
33293
33294
33295
33296
33297
33298
33299
33300
33301
33302
33303
33304
33305
33306
33307
33308
33309
33310
33311
33312
33313
33314
33315
33316
33317
33318
33319
33320
33321
33322
33323
33324
33325
33326
33327
33328
33329
33330
33331
33332
33333
33334
33335
33336
33337
33338
33339
33340
33341
33342
33343
33344
33345
33346
33347
33348
33349
33350
33351
33352
33353
33354
33355
33356
33357
33358
33359
33360
33361
33362
33363
33364
33365
33366
33367
33368
33369
33370
33371
33372
33373
33374
33375
33376
33377
33378
33379
33380
33381
33382
33383
33384
33385
33386
33387
33388
33389
33390
33391
33392
33393
33394
33395
33396
33397
33398
33399
33400
33401
33402
33403
33404
33405
33406
33407
33408
33409
33410
33411
33412
33413
33414
33415
33416
33417
33418
33419
33420
33421
33422
33423
33424
33425
33426
33427
33428
33429
33430
33431
33433
33434
33435
33436
33437
33438
33439
33440
33441
33442
33443
33444
33445
33446
33447
33448
33449
33450
33451
33452
33453
33454
33455
33456
33457
33458
33459
33460
33461
33462
33463
33464
33465
33466
33467
33468
33469
33470
33471
33472
33473
33474
33475
33476
33477
33478
33479
33480
33481
33482
33484
33485
33486
33487
33488
33489
33490
33491
33492
33493
33494
33495
33496
33497
33498
33499
33500
33501
33502
33503
33504
33505
33506
33507
33508
33509
33510
33511
33512
33513
33514
33515
33516
33517
33518
33519
33520
33521
33522
33523
33524
33525
33526
33527
33528
33529
33530
33531
33532
33533
33534
33535
33536
33537
33538
33539
33540
33541
33542
33543
33544
33545
33546
33547
33548
33549
33550
33551
33552
33553
33554
33555
33556
33557
33558
33559
33560
33561
33562
33563
33564
33565
33566
33567
33568
33569
33570
33571
33572
33573
33574
33575
33576
33577
33578
33579
33580
33581
33582
33583
33584
33585
33586
33587
33588
33589
33590
33591
33592
33593
33594
33595
33596
33597
33598
33599
33600
33601
33602
33603
33604
33605
33606
33607
33608
33609
33611
33612
33613
33614
33615
33617
33618
33619
33620
33621
33622
33623
33624
33625
33626
33627
33628
33629
33630
33631
33632
33633
33634
33635
33636
33637
33638
33639
33640
33641
33642
33643
33644
33645
33646
33647
33648
33649
33650
33651
33652
33653
33654
33655
33656
33657
33658
33659
33660
33661
33662
33663
33664
33665
33666
33667
33668
33669
33670
33671
33672
33673
33674
33675
33676
33677
33678
33679
33680
33681
33682
33683
33684
33685
33686
33687
33688
33689
33690
33691
33692
33693
33694
33695
33696
33697
33698
33699
33700
33701
33702
33703
33704
33705
33706
33707
33708
33709
33710
33711
33712
33713
33714
33715
33716
33717
33718
33719
33720
33721
33722
33723
33724
33725
33726
33727
33728
33729
33730
33731
33732
33733
33734
33735
33736
33737
33738
33739
33740
33741
33742
33743
33744
33745
33746
33747
33748
33749
33750
33751
33752
33753
33754
33755
33756
33757
33758
33759
33760
33761
33762
33763
33764
33765
33766
33767
33768
33769
33770
33771
33772
33773
33774
33775
33776
33777
33778
33779
33780
33781
33782
33783
33784
33785
33786
33787
33788
33789
33790
33791
33792
33793
33794
33795
33796
33797
33798
33799
33800
33801
33802
33803
33804
33805
33806
33807
33808
33809
33810
33811
33812
33813
33814
33815
33816
33817
33818
33819
33820
33821
33822
33823
33824
33825
33826
33827
33828
33829
33830
33831
33832
33833
33835
33836
33837
33838
33839
33840
33841
33842
33843
33844
33845
33846
33847
33848
33849
33850
33851
33852
33853
33854
33855
33856
33857
33858
33859
33860
33861
33862
33863
33864
33865
33866
33867
33868
33869
33870
33871
33872
33873
33874
33875
33876
33877
33878
33879
33880
33881
33882
33883
33884
33885
33886
33887
33888
33889
33890
33891
33892
33893
33894
33896
33897
33898
33899
33900
33901
33902
33903
33904
33905
33906
33907
33908
33909
33910
33911
33912
33913
33914
33915
33916
33917
33918
33919
33920
33921
33922
33923
33924
33925
33926
33927
33928
33929
33930
33931
33932
33933
33934
33935
33936
33937
33938
33939
33940
33941
33942
33943
33944
33945
33946
33947
33948
33949
33950
33951
33952
33953
33954
33955
33956
33957
33958
33959
33960
33961
33962
33963
33964
33965
33966
33967
33968
33969
33970
33971
33972
33973
33974
33975
33976
33977
33978
33979
33980
33981
33983
33984
33985
33986
33987
33988
33989
33990
33991
33992
33993
33994
33995
33996
33997
33998
33999
34000
34001
34002
34003
34004
34005
34006
34007
34008
34009
34010
34011
34012
34013
34014
34015
34016
34017
34018
34019
34020
34021
34022
34023
34024
34025
34026
34027
34028
34029
34030
34031
34032
34033
34034
34035
34036
34037
34038
34039
34040
34041
34042
34043
34044
34045
34046
34047
34048
34049
34050
34051
34052
34053
34054
34055
34056
34057
34058
34059
34060
34061
34062
34063
34064
34065
34066
34067
34068
34069
34070
34071
34072
34073
34074
34075
34076
34077
34078
34079
34080
34081
34082
34083
34084
34085
34086
34087
34088
34089
34090
34091
34092
34093
34094
34095
34096
34097
34098
34099
34100
34101
34102
34103
34104
34105
34106
34107
34108
34109
34110
34111
34112
34113
34114
34115
34116
34117
34118
34119
34120
34121
34122
34123
34124
34125
34126
34127
34128
34129
34130
34131
34132
34133
34134
34135
34136
34137
34138
34139
34140
34141
34142
34143
34144
34145
34146
34147
34148
34149
34150
34151
34152
34153
34154
34155
34156
34157
34158
34159
34160
34161
34162
34163
34164
34165
34166
34167
34169
34170
34171
34172
34173
34174
34175
34176
34177
34178
34179
34180
34181
34182
34183
34184
34185
34186
34187
34188
34189
34190
34191
34192
34193
34194
34195
34196
34197
34198
34199
34200
34201
34202
34203
34204
34205
34206
34207
34208
34209
34210
34211
34212
34213
34214
34215
34216
34217
34218
34219
34220
34221
34222
34223
34224
34225
34226
34227
34228
34229
34230
34231
34232
34233
34234
34235
34236
34237
34238
34239
34240
34241
34242
34243
34244
34245
34246
34247
34248
34249
34250
34251
34252
34253
34254
34255
34256
34257
34258
34259
34260
34261
34262
34263
34264
34265
34266
34267
34268
34269
34270
34271
34272
34273
34274
34275
34276
34277
34278
34279
34280
34281
34282
34283
34284
34285
34286
34287
34288
34289
34290
34291
34292
34293
34294
34295
34296
34297
34298
34299
34300
34301
34302
34303
34304
34305
34306
34307
34308
34309
34310
34311
34312
34313
34314
34315
34316
34317
34318
34319
34320
34321
34322
34323
34324
34325
34326
34327
34328
34329
34330
34331
34332
34333
34334
34336
34337
34338
34339
34340
34341
34342
34343
34344
34345
34346
34347
34348
34349
34350
34351
34352
34353
34354
34356
34357
34358
34359
34360
34361
34362
34363
34364
34365
34366
34367
34368
34369
34370
34371
34372
34373
34374
34375
34376
34377
34378
34379
34380
34381
34382
34383
34384
34385
34386
34387
34388
34389
34390
34391
34392
34393
34394
34395
34396
34397
34398
34399
34400
34401
34402
34403
34404
34405
34406
34407
34408
34409
34410
34411
34412
34413
34414
34415
34416
34417
34418
34419
34420
34421
34422
34423
34424
34425
34426
34427
34428
34429
34430
34431
34432
34433
34434
34435
34436
34437
34438
34439
34440
34441
34442
34443
34444
34445
34446
34447
34448
34449
34450
34451
34452
34453
34454
34455
34456
34457
34458
34459
34460
34461
34462
34463
34464
34465
34466
34467
34468
34469
34470
34471
34472
34473
34474
34475
34476
34477
34478
34479
34480
34481
34482
34483
34484
34485
34486
34487
34488
34489
34490
34491
34492
34493
34494
34495
34496
34497
34498
34499
34500
34501
34502
34503
34504
34505
34506
34507
34508
34509
34510
34511
34512
34513
34514
34515
34516
34517
34518
34519
34520
34521
34522
34523
34524
34525
34526
34527
34528
34529
34531
34532
34533
34534
34535
34536
34537
34538
34539
34540
34541
34542
34543
34544
34545
34546
34547
34548
34549
34550
34551
34552
34553
34554
34555
34556
34557
34558
34559
34560
34561
34562
34563
34564
34565
34566
34567
34568
34569
34570
34571
34572
34573
34574
34575
34576
34577
34578
34579
34580
34581
34582
34583
34584
34585
34586
34587
34588
34589
34590
34591
34592
34593
34594
34595
34596
34597
34598
34599
34600
34601
34602
34603
34604
34605
34606
34607
34608
34609
34611
34612
34613
34614
34615
34616
34617
34618
34619
34620
34621
34622
34623
34624
34625
34626
34627
34628
34629
34630
34631
34632
34633
34634
34635
34636
34637
34638
34639
34640
34641
34642
34643
34644
34645
34646
34647
34648
34649
34650
34651
34652
34653
34654
34655
34656
34657
34658
34659
34660
34661
34662
34663
34664
34665
34666
34667
34668
34669
34670
34671
34672
34673
34674
34675
34676
34677
34678
34679
34680
34681
34682
34683
34684
34685
34686
34687
34688
34689
34690
34691
34692
34693
34694
34695
34696
34697
34698
34699
34700
34701
34702
34703
34704
34705
34706
34707
34708
34709
34710
34711
34712
34713
34714
34715
34716
34717
34718
34719
34720
34721
34722
34723
34724
34725
34726
34727
34728
34729
34730
34731
34732
34733
34734
34735
34736
34737
34738
34739
34740
34741
34742
34743
34744
34745
34746
34747
34748
34749
34750
34751
34752
34753
34754
34755
34756
34757
34758
34759
34760
34761
34762
34763
34764
34765
34766
34767
34768
34769
34770
34771
34772
34773
34774
34775
34776
34777
34778
34779
34780
34781
34782
34783
34784
34785
34786
34787
34788
34789
34790
34791
34792
34793
34794
34795
34796
34797
34798
34799
34800
34801
34802
34803
34804
34805
34806
34807
34808
34809
34810
34811
34812
34813
34814
34815
34816
34817
34818
34819
34820
34821
34822
34823
34824
34825
34826
34827
34828
34829
34830
34831
34832
34833
34834
34835
34836
34837
34838
34839
34840
34841
34842
34843
34844
34845
34846
34847
34848
34849
34850
34851
34852
34853
34854
34855
34856
34857
34858
34859
34860
34861
34862
34863
34864
34865
34866
34867
34868
34869
34870
34871
34872
34873
34874
34875
34876
34877
34878
34879
34880
34881
34882
34883
34884
34885
34886
34887
34888
34889
34890
34891
34892
34893
34894
34895
34896
34897
34898
34899
34900
34901
34902
34903
34904
34905
34906
34907
34908
34909
34910
34911
34912
34913
34915
34916
34917
34918
34919
34920
34921
34922
34923
34924
34925
34926
34927
34928
34929
34930
34931
34932
34933
34934
34935
34936
34937
34938
34939
34940
34941
34942
34943
34944
34945
34946
34947
34948
34949
34950
34951
34952
34953
34954
34955
34956
34957
34958
34959
34960
34961
34962
34963
34964
34965
34966
34967
34968
34969
34970
34971
34972
34973
34974
34975
34976
34977
34978
34979
34980
34981
34982
34983
34984
34985
34986
34987
34988
34989
34990
34991
34992
34993
34994
34995
34996
34997
34998
34999
35000
35001
35002
35003
35004
35005
35006
35007
35008
35009
35010
35011
35012
35013
35014
35015
35016
35017
35018
35019
35020
35021
35022
35023
35024
35025
35026
35027
35028
35029
35030
35031
35032
35033
35034
35035
35036
35037
35038
35039
35040
35041
35042
35043
35044
35045
35046
35047
35048
35049
35050
35051
35052
35053
35054
35055
35056
35057
35058
35059
35060
35061
35062
35063
35064
35065
35066
35067
35068
35069
35070
35071
35072
35073
35074
35075
35076
35077
35078
35079
35080
35081
35082
35083
35084
35085
35086
35087
35088
35089
35090
35091
35092
35093
35094
35095
35096
35097
35098
35099
35100
35101
35102
35103
35104
35105
35106
35107
35108
35109
35110
35111
35112
35113
35114
35115
35116
35117
35118
35119
35120
35121
35122
35123
35124
35125
35126
35127
35128
35130
35131
35132
35133
35134
35135
35136
35137
35138
35139
35140
35141
35142
35143
35144
35145
35146
35147
35148
35149
35150
35151
35152
35153
35154
35155
35156
35157
35158
35159
35160
35161
35162
35163
35164
35165
35166
35167
35168
35169
35170
35171
35172
35173
35174
35175
35176
35177
35178
35179
35180
35181
35182
35183
35184
35185
35186
35187
35188
35189
35190
35191
35192
35193
35194
35195
35196
35197
35198
35199
35200
35201
35202
35203
35204
35205
35206
35207
35208
35209
35210
35211
35212
35213
35214
35215
35216
35217
35218
35219
35220
35221
35222
35223
35224
35225
35226
35227
35228
35229
35230
35231
35232
35233
35234
35235
35236
35237
35238
35239
35240
35241
35242
35243
35244
35245
35246
35247
35248
35249
35250
35251
35252
35253
35254
35255
35256
35257
35258
35259
35260
35261
35262
35263
35264
35265
35266
35267
35268
35269
35270
35271
35272
35273
35274
35275
35276
35277
35278
35279
35280
35281
35282
35283
35284
35285
35286
35287
35288
35289
35290
35291
35292
35293
35294
35295
35296
35297
35298
35299
35300
35301
35302
35303
35304
35305
35306
35307
35308
35309
35310
35311
35312
35313
35314
35315
35316
35317
35318
35319
35320
35321
35322
35323
35324
35325
35326
35327
35328
35329
35330
35331
35332
35333
35334
35335
35336
35337
35338
35339
35340
35341
35342
35343
35344
35345
35346
35347
35348
35349
35350
35351
35352
35353
35354
35355
35356
35357
35358
35359
35360
35361
35362
35363
35364
35365
35366
35367
35368
35369
35370
35371
35372
35373
35374
35375
35376
35377
35378
35379
35380
35381
35382
35383
35384
35385
35386
35387
35388
35389
35390
35391
35392
35393
35394
35395
35396
35397
35398
35399
35400
35401
35402
35403
35404
35405
35406
35407
35408
35409
35410
35411
35412
35413
35414
35415
35416
35417
35418
35419
35420
35421
35422
35423
35424
35425
35426
35427
35428
35429
35430
35431
35432
35433
35434
35435
35436
35437
35438
35439
35440
35441
35442
35443
35444
35445
35446
35447
35448
35449
35450
35451
35452
35453
35454
35455
35456
35457
35458
35459
35460
35461
35462
35463
35464
35465
35466
35467
35468
35469
35470
35471
35472
35473
35474
35475
35476
35477
35478
35479
35480
35481
35482
35483
35484
35485
35486
35487
35488
35489
35490
35491
35492
35493
35494
35495
35496
35497
35498
35499
35500
35501
35502
35503
35504
35505
35506
35507
35508
35509
35510
35511
35512
35513
35514
35515
35516
35517
35518
35519
35520
35521
35522
35523
35524
35525
35526
35527
35528
35529
35530
35531
35532
35533
35534
35535
35536
35537
35538
35539
35540
35541
35542
35543
35544
35545
35546
35547
35548
35549
35550
35551
35552
35553
35554
35555
35556
35557
35558
35559
35560
35561
35562
35563
35564
35565
35566
35567
35568
35569
35570
35571
35572
35573
35574
35575
35576
35577
35578
35579
35580
35581
35582
35583
35584
35585
35586
35587
35588
35589
35590
35591
35592
35593
35594
35595
35596
35597
35598
35599
35600
35601
35602
35603
35604
35605
35606
35607
35608
35609
35610
35611
35612
35613
35614
35615
35616
35617
35618
35619
35620
35621
35622
35623
35624
35625
35626
35627
35628
35629
35630
35631
35632
35633
35634
35635
35636
35637
35638
35639
35640
35641
35642
35643
35644
35645
35646
35647
35648
35649
35650
35651
35652
35653
35654
35655
35656
35657
35658
35659
35660
35661
35662
35663
35664
35665
35666
35667
35668
35669
35670
35671
35672
35673
35674
35675
35676
35677
35678
35679
35680
35681
35682
35683
35684
35685
35686
35687
35688
35689
35690
35691
35692
35693
35694
35695
35696
35697
35698
35699
35700
35701
35702
35703
35704
35705
35706
35707
35708
35709
35710
35711
35712
35713
35714
35715
35716
35717
35718
35719
35720
35721
35722
35723
35724
35725
35726
35727
35728
35729
35730
35731
35732
35733
35734
35735
35736
35737
35738
35739
35740
35741
35742
35743
35744
35745
35746
35747
35748
35749
35750
35751
35752
35754
35755
35756
35757
35758
35759
35761
35762
35763
35764
35765
35766
35767
35768
35769
35770
35771
35772
35773
35774
35775
35776
35777
35778
35779
35780
35781
35782
35783
35784
35785
35786
35787
35788
35789
35790
35791
35792
35793
35794
35795
35796
35797
35798
35799
35800
35801
35802
35803
35804
35805
35806
35807
35808
35809
35810
35811
35812
35813
35814
35815
35816
35817
35818
35819
35820
35821
35822
35824
35825
35826
35827
35828
35829
35830
35831
35832
35833
35834
35835
35836
35837
35838
35839
35840
35841
35842
35843
35844
35845
35846
35847
35848
35849
35850
35851
35852
35853
35854
35855
35856
35857
35858
35859
35860
35861
35862
35863
35864
35865
35866
35867
35868
35869
35870
35871
35872
35873
35874
35875
35876
35877
35878
35879
35880
35881
35882
35883
35884
35885
35886
35887
35888
35889
35890
35891
35892
35893
35894
35895
35896
35897
35898
35899
35900
35901
35903
35904
35905
35906
35907
35908
35909
35910
35911
35912
35913
35914
35915
35916
35917
35918
35919
35920
35921
35922
35923
35924
35925
35926
35927
35928
35929
35930
35931
35932
35933
35934
35935
35936
35937
35938
35939
35940
35941
35942
35943
35944
35945
35946
35947
35948
35949
35950
35951
35952
35953
35954
35955
35956
35957
35958
35959
35960
35961
35962
35963
35965
35966
35967
35968
35969
35970
35971
35972
35973
35974
35975
35976
35977
35978
35979
35980
35981
35982
35983
35984
35985
35986
35987
35988
35989
35990
35991
35992
35993
35994
35995
35996
35997
35998
35999
36000
36001
36002
36003
36004
36005
36006
36007
36008
36009
36010
36011
36012
36013
36014
36015
36016
36017
36018
36019
36020
36021
36022
36023
36024
36025
36026
36027
36028
36029
36030
36031
36032
36033
36034
36035
36036
36037
36038
36039
36040
36041
36042
36043
36044
36045
36046
36047
36048
36049
36050
36051
36052
36053
36055
36056
36057
36058
36059
36060
36061
36062
36063
36064
36065
36066
36067
36068
36069
36070
36071
36072
36073
36074
36075
36076
36077
36078
36079
36080
36081
36082
36083
36084
36085
36086
36087
36088
36089
36090
36091
36092
36093
36094
36095
36096
36097
36098
36099
36100
36101
36102
36103
36104
36105
36106
36107
36108
36109
36110
36111
36112
36113
36114
36115
36116
36117
36118
36119
36120
36121
36122
36123
36124
36125
36126
36127
36128
36129
36130
36131
36132
36133
36134
36135
36136
36137
36138
36139
36140
36141
36142
36143
36144
36145
36146
36147
36148
36149
36150
36151
36152
36153
36154
36155
36156
36157
36158
36159
36160
36161
36162
36163
36164
36165
36166
36167
36168
36169
36170
36171
36172
36173
36174
36175
36176
36177
36178
36179
36180
36181
36182
36183
36184
36185
36186
36187
36188
36189
36190
36191
36192
36193
36194
36195
36196
36197
36198
36199
36200
36201
36202
36203
36204
36205
36206
36207
36208
36209
36210
36211
36212
36213
36214
36215
36216
36217
36218
36219
36220
36221
36222
36223
36224
36225
36226
36227
36228
36229
36230
36231
36232
36233
36234
36235
36236
36237
36238
36239
36240
36241
36242
36243
36244
36245
36246
36247
36248
36249
36250
36251
36252
36253
36254
36255
36256
36257
36258
36259
36260
36261
36262
36263
36264
36265
36266
36267
36268
36269
36270
36271
36272
36273
36274
36275
36276
36277
36278
36279
36280
36281
36282
36283
36284
36285
36286
36287
36288
36289
36290
36291
36292
36293
36294
36295
36296
36297
36298
36299
36300
36301
36302
36303
36304
36305
36306
36307
36308
36309
36310
36311
36312
36313
36314
36315
36316
36317
36318
36319
36320
36321
36322
36323
36324
36325
36326
36327
36328
36329
36330
36331
36332
36333
36334
36335
36336
36337
36338
36339
36340
36341
36342
36343
36344
36345
36346
36347
36348
36349
36350
36351
36352
36353
36354
36355
36356
36357
36358
36359
36360
36361
36362
36363
36364
36365
36366
36367
36368
36369
36370
36371
36372
36373
36374
36375
36376
36377
36378
36379
36380
36381
36382
36383
36384
36385
36386
36387
36388
36389
36390
36391
36392
36393
36394
36396
36397
36398
36399
36400
36401
36402
36403
36404
36405
36406
36407
36408
36409
36410
36411
36412
36413
36414
36415
36416
36417
36418
36419
36420
36421
36422
36423
36424
36425
36426
36427
36428
36429
36430
36431
36432
36433
36434
36435
36436
36437
36438
36439
36440
36441
36442
36443
36444
36445
36446
36447
36448
36449
36450
36451
36452
36453
36454
36455
36456
36457
36458
36459
36460
36461
36462
36463
36464
36465
36466
36467
36468
36469
36470
36471
36472
36473
36474
36475
36476
36477
36478
36479
36480
36481
36482
36483
36484
36485
36486
36487
36488
36489
36490
36491
36492
36493
36494
36495
36496
36497
36498
36499
36500
36501
36502
36503
36504
36505
36506
36507
36508
36509
36510
36511
36512
36513
36514
36515
36516
36517
36518
36519
36520
36521
36522
36523
36524
36525
36526
36527
36528
36529
36530
36531
36532
36533
36534
36535
36536
36537
36538
36539
36540
36541
36542
36543
36544
36545
36546
36547
36548
36549
36550
36551
36552
36553
36554
36555
36556
36557
36558
36559
36560
36561
36562
36563
36564
36565
36566
36567
36568
36569
36570
36571
36572
36573
36574
36575
36576
36577
36578
36579
36580
36581
36582
36583
36584
36585
36586
36587
36588
36589
36590
36591
36592
36593
36594
36595
36596
36597
36598
36599
36600
36601
36602
36603
36604
36605
36606
36607
36608
36609
36610
36611
36612
36613
36614
36615
36616
36617
36618
36619
36620
36621
36622
36623
36624
36625
36626
36627
36628
36629
36630
36631
36632
36633
36634
36635
36636
36637
36638
36639
36640
36641
36642
36643
36644
36645
36646
36647
36648
36649
36650
36651
36652
36653
36654
36655
36656
36657
36658
36659
36660
36661
36662
36663
36664
36665
36666
36667
36668
36669
36670
36671
36672
36673
36674
36675
36676
36677
36678
36679
36680
36681
36682
36683
36684
36685
36686
36687
36688
36689
36690
36691
36692
36693
36694
36695
36696
36697
36698
36699
36700
36701
36702
36703
36704
36705
36706
36707
36708
36709
36710
36711
36712
36713
36714
36715
36716
36717
36718
36719
36720
36721
36722
36723
36724
36725
36726
36727
36728
36729
36730
36731
36732
36733
36734
36735
36736
36737
36738
36739
36740
36741
36742
36743
36744
36745
36746
36747
36748
36749
36750
36751
36752
36753
36754
36755
36756
36757
36758
36759
36760
36761
36762
36763
36764
36765
36766
36767
36768
36769
36770
36771
36772
36773
36774
36775
36776
36777
36778
36779
36780
36781
36782
36783
36784
36785
36786
36787
36788
36789
36790
36791
36792
36793
36794
36795
36796
36797
36798
36799
36800
36801
36802
36803
36804
36805
36806
36807
36808
36809
36810
36811
36812
36813
36814
36815
36816
36817
36818
36819
36820
36821
36822
36823
36824
36825
36826
36827
36828
36829
36830
36831
36832
36833
36834
36835
36836
36837
36838
36839
36840
36841
36842
36843
36844
36845
36846
36847
36848
36849
36850
36851
36852
36853
36854
36855
36856
36857
36858
36859
36860
36861
36862
36863
36864
36865
36866
36867
36868
36869
36870
36871
36872
36873
36874
36875
36876
36877
36878
36879
36880
36881
36882
36883
36884
36885
36886
36887
36889
36890
36891
36892
36893
36894
36895
36896
36897
36898
36899
36900
36901
36902
36903
36904
36905
36906
36907
36908
36909
36910
36911
36912
36913
36915
36916
36917
36918
36919
36920
36921
36922
36923
36924
36925
36926
36927
36928
36929
36930
36931
36932
36933
36934
36935
36936
36937
36938
36939
36940
36941
36942
36943
36944
36945
36946
36947
36948
36949
36950
36951
36952
36953
36954
36955
36956
36957
36958
36959
36960
36961
36962
36963
36964
36965
36966
36967
36968
36969
36970
36971
36972
36973
36974
36975
36976
36977
36978
36979
36980
36981
36982
36983
36984
36985
36986
36987
36988
36989
36990
36991
36992
36993
36994
36995
36996
36997
36998
36999
37000
37001
37002
37003
37004
37005
37006
37007
37008
37009
37010
37011
37012
37013
37014
37015
37016
37017
37018
37019
37020
37021
37022
37023
37024
37025
37026
37027
37028
37029
37030
37031
37032
37033
37034
37035
37036
37037
37038
37039
37040
37041
37042
37043
37044
37045
37046
37047
37048
37049
37050
37051
37052
37053
37054
37055
37056
37057
37058
37059
37060
37061
37062
37063
37064
37065
37066
37067
37068
37069
37070
37071
37072
37073
37074
37075
37076
37077
37078
37079
37080
37081
37082
37083
37084
37085
37086
37087
37088
37089
37090
37091
37092
37093
37094
37095
37096
37097
37098
37099
37100
37101
37102
37103
37104
37105
37106
37107
37108
37109
37110
37111
37112
37113
37114
37115
37116
37117
37118
37119
37120
37121
37122
37123
37124
37125
37126
37127
37128
37129
37130
37131
37132
37133
37134
37135
37136
37137
37138
37139
37140
37141
37142
37143
37145
37146
37147
37148
37149
37150
37151
37152
37153
37154
37155
37156
37157
37158
37159
37160
37161
37162
37163
37164
37165
37166
37167
37168
37169
37170
37171
37172
37173
37174
37175
37176
37177
37178
37179
37180
37181
37182
37183
37184
37185
37186
37187
37188
37189
37190
37191
37192
37193
37194
37195
37196
37197
37198
37199
37200
37201
37202
37203
37204
37205
37206
37207
37208
37209
37210
37211
37212
37213
37214
37215
37216
37217
37218
37219
37220
37221
37222
37223
37224
37225
37226
37227
37228
37229
37230
37231
37232
37233
37234
37235
37236
37237
37238
37239
37240
37241
37242
37243
37244
37245
37246
37247
37248
37249
37250
37251
37252
37253
37254
37255
37256
37257
37258
37259
37260
37261
37262
37263
37264
37265
37266
37267
37268
37269
37270
37271
37272
37273
37274
37275
37276
37277
37278
37279
37280
37281
37282
37283
37284
37285
37286
37287
37288
37289
37290
37291
37292
37293
37294
37295
37296
37297
37298
37299
37300
37301
37302
37303
37304
37305
37306
37307
37308
37309
37310
37311
37312
37313
37314
37315
37316
37317
37318
37319
37320
37321
37322
37323
37324
37325
37326
37327
37328
37329
37330
37331
37332
37333
37334
37335
37336
37337
37338
37339
37340
37341
37342
37343
37344
37345
37346
37347
37348
37349
37350
37351
37352
37353
37354
37355
37356
37357
37358
37359
37360
37361
37362
37363
37364
37365
37366
37367
37368
37369
37370
37371
37372
37373
37374
37375
37376
37377
37378
37379
37380
37381
37382
37383
37384
37385
37386
37387
37388
37389
37390
37391
37392
37393
37394
37395
37396
37397
37398
37399
37400
37401
37402
37403
37404
37405
37406
37407
37408
37409
37410
37411
37412
37413
37414
37415
37416
37417
37418
37419
37420
37421
37422
37423
37424
37425
37426
37427
37428
37429
37430
37431
37432
37433
37434
37435
37436
37437
37438
37439
37440
37441
37442
37443
37444
37445
37446
37447
37448
37449
37450
37451
37452
37453
37454
37455
37456
37457
37458
37459
37460
37461
37462
37463
37464
37465
37466
37467
37468
37469
37470
37471
37472
37473
37474
37475
37476
37477
37478
37479
37480
37481
37482
37483
37484
37485
37486
37487
37488
37489
37490
37491
37492
37493
37494
37495
37496
37497
37498
37499
37500
37501
37502
37503
37504
37505
37506
37507
37508
37509
37510
37511
37512
37513
37514
37515
37516
37517
37518
37519
37520
37521
37522
37523
37524
37525
37526
37527
37528
37529
37530
37531
37532
37533
37534
37535
37536
37537
37538
37539
37540
37541
37542
37543
37544
37545
37546
37547
37548
37549
37550
37551
37552
37553
37554
37555
37556
37557
37558
37559
37560
37561
37562
37563
37564
37565
37566
37567
37568
37569
37570
37571
37572
37573
37574
37575
37576
37577
37578
37579
37580
37581
37582
37583
37584
37585
37586
37587
37588
37589
37590
37591
37592
37593
37594
37595
37596
37597
37598
37599
37600
37601
37602
37603
37604
37605
37606
37607
37608
37609
37610
37611
37612
37613
37614
37615
37616
37617
37618
37619
37620
37621
37622
37624
37625
37626
37627
37628
37629
37630
37631
37632
37633
37634
37635
37636
37637
37638
37639
37640
37641
37642
37643
37644
37645
37646
37647
37648
37649
37650
37651
37652
37653
37654
37655
37656
37657
37658
37659
37660
37661
37662
37663
37664
37665
37666
37667
37668
37669
37670
37671
37672
37673
37674
37675
37676
37677
37678
37679
37680
37681
37682
37683
37684
37685
37686
37687
37688
37689
37690
37691
37692
37693
37694
37695
37696
37697
37698
37699
37700
37701
37702
37703
37704
37705
37706
37707
37708
37709
37710
37711
37712
37713
37714
37715
37716
37717
37718
37719
37720
37721
37722
37723
37724
37725
37726
37727
37728
37729
37730
37731
37732
37733
37734
37735
37736
37737
37738
37739
37740
37741
37742
37743
37744
37745
37746
37747
37748
37749
37750
37751
37752
37753
37754
37755
37756
37757
37758
37759
37760
37761
37762
37763
37764
37765
37766
37767
37768
37769
37770
37771
37772
37773
37774
37775
37776
37777
37778
37779
37780
37781
37782
37783
37784
37785
37786
37787
37788
37789
37790
37791
37792
37793
37794
37795
37796
37797
37798
37799
37800
37801
37802
37803
37804
37805
37806
37807
37808
37809
37810
37811
37812
37813
37814
37815
37816
37817
37818
37819
37820
37821
37822
37823
37824
37825
37826
37827
37828
37829
37830
37831
37832
37833
37834
37835
37836
37837
37838
37839
37840
37841
37842
37843
37844
37845
37846
37847
37848
37849
37850
37851
37852
37853
37854
37855
37856
37857
37858
37859
37860
37861
37862
37863
37864
37865
37866
37867
37868
37869
37870
37871
37872
37873
37874
37875
37876
37877
37879
37880
37881
37882
37883
37884
37885
37886
37887
37888
37889
37890
37891
37892
37893
37894
37895
37896
37897
37898
37899
37900
37901
37902
37903
37904
37905
37906
37907
37908
37909
37910
37911
37912
37913
37914
37915
37916
37917
37918
37919
37920
37921
37922
37923
37924
37925
37926
37927
37928
37929
37930
37931
37932
37933
37934
37935
37936
37937
37938
37939
37940
37941
37942
37943
37944
37945
37946
37947
37948
37949
37950
37951
37952
37953
37954
37955
37956
37957
37958
37959
37960
37961
37962
37963
37964
37965
37966
37967
37968
37969
37970
37971
37972
37973
37974
37975
37976
37977
37978
37979
37980
37981
37982
37983
37984
37985
37986
37987
37988
37989
37990
37991
37992
37993
37994
37995
37996
37997
37998
37999
38000
38001
38002
38003
38004
38005
38006
38007
38008
38009
38010
38011
38012
38013
38014
38015
38016
38017
38018
38019
38020
38021
38022
38023
38024
38025
38026
38027
38028
38029
38030
38031
38032
38033
38034
38035
38036
38037
38038
38039
38040
38041
38042
38043
38044
38045
38046
38047
38048
38049
38050
38051
38052
38053
38054
38055
38056
38057
38058
38059
38060
38061
38062
38063
38064
38065
38066
38067
38068
38069
38070
38071
38072
38073
38074
38075
38076
38077
38078
38079
38080
38081
38082
38083
38084
38085
38086
38087
38088
38089
38090
38091
38092
38093
38094
38095
38096
38097
38098
38099
38100
38101
38102
38103
38104
38105
38106
38107
38108
38109
38110
38111
38112
38113
38114
38115
38116
38117
38118
38119
38120
38121
38122
38123
38124
38125
38126
38127
38128
38129
38130
38131
38132
38133
38134
38135
38136
38137
38138
38139
38140
38141
38142
38143
38144
38145
38146
38147
38148
38149
38150
38151
38152
38153
38154
38155
38156
38157
38158
38159
38160
38161
38162
38163
38164
38165
38166
38167
38168
38169
38170
38171
38172
38173
38174
38175
38176
38177
38178
38179
38180
38181
38182
38183
38184
38185
38186
38187
38188
38189
38190
38191
38192
38193
38194
38195
38196
38197
38198
38199
38200
38201
38202
38203
38204
38205
38206
38207
38208
38209
38210
38211
38212
38213
38214
38215
38216
38217
38218
38219
38220
38221
38222
38223
38224
38225
38226
38227
38228
38229
38230
38231
38232
38233
38234
38235
38236
38237
38238
38239
38240
38241
38242
38243
38244
38245
38246
38247
38248
38249
38250
38251
38252
38253
38254
38255
38256
38257
38258
38259
38260
38261
38262
38263
38264
38265
38266
38267
38268
38269
38270
38271
38272
38273
38274
38275
38276
38277
38278
38279
38280
38281
38282
38283
38284
38285
38286
38287
38288
38289
38290
38291
38292
38293
38294
38295
38296
38297
38298
38299
38300
38301
38302
38303
38304
38305
38306
38307
38308
38309
38310
38311
38312
38313
38314
38315
38316
38317
38318
38319
38320
38321
38322
38323
38324
38325
38326
38327
38328
38329
38330
38331
38332
38333
38334
38335
38336
38337
38338
38339
38340
38341
38342
38343
38344
38345
38346
38347
38348
38349
38350
38351
38352
38353
38354
38355
38356
38357
38358
38359
38360
38361
38362
38363
38364
38365
38366
38367
38368
38369
38370
38371
38372
38373
38374
38375
38376
38377
38378
38379
38380
38381
38382
38383
38384
38385
38386
38387
38388
38389
38390
38391
38392
38393
38394
38395
38396
38397
38398
38399
38400
38401
38402
38403
38404
38405
38406
38407
38408
38409
38410
38411
38412
38413
38414
38415
38416
38417
38418
38419
38420
38421
38422
38423
38424
38425
38426
38427
38428
38429
38430
38431
38432
38433
38434
38435
38436
38437
38438
38439
38440
38441
38442
38443
38444
38445
38446
38447
38448
38449
38450
38451
38452
38453
38454
38455
38456
38457
38458
38459
38460
38461
38462
38463
38464
38465
38466
38467
38468
38469
38470
38471
38472
38473
38474
38475
38476
38477
38478
38479
38480
38481
38482
38483
38484
38485
38486
38487
38488
38489
38490
38491
38492
38493
38494
38495
38496
38497
38498
38499
38500
38501
38502
38503
38504
38505
38506
38507
38508
38509
38510
38511
38512
38514
38515
38516
38517
38518
38519
38520
38521
38522
38523
38524
38525
38526
38527
38528
38529
38530
38531
38532
38533
38534
38535
38536
38537
38538
38539
38540
38541
38542
38543
38544
38545
38546
38547
38548
38549
38550
38551
38552
38553
38554
38555
38556
38557
38558
38559
38560
38561
38562
38563
38564
38565
38566
38567
38568
38569
38570
38571
38572
38573
38574
38575
38576
38577
38578
38579
38580
38581
38582
38583
38584
38585
38586
38587
38588
38589
38590
38591
38592
38593
38594
38595
38596
38597
38598
38599
38600
38601
38602
38603
38604
38605
38606
38607
38608
38609
38610
38611
38612
38613
38614
38615
38616
38617
38618
38619
38620
38621
38622
38623
38624
38625
38626
38627
38628
38629
38630
38631
38632
38633
38634
38635
38636
38637
38638
38639
38640
38641
38642
38643
38644
38645
38646
38647
38648
38649
38650
38651
38652
38653
38654
38655
38656
38657
38658
38659
38660
38661
38662
38663
38664
38665
38666
38667
38668
38669
38670
38671
38672
38673
38674
38675
38676
38677
38678
38679
38680
38681
38682
38683
38684
38685
38686
38687
38688
38689
38690
38691
38692
38693
38694
38695
38696
38697
38698
38699
38700
38701
38702
38703
38704
38705
38706
38707
38708
38709
38710
38711
38712
38713
38714
38715
38716
38717
38718
38719
38720
38721
38722
38723
38724
38725
38726
38727
38728
38729
38730
38731
38732
38733
38734
38735
38736
38737
38738
38739
38740
38741
38742
38743
38744
38746
38747
38748
38749
38750
38751
38752
38753
38754
38755
38756
38757
38758
38759
38760
38761
38762
38763
38764
38765
38766
38767
38768
38769
38770
38771
38772
38773
38774
38775
38776
38777
38778
38779
38780
38781
38782
38783
38784
38785
38786
38787
38788
38789
38790
38791
38792
38793
38794
38795
38796
38797
38798
38799
38800
38801
38802
38803
38804
38805
38806
38807
38808
38809
38810
38811
38812
38813
38814
38815
38816
38817
38818
38819
38820
38821
38822
38823
38824
38825
38826
38827
38828
38829
38830
38831
38832
38833
38834
38835
38836
38837
38838
38839
38840
38841
38842
38843
38844
38845
38846
38847
38848
38849
38850
38851
38852
38853
38854
38855
38856
38857
38858
38859
38860
38861
38862
38863
38864
38865
38866
38867
38868
38869
38870
38871
38872
38873
38874
38875
38876
38877
38878
38879
38880
38881
38882
38883
38884
38885
38886
38887
38888
38889
38890
38891
38892
38893
38894
38895
38896
38897
38898
38899
38900
38901
38902
38903
38904
38905
38906
38907
38908
38909
38910
38911
38912
38913
38914
38915
38916
38917
38918
38919
38920
38921
38922
38923
38924
38925
38926
38927
38928
38929
38930
38931
38932
38933
38934
38935
38936
38937
38938
38939
38940
38941
38942
38943
38944
38945
38946
38947
38948
38949
38950
38951
38952
38953
38954
38955
38956
38957
38958
38959
38960
38961
38962
38963
38964
38965
38966
38967
38968
38969
38970
38971
38972
38973
38974
38975
38976
38977
38978
38979
38980
38981
38982
38983
38984
38985
38986
38987
38988
38989
38990
38991
38992
38993
38994
38995
38996
38997
38998
38999
39000
39001
39002
39003
39004
39005
39006
39007
39008
39009
39010
39011
39012
39013
39014
39015
39016
39017
39018
39019
39020
39021
39022
39023
39024
39025
39026
39027
39028
39029
39030
39031
39032
39033
39034
39035
39036
39037
39038
39039
39040
39041
39042
39043
39044
39045
39046
39047
39048
39049
39050
39051
39052
39053
39054
39055
39056
39057
39058
39059
39060
39061
39062
39063
39064
39065
39066
39067
39068
39069
39070
39071
39072
39073
39074
39075
39076
39077
39078
39079
39080
39081
39082
39083
39084
39085
39086
39087
39088
39089
39090
39091
39092
39093
39094
39095
39096
39097
39098
39099
39100
39101
39102
39103
39104
39105
39106
39107
39108
39109
39110
39111
39112
39113
39114
39115
39116
39117
39118
39119
39120
39121
39122
39123
39124
39125
39126
39127
39128
39129
39130
39131
39132
39133
39134
39135
39136
39137
39138
39139
39140
39141
39142
39143
39144
39145
39146
39147
39148
39149
39150
39151
39152
39153
39154
39155
39156
39157
39158
39159
39160
39161
39162
39163
39164
39165
39166
39167
39168
39169
39170
39171
39172
39173
39174
39175
39176
39177
39178
39179
39180
39181
39182
39183
39184
39185
39186
39187
39188
39189
39190
39191
39192
39193
39194
39195
39196
39197
39198
39199
39200
39201
39202
39203
39204
39205
39206
39207
39208
39209
39210
39211
39212
39213
39214
39215
39216
39217
39218
39219
39220
39221
39222
39223
39224
39225
39226
39227
39228
39229
39230
39231
39232
39233
39234
39235
39236
39237
39238
39239
39240
39241
39242
39243
39244
39245
39246
39247
39248
39249
39250
39251
39252
39253
39254
39255
39256
39257
39258
39259
39260
39261
39262
39263
39264
39265
39266
39267
39268
39269
39270
39271
39272
39273
39274
39275
39276
39277
39278
39279
39280
39281
39282
39283
39284
39285
39286
39287
39288
39289
39290
39291
39292
39293
39294
39295
39296
39297
39298
39299
39300
39301
39302
39303
39304
39305
39306
39307
39308
39309
39310
39311
39312
39313
39314
39315
39316
39317
39318
39319
39320
39321
39322
39323
39324
39325
39326
39327
39328
39329
39330
39331
39332
39333
39334
39335
39336
39337
39338
39339
39340
39341
39342
39343
39344
39345
39346
39347
39348
39349
39350
39351
39352
39353
39354
39355
39356
39357
39358
39359
39360
39361
39362
39363
39364
39365
39366
39367
39368
39369
39371
39372
39373
39374
39375
39377
39378
39379
39380
39382
39383
39384
39385
39386
39387
39388
39389
39390
39391
39392
39393
39394
39395
39396
39397
39398
39399
39400
39402
39403
39404
39405
39406
39407
39408
39409
39410
39411
39412
39413
39414
39415
39416
39417
39418
39419
39420
39421
39422
39423
39424
39426
39427
39428
39429
39430
39431
39432
39433
39434
39435
39436
39437
39438
39439
39440
39441
39442
39443
39444
39445
39446
39447
39448
39449
39450
39451
39452
39453
39454
39455
39456
39457
39458
39459
39460
39461
39462
39463
39464
39465
39466
39467
39468
39469
39470
39471
39472
39473
39474
39475
39476
39477
39478
39479
39480
39481
39482
39483
39484
39485
39486
39487
39488
39489
39490
39491
39492
39493
39494
39495
39496
39497
39498
39499
39500
39501
39502
39503
39504
39505
39506
39507
39508
39509
39510
39511
39512
39513
39514
39515
39516
39517
39518
39519
39520
39521
39522
39523
39524
39525
39526
39527
39528
39529
39530
39531
39532
39533
39534
39535
39536
39537
39538
39539
39540
39541
39542
39543
39544
39545
39546
39547
39548
39549
39550
39551
39552
39553
39554
39555
39556
39557
39558
39559
39560
39561
39562
39563
39564
39565
39566
39567
39568
39569
39570
39571
39572
39573
39574
39575
39576
39577
39578
39579
39580
39581
39582
39583
39584
39585
39586
39587
39588
39589
39590
39591
39592
39593
39594
39595
39596
39597
39598
39599
39600
39601
39602
39603
39604
39605
39606
39607
39608
39609
39610
39611
39612
39613
39614
39615
39616
39617
39618
39619
39620
39621
39622
39623
39624
39625
39626
39627
39628
39629
39630
39631
39632
39633
39634
39635
39636
39637
39638
39639
39640
39641
39642
39643
39644
39645
39646
39647
39648
39649
39650
39651
39652
39653
39654
39655
39656
39657
39658
39659
39660
39661
39662
39663
39664
39665
39666
39667
39668
39669
39670
39671
39672
39673
39674
39675
39676
39677
39678
39679
39680
39681
39682
39683
39684
39685
39686
39687
39688
39689
39690
39691
39692
39693
39694
39695
39696
39697
39698
39699
39700
39701
39702
39703
39704
39705
39706
39707
39708
39709
39710
39711
39712
39713
39714
39715
39716
39717
39718
39719
39720
39721
39722
39723
39724
39725
39726
39727
39728
39729
39730
39731
39732
39733
39734
39735
39736
39737
39738
39739
39740
39741
39742
39743
39744
39745
39746
39747
39748
39749
39750
39751
39752
39753
39754
39755
39756
39757
39758
39759
39760
39761
39762
39763
39764
39765
39766
39767
39768
39769
39770
39771
39772
39773
39774
39775
39776
39777
39778
39779
39780
39781
39782
39783
39784
39785
39786
39787
39788
39789
39790
39791
39792
39793
39794
39795
39796
39797
39798
39799
39800
39801
39802
39803
39804
39805
39806
39807
39808
39809
39810
39811
39812
39813
39814
39815
39816
39817
39818
39819
39820
39821
39822
39823
39824
39825
39826
39827
39828
39829
39830
39831
39832
39833
39834
39835
39836
39837
39838
39839
39840
39841
39842
39843
39844
39845
39846
39847
39848
39849
39850
39851
39852
39853
39854
39855
39856
39857
39858
39859
39860
39861
39862
39863
39864
39865
39866
39867
39868
39869
39870
39871
39872
39873
39874
39875
39876
39877
39878
39879
39880
39881
39882
39883
39884
39885
39886
39887
39888
39889
39890
39891
39892
39893
39894
39895
39896
39897
39898
39899
39900
39901
39902
39903
39904
39905
39906
39907
39908
39909
39910
39911
39912
39913
39914
39915
39916
39917
39918
39919
39920
39921
39922
39923
39924
39925
39926
39927
39928
39929
39930
39931
39932
39933
39934
39935
39936
39937
39938
39939
39940
39941
39942
39943
39944
39945
39946
39947
39948
39949
39950
39951
39952
39953
39954
39955
39956
39957
39958
39959
39960
39961
39962
39963
39964
39965
39966
39967
39968
39969
39970
39971
39972
39973
39974
39975
39976
39977
39978
39979
39980
39981
39982
39983
39984
39985
39986
39987
39988
39989
39990
39991
39992
39993
39994
39995
39996
39997
39998
39999
40002
40004
40008
40011
40012
40013
40014
40016
40020
40024
40025
40026
40028
40029
40030
40032
40033
40034
40037
40038
40039
40040
40041
40042
40044
40046
40047
40048
40049
40050
40053
40057
40058
40062
40063
40064
40065
40066
40070
40071
40073
40075
40076
40078
40079
40080
40083
40084
40087
40088
40089
40090
40095
40096
40097
40098
40100
40101
40102
40103
40107
40108
40110
40111
40114
40115
40116
40117
40118
40119
40121
40122
40123
40124
40126
40127
40128
40129
40132
40133
40134
40135
40136
40138
40140
40143
40144
40145
40146
40147
40149
40151
40152
40156
40157
40158
40160
40161
40164
40166
40167
40168
40170
40171
40173
40174
40175
40181
40182
40183
40186
40188
40189
40190
40192
40193
40195
40199
40200
40201
40202
40204
40205
40206
40207
40210
40212
40213
40215
40216
40218
40219
40220
40221
40223
40224
40225
40226
40227
40228
40229
40231
40232
40233
40234
40237
40239
40240
40241
40243
40246
40247
40248
40249
40250
40251
40252
40255
40256
40258
40259
40261
40262
40263
40264
40266
40267
40268
40271
40272
40274
40275
40278
40279
40281
40282
40283
40285
40286
40287
40288
40289
40290
40291
40292
40293
40294
40297
40298
40300
40301
40302
40303
40305
40307
40308
40311
40312
40313
40314
40317
40321
40323
40324
40327
40328
40332
40333
40334
40335
40336
40337
40338
40339
40340
40341
40342
40343
40344
40345
40346
40347
40348
40349
40350
40351
40352
40353
40354
40355
40356
40357
40358
40360
40361
40362
40366
40367
40368
40369
40370
40373
40374
40376
40378
40379
40380
40382
40383
40384
40385
40386
40387
40388
40390
40391
40392
40393
40394
40397
40398
40401
40403
40404
40408
40409
40410
40411
40412
40414
40417
40420
40422
40423
40424
40425
40427
40428
40429
40430
40431
40433
40434
40435
40437
40438
40439
40441
40443
40444
40445
40446
40447
40450
40451
40452
40454
40455
40456
40458
40461
40463
40464
40465
40466
40467
40469
40470
40472
40473
40475
40476
40477
40478
40479
40480
40482
40485
40486
40488
40489
40491
40492
40494
40499
40500
40501
40502
40504
40505
40506
40507
40509
40510
40518
40523
40525
40527
40528
40529
40530
40532
40533
40534
40535
40536
40537
40538
40540
40541
40542
40543
40544
40545
40546
40547
40548
40549
40551
40552
40554
40556
40557
40558
40559
40561
40562
40563
40564
40566
40568
40569
40570
40571
40572
40574
40576
40577
40579
40580
40581
40582
40584
40589
40591
40593
40594
40596
40597
40598
40599
40600
40601
40602
40603
40605
40608
40609
40613
40614
40615
40617
40618
40619
40621
40624
40625
40626
40627
40628
40629
40630
40631
40632
40633
40634
40636
40639
40640
40641
40642
40643
40646
40647
40650
40651
40652
40653
40655
40656
40657
40659
40660
40662
40663
40664
40667
40670
40671
40672
40673
40674
40675
40677
40678
40679
40682
40683
40685
40687
40688
40689
40692
40693
40696
40699
40701
40702
40707
40710
40711
40712
40713
40715
40716
40717
40718
40719
40720
40721
40722
40725
40727
40728
40729
40731
40732
40733
40735
40738
40739
40740
40741
40742
40743
40745
40746
40747
40748
40749
40751
40753
40754
40755
40756
40759
40760
40761
40762
40763
40764
40767
40769
40772
40773
40774
40775
40777
40779
40780
40781
40782
40784
40785
40786
40787
40788
40789
40790
40791
40793
40794
40797
40798
40799
40801
40802
40803
40805
40806
40808
40811
40812
40813
40814
40815
40816
40817
40818
40820
40821
40823
40824
40825
40826
40828
40829
40830
40832
40833
40834
40835
40836
40837
40838
40839
40840
40841
40844
40845
40848
40851
40853
40855
40856
40857
40858
40860
40861
40863
40866
40867
40868
40870
40871
40872
40873
40874
40878
40879
40881
40883
40884
40886
40889
40890
40891
40893
40895
40896
40897
40900
40901
40905
40908
40909
40910
40912
40913
40914
40916
40917
40918
40919
40920
40921
40922
40923
40924
40926
40929
40932
40933
40934
40935
40937
40938
40940
40941
40942
40944
40947
40948
40949
40950
40951
40952
40953
40954
40957
40958
40959
40961
40963
40964
40966
40967
40968
40969
40970
40971
40972
40973
40978
40981
40983
40984
40985
40986
40987
40988
40992
40993
40995
40996
40999
41000
41001
41002
41004
41005
41006
41008
41009
41010
41011
41012
41013
41014
41015
41016
41018
41019
41020
41021
41022
41025
41027
41029
41031
41032
41033
41036
41039
41040
41042
41043
41047
41049
41050
41051
41052
41053
41054
41055
41057
41058
41061
41062
41063
41064
41065
41066
41068
41069
41071
41075
41076
41077
41078
41080
41081
41082
41085
41087
41088
41089
41090
41092
41093
41095
41096
41097
41099
41100
41101
41103
41104
41105
41108
41110
41111
41113
41114
41115
41117
41118
41119
41122
41124
41125
41126
41127
41129
41131
41132
41133
41134
41136
41138
41139
41140
41141
41142
41143
41144
41146
41147
41148
41150
41151
41152
41153
41154
41155
41156
41158
41159
41160
41161
41162
41163
41164
41165
41166
41167
41169
41170
41171
41173
41175
41177
41178
41182
41183
41184
41185
41186
41187
41188
41192
41193
41196
41197
41198
41200
41201
41204
41205
41206
41208
41209
41211
41212
41215
41217
41218
41221
41222
41223
41224
41226
41227
41228
41230
41231
41232
41233
41234
41235
41237
41238
41239
41242
41243
41244
41246
41247
41248
41249
41250
41251
41255
41256
41257
41258
41259
41260
41262
41263
41265
41268
41269
41270
41271
41272
41273
41274
41275
41276
41278
41283
41285
41289
41290
41291
41292
41295
41297
41298
41300
41304
41305
41306
41307
41309
41313
41316
41318
41321
41323
41324
41325
41328
41329
41330
41331
41332
41333
41334
41335
41336
41339
41340
41341
41343
41344
41345
41349
41352
41353
41354
41355
41357
41358
41359
41360
41361
41363
41364
41365
41366
41368
41371
41372
41373
41374
41375
41378
41379
41381
41382
41383
41384
41385
41386
41388
41390
41391
41392
41396
41397
41400
41402
41403
41404
41407
41409
41413
41414
41416
41417
41418
41419
41423
41424
41426
41427
41429
41430
41433
41434
41438
41439
41441
41443
41446
41448
41451
41453
41455
41457
41459
41461
41462
41463
41467
41468
41469
41470
41471
41474
41475
41476
41477
41478
41479
41484
41488
41491
41493
41495
41496
41497
41499
41500
41501
41502
41504
41505
41506
41507
41508
41510
41511
41512
41513
41514
41515
41516
41517
41518
41520
41521
41522
41525
41526
41528
41530
41531
41532
41533
41535
41536
41537
41538
41539
41540
41542
41543
41544
41545
41546
41547
41548
41549
41550
41551
41552
41553
41554
41555
41557
41559
41561
41562
41563
41564
41565
41566
41567
41568
41569
41570
41572
41573
41574
41580
41581
41583
41584
41586
41587
41589
41590
41591
41594
41596
41599
41600
41602
41605
41606
41608
41609
41611
41613
41617
41619
41622
41623
41624
41625
41626
41629
41630
41633
41634
41635
41636
41637
41638
41640
41641
41642
41643
41645
41646
41647
41649
41650
41653
41655
41658
41659
41660
41661
41662
41663
41664
41665
41666
41668
41669
41670
41671
41673
41674
41675
41676
41678
41679
41680
41681
41683
41684
41688
41689
41691
41692
41693
41694
41696
41697
41698
41699
41700
41701
41702
41703
41706
41707
41710
41712
41713
41714
41716
41717
41722
41724
41727
41728
41729
41730
41732
41733
41735
41736
41737
41738
41741
41743
41744
41748
41749
41752
41753
41754
41755
41756
41757
41759
41763
41764
41767
41769
41772
41774
41776
41778
41779
41780
41781
41783
41784
41786
41787
41788
41789
41790
41791
41792
41795
41796
41798
41800
41801
41802
41803
41804
41809
41812
41814
41817
41820
41822
41823
41824
41825
41826
41827
41829
41831
41835
41836
41838
41839
41840
41844
41846
41847
41850
41851
41852
41853
41854
41855
41856
41857
41858
41862
41863
41864
41866
41867
41868
41872
41873
41874
41876
41878
41879
41880
41882
41883
41885
41889
41890
41893
41896
41897
41898
41899
41903
41904
41906
41907
41908
41909
41912
41913
41914
41915
41916
41919
41920
41921
41922
41925
41926
41928
41929
41930
41931
41932
41933
41934
41935
41936
41939
41940
41942
41943
41946
41947
41948
41949
41951
41952
41954
41956
41957
41959
41961
41962
41963
41964
41965
41966
41967
41968
41973
41974
41975
41977
41978
41979
41981
41983
41985
41986
41988
41990
41991
41992
41994
41995
41998
42000
42001
42002
42003
42004
42005
42007
42008
42009
42010
42011
42014
42016
42018
42019
42023
42024
42026
42027
42028
42029
42032
42033
42037
42039
42041
42042
42044
42046
42047
42048
42050
42051
42053
42054
42056
42057
42058
42060
42061
42065
42067
42068
42069
42070
42071
42072
42073
42074
42076
42077
42078
42079
42080
42085
42086
42087
42089
42091
42092
42093
42095
42096
42097
42098
42099
42100
42102
42103
42104
42108
42109
42110
42112
42115
42117
42118
42119
42120
42122
42123
42125
42126
42127
42128
42131
42133
42135
42138
42139
42140
42141
42142
42143
42144
42145
42146
42147
42149
42151
42152
42153
42155
42156
42157
42158
42159
42161
42162
42164
42166
42167
42169
42170
42171
42172
42176
42177
42178
42179
42180
42182
42183
42185
42186
42187
42189
42190
42191
42195
42196
42197
42198
42199
42201
42203
42204
42206
42208
42210
42212
42219
42220
42222
42223
42227
42228
42230
42232
42233
42234
42237
42238
42239
42240
42243
42244
42246
42249
42250
42251
42252
42253
42254
42256
42257
42258
42261
42262
42263
42264
42265
42267
42269
42270
42272
42274
42276
42278
42280
42281
42282
42286
42287
42289
42290
42292
42294
42295
42296
42297
42298
42300
42301
42303
42304
42307
42308
42310
42311
42312
42314
42315
42316
42317
42318
42320
42322
42323
42324
42325
42326
42327
42328
42330
42331
42333
42335
42336
42337
42340
42341
42342
42343
42344
42345
42346
42347
42348
42349
42351
42352
42353
42355
42356
42357
42358
42359
42360
42362
42363
42365
42366
42367
42368
42369
42370
42371
42373
42374
42377
42378
42381
42382
42383
42384
42385
42386
42387
42391
42392
42393
42395
42397
42398
42401
42403
42404
42405
42406
42407
42409
42411
42412
42413
42417
42418
42419
42420
42422
42426
42427
42428
42431
42432
42434
42435
42436
42437
42441
42442
42443
42444
42448
42449
42450
42451
42452
42453
42456
42457
42458
42459
42460
42461
42462
42463
42464
42465
42466
42467
42468
42469
42470
42473
42474
42475
42476
42477
42478
42479
42480
42481
42482
42483
42484
42485
42486
42488
42493
42496
42498
42499
42500
42501
42502
42505
42506
42507
42508
42511
42513
42514
42516
42517
42519
42521
42522
42524
42525
42526
42527
42528
42529
42531
42532
42533
42534
42535
42536
42537
42540
42541
42543
42545
42547
42549
42553
42555
42556
42558
42559
42562
42563
42565
42568
42570
42571
42572
42573
42578
42579
42580
42581
42584
42590
42594
42596
42597
42599
42604
42605
42606
42607
42608
42609
42610
42611
42612
42613
42617
42618
42619
42621
42622
42624
42628
42629
42630
42632
42634
42636
42637
42641
42642
42644
42648
42649
42650
42653
42655
42662
42664
42665
42666
42667
42669
42672
42673
42674
42675
42676
42677
42678
42680
42684
42690
42691
42692
42693
42694
42696
42697
42699
42700
42701
42704
42705
42706
42707
42708
42709
42710
42711
42714
42715
42716
42717
42718
42719
42720
42721
42723
42724
42725
42726
42727
42728
42730
42732
42734
42735
42737
42739
42741
42744
42745
42746
42747
42748
42749
42750
42752
42753
42754
42755
42756
42759
42762
42764
42765
42766
42767
42768
42769
42770
42771
42773
42774
42775
42777
42778
42780
42782
42784
42785
42786
42787
42788
42789
42791
42792
42793
42794
42797
42798
42799
42800
42801
42802
42803
42804
42805
42807
42808
42809
42810
42812
42813
42814
42815
42817
42820
42822
42823
42824
42825
42826
42828
42832
42833
42834
42835
42837
42838
42841
42842
42843
42844
42846
42847
42849
42850
42851
42853
42854
42855
42858
42859
42861
42862
42863
42864
42865
42867
42868
42869
42871
42872
42873
42874
42875
42877
42881
42883
42884
42885
42886
42887
42889
42891
42893
42895
42896
42897
42898
42900
42901
42902
42903
42904
42905
42907
42909
42912
42913
42914
42915
42916
42918
42919
42922
42923
42924
42925
42927
42930
42933
42934
42936
42937
42938
42940
42941
42942
42943
42945
42946
42947
42948
42949
42951
42953
42955
42956
42957
42959
42960
42962
42964
42965
42966
42967
42968
42969
42970
42972
42974
42975
42976
42978
42980
42981
42983
42985
42986
42988
42991
42992
42994
42995
42996
42999
43000
43001
43004
43005
43006
43008
43009
43011
43014
43015
43017
43018
43019
43021
43022
43024
43027
43028
43029
43030
43032
43033
43034
43036
43037
43038
43039
43040
43041
43042
43043
43044
43045
43046
43047
43048
43050
43051
43053
43054
43057
43058
43060
43062
43063
43064
43066
43067
43069
43070
43072
43073
43074
43075
43078
43080
43081
43082
43085
43086
43088
43089
43091
43092
43093
43094
43096
43098
43099
43100
43102
43103
43104
43107
43110
43111
43113
43114
43115
43117
43119
43120
43124
43126
43127
43129
43130
43132
43133
43134
43135
43136
43137
43140
43141
43142
43144
43145
43148
43149
43150
43152
43153
43157
43158
43159
43160
43161
43162
43163
43164
43166
43167
43170
43171
43174
43177
43178
43181
43183
43184
43185
43187
43188
43190
43191
43192
43193
43194
43195
43196
43197
43204
43205
43206
43210
43211
43214
43216
43217
43218
43220
43221
43222
43224
43225
43226
43230
43232
43236
43240
43241
43242
43244
43246
43247
43248
43250
43252
43253
43254
43255
43256
43257
43260
43261
43265
43267
43268
43269
43271
43274
43275
43281
43282
43283
43284
43285
43287
43288
43289
43291
43293
43294
43296
43298
43299
43300
43301
43303
43304
43305
43307
43309
43310
43311
43312
43313
43314
43315
43316
43317
43319
43320
43322
43325
43326
43327
43328
43329
43330
43332
43334
43335
43336
43338
43343
43344
43345
43349
43350
43354
43355
43356
43357
43361
43362
43363
43364
43365
43367
43369
43370
43371
43372
43373
43374
43376
43377
43378
43379
43381
43382
43385
43386
43387
43388
43389
43395
43396
43397
43398
43399
43400
43401
43405
43406
43407
43408
43409
43410
43411
43413
43415
43420
43421
43422
43423
43425
43428
43429
43431
43432
43433
43434
43435
43436
43437
43438
43439
43440
43441
43442
43444
43446
43447
43448
43449
43450
43451
43453
43454
43456
43457
43459
43460
43461
43463
43466
43467
43468
43469
43471
43472
43477
43478
43479
43481
43482
43483
43485
43487
43488
43489
43490
43492
43493
43494
43495
43496
43497
43498
43499
43501
43503
43504
43506
43507
43508
43509
43510
43512
43515
43516
43517
43518
43520
43521
43523
43526
43529
43530
43532
43533
43534
43535
43536
43537
43538
43541
43542
43547
43548
43552
43554
43555
43556
43558
43559
43560
43562
43563
43565
43567
43568
43570
43571
43572
43574
43575
43576
43578
43580
43581
43583
43584
43585
43587
43589
43592
43595
43600
43601
43602
43603
43605
43606
43609
43610
43611
43612
43614
43617
43618
43619
43620
43621
43623
43624
43626
43629
43630
43633
43636
43637
43638
43639
43640
43643
43644
43647
43648
43649
43650
43651
43655
43656
43659
43660
43661
43662
43663
43665
43666
43669
43670
43671
43672
43673
43674
43676
43677
43681
43683
43686
43687
43688
43690
43691
43693
43694
43695
43696
43697
43698
43699
43701
43703
43705
43707
43709
43710
43714
43715
43716
43718
43720
43722
43723
43725
43728
43729
43730
43732
43733
43734
43736
43737
43739
43740
43741
43742
43743
43744
43745
43746
43748
43749
43750
43751
43752
43753
43755
43756
43757
43759
43760
43761
43763
43765
43766
43767
43768
43769
43773
43775
43776
43777
43778
43779
43780
43782
43783
43786
43787
43788
43790
43791
43792
43793
43795
43796
43797
43798
43800
43801
43802
43805
43806
43807
43808
43812
43815
43816
43818
43819
43822
43823
43824
43825
43826
43827
43828
43830
43831
43837
43838
43839
43840
43841
43844
43845
43846
43848
43850
43852
43853
43854
43855
43856
43857
43858
43859
43860
43864
43865
43866
43867
43868
43869
43870
43871
43872
43873
43874
43877
43878
43879
43880
43881
43883
43885
43886
43888
43889
43891
43893
43895
43896
43899
43900
43902
43904
43906
43908
43909
43911
43915
43919
43922
43923
43924
43925
43927
43928
43929
43933
43934
43935
43936
43937
43938
43940
43941
43943
43945
43947
43948
43950
43951
43952
43956
43957
43962
43963
43964
43965
43967
43969
43971
43973
43974
43976
43977
43978
43981
43982
43984
43985
43986
43987
43988
43989
43990
43991
43994
43995
43996
43998
43999
44001
44003
44005
44006
44007
44009
44010
44011
44013
44014
44015
44017
44020
44022
44023
44024
44025
44026
44031
44032
44034
44037
44038
44039
44040
44041
44042
44043
44044
44047
44048
44051
44052
44053
44054
44055
44057
44059
44060
44062
44064
44065
44067
44072
44075
44076
44078
44079
44080
44081
44084
44086
44087
44089
44090
44091
44093
44095
44096
44098
44101
44102
44104
44107
44109
44111
44113
44115
44120
44121
44122
44123
44124
44126
44128
44131
44132
44134
44135
44136
44140
44141
44142
44143
44144
44145
44149
44150
44151
44153
44157
44158
44159
44162
44163
44164
44165
44168
44169
44170
44171
44172
44173
44174
44175
44177
44178
44179
44181
44183
44184
44189
44192
44193
44194
44195
44197
44198
44200
44201
44203
44205
44206
44207
44208
44211
44212
44213
44214
44215
44216
44217
44218
44219
44220
44221
44222
44223
44225
44226
44227
44229
44230
44232
44234
44235
44237
44239
44240
44241
44242
44243
44245
44246
44247
44249
44250
44252
44253
44254
44255
44257
44258
44259
44264
44265
44268
44269
44270
44271
44272
44274
44275
44276
44277
44279
44280
44283
44284
44286
44287
44289
44294
44295
44296
44299
44300
44301
44303
44304
44305
44307
44309
44310
44311
44312
44313
44315
44316
44317
44318
44319
44324
44325
44327
44328
44329
44331
44332
44333
44334
44335
44336
44337
44339
44340
44341
44342
44343
44347
44348
44350
44351
44353
44356
44357
44359
44362
44364
44365
44366
44367
44368
44372
44373
44375
44377
44380
44381
44382
44383
44384
44388
44390
44393
44394
44395
44396
44398
44399
44400
44402
44405
44407
44408
44409
44410
44411
44413
44414
44416
44417
44418
44419
44421
44425
44426
44428
44429
44430
44431
44432
44436
44439
44440
44442
44443
44444
44445
44447
44448
44449
44450
44452
44454
44455
44457
44458
44459
44460
44462
44463
44464
44465
44466
44467
44473
44475
44477
44479
44480
44481
44482
44483
44484
44487
44488
44489
44490
44491
44495
44497
44498
44499
44500
44502
44504
44505
44512
44514
44515
44516
44517
44518
44524
44525
44528
44529
44531
44532
44533
44535
44538
44539
44540
44541
44543
44545
44550
44553
44555
44556
44557
44558
44559
44560
44561
44562
44564
44566
44568
44569
44570
44571
44572
44574
44575
44576
44577
44579
44581
44585
44586
44587
44588
44589
44594
44596
44597
44598
44599
44600
44601
44603
44604
44608
44610
44611
44613
44617
44620
44622
44624
44628
44630
44632
44633
44634
44635
44636
44637
44639
44640
44641
44642
44643
44644
44645
44647
44648
44649
44651
44652
44653
44656
44658
44660
44661
44663
44664
44665
44666
44667
44668
44669
44670
44671
44672
44673
44675
44676
44679
44680
44683
44687
44688
44692
44693
44694
44696
44697
44699
44700
44703
44706
44708
44712
44715
44716
44718
44719
44720
44721
44722
44723
44726
44728
44729
44731
44733
44734
44736
44737
44738
44741
44742
44745
44746
44747
44749
44751
44752
44754
44755
44758
44761
44764
44766
44767
44770
44771
44772
44773
44775
44776
44777
44778
44779
44780
44781
44782
44783
44784
44786
44787
44788
44789
44791
44793
44794
44795
44796
44798
44800
44802
44804
44806
44808
44809
44812
44813
44814
44815
44816
44817
44818
44819
44820
44821
44822
44823
44824
44828
44830
44831
44833
44834
44838
44839
44841
44842
44843
44846
44847
44848
44851
44853
44854
44855
44856
44857
44860
44861
44864
44865
44866
44868
44870
44871
44873
44874
44875
44877
44878
44880
44881
44883
44886
44888
44893
44894
44896
44899
44900
44901
44903
44905
44909
44911
44912
44913
44916
44917
44918
44920
44921
44922
44925
44926
44928
44931
44932
44933
44934
44935
44936
44937
44938
44941
44942
44943
44947
44948
44949
44950
44954
44955
44959
44960
44962
44963
44964
44966
44967
44969
44970
44971
44972
44974
44979
44980
44981
44982
44983
44985
44989
44990
44993
44995
44998
45001
45002
45004
45005
45006
45007
45008
45009
45012
45013
45016
45018
45022
45023
45024
45025
45026
45028
45029
45030
45031
45032
45033
45034
45035
45038
45039
45040
45041
45044
45046
45047
45049
45051
45052
45053
45054
45055
45056
45057
45058
45059
45063
45064
45065
45068
45070
45071
45073
45074
45075
45077
45078
45079
45080
45083
45086
45087
45088
45089
45090
45092
45093
45094
45095
45097
45099
45101
45102
45104
45105
45106
45108
45109
45112
45113
45114
45116
45119
45120
45122
45123
45124
45125
45127
45128
45129
45130
45131
45132
45133
45135
45136
45137
45138
45139
45140
45141
45142
45143
45144
45147
45148
45149
45150
45152
45153
45154
45157
45158
45161
45164
45166
45169
45172
45175
45176
45178
45179
45180
45182
45183
45184
45186
45188
45190
45191
45192
45193
45195
45197
45198
45199
45202
45203
45205
45207
45209
45211
45212
45213
45215
45216
45217
45218
45219
45220
45222
45224
45226
45227
45228
45229
45230
45231
45232
45233
45234
45238
45239
45240
45243
45245
45247
45248
45249
45251
45252
45253
45258
45260
45263
45264
45265
45266
45269
45270
45271
45272
45274
45275
45276
45277
45279
45280
45282
45284
45285
45287
45289
45290
45291
45292
45293
45295
45296
45297
45298
45299
45300
45301
45302
45305
45306
45307
45308
45309
45310
45311
45312
45313
45315
45316
45317
45318
45319
45320
45321
45322
45323
45324
45325
45326
45327
45328
45330
45332
45333
45338
45339
45341
45342
45344
45345
45346
45347
45348
45351
45356
45358
45359
45360
45362
45366
45367
45368
45369
45370
45373
45374
45375
45376
45378
45380
45382
45385
45389
45390
45391
45393
45394
45396
45398
45399
45400
45401
45405
45406
45407
45409
45410
45411
45412
45413
45414
45416
45417
45418
45420
45421
45422
45425
45426
45427
45430
45432
45434
45435
45436
45438
45439
45440
45441
45442
45443
45445
45446
45448
45450
45451
45452
45455
45456
45457
45458
45460
45461
45462
45463
45465
45466
45467
45468
45469
45472
45474
45475
45476
45477
45478
45479
45480
45483
45484
45485
45486
45491
45492
45494
45498
45500
45501
45502
45503
45504
45506
45511
45512
45513
45514
45516
45517
45518
45519
45521
45522
45523
45524
45525
45526
45527
45529
45531
45532
45533
45534
45535
45537
45540
45543
45544
45545
45546
45547
45548
45551
45553
45554
45555
45556
45557
45559
45560
45561
45565
45566
45567
45568
45569
45574
45575
45576
45578
45579
45583
45584
45585
45586
45587
45588
45593
45595
45597
45598
45600
45601
45602
45603
45607
45608
45610
45614
45615
45616
45617
45618
45619
45620
45621
45622
45623
45625
45626
45627
45629
45630
45632
45633
45635
45636
45637
45640
45641
45644
45646
45650
45651
45652
45655
45658
45659
45660
45662
45664
45665
45667
45668
45669
45670
45675
45677
45679
45680
45682
45683
45685
45686
45687
45688
45689
45690
45691
45692
45693
45694
45695
45696
45697
45698
45702
45703
45704
45705
45707
45708
45709
45712
45713
45714
45715
45716
45717
45718
45719
45720
45723
45726
45727
45729
45730
45731
45732
45735
45736
45737
45738
45739
45740
45742
45743
45745
45746
45747
45748
45749
45750
45752
45753
45754
45755
45756
45758
45759
45760
45761
45762
45764
45766
45767
45768
45769
45770
45771
45772
45773
45774
45775
45776
45777
45778
45779
45781
45783
45784
45786
45787
45788
45790
45792
45793
45794
45796
45802
45805
45806
45807
45808
45810
45811
45812
45813
45815
45816
45818
45822
45823
45825
45827
45829
45831
45832
45833
45834
45836
45838
45840
45841
45842
45843
45845
45847
45848
45849
45850
45854
45855
45856
45858
45859
45860
45861
45862
45863
45864
45866
45867
45868
45869
45870
45874
45875
45878
45879
45881
45883
45884
45886
45887
45888
45889
45890
45891
45892
45893
45894
45895
45897
45898
45899
45901
45903
45904
45906
45907
45909
45911
45912
45913
45914
45915
45916
45918
45920
45922
45923
45924
45925
45926
45927
45928
45929
45930
45931
45932
45933
45936
45937
45938
45939
45940
45943
45944
45945
45946
45949
45950
45952
45954
45956
45957
45959
45960
45962
45963
45964
45965
45968
45969
45970
45971
45972
45973
45974
45975
45976
45977
45979
45980
45981
45983
45984
45985
45986
45987
45989
45991
45992
45993
45994
45995
45996
45997
45998
45999
46001
46002
46003
46004
46006
46007
46008
46009
46011
46013
46015
46016
46017
46018
46019
46022
46023
46024
46025
46026
46028
46031
46033
46035
46037
46038
46039
46040
46043
46044
46046
46047
46050
46051
46052
46053
46054
46055
46058
46059
46060
46061
46064
46067
46068
46073
46074
46076
46081
46082
46084
46086
46088
46089
46090
46091
46092
46093
46094
46096
46097
46099
46100
46101
46103
46104
46106
46109
46110
46111
46112
46113
46115
46118
46119
46120
46121
46123
46124
46125
46127
46128
46129
46130
46133
46134
46136
46138
46142
46143
46145
46146
46148
46149
46150
46151
46154
46157
46158
46160
46161
46162
46163
46164
46165
46166
46170
46171
46172
46174
46175
46178
46181
46182
46183
46184
46186
46189
46192
46193
46194
46195
46197
46199
46200
46201
46202
46203
46204
46205
46206
46207
46209
46210
46213
46214
46215
46217
46219
46221
46222
46224
46225
46226
46227
46228
46229
46231
46234
46236
46237
46238
46239
46240
46241
46242
46244
46245
46247
46250
46251
46252
46253
46254
46255
46257
46258
46260
46261
46264
46265
46266
46268
46269
46272
46273
46274
46276
46280
46282
46283
46284
46285
46286
46287
46289
46290
46291
46293
46295
46298
46299
46300
46302
46303
46306
46310
46311
46313
46314
46315
46317
46318
46319
46323
46325
46328
46331
46332
46333
46338
46339
46342
46343
46344
46345
46346
46352
46353
46355
46356
46357
46358
46360
46361
46362
46363
46367
46368
46370
46372
46373
46374
46377
46379
46381
46384
46385
46388
46389
46393
46396
46397
46398
46399
46400
46401
46402
46403
46405
46407
46410
46411
46413
46414
46415
46418
46419
46420
46422
46423
46424
46426
46427
46429
46433
46434
46435
46436
46437
46438
46439
46441
46442
46443
46445
46446
46447
46448
46449
46450
46451
46452
46453
46454
46456
46458
46459
46460
46461
46462
46466
46467
46470
46471
46472
46474
46475
46476
46479
46480
46481
46482
46483
46484
46485
46486
46487
46489
46490
46491
46493
46494
46496
46497
46499
46501
46502
46506
46507
46508
46509
46510
46513
46514
46517
46518
46520
46522
46523
46525
46526
46528
46529
46531
46533
46534
46535
46536
46539
46544
46546
46547
46548
46549
46550
46551
46552
46553
46555
46557
46558
46559
46560
46561
46563
46565
46566
46568
46569
46570
46571
46573
46575
46576
46578
46582
46584
46587
46589
46591
46592
46593
46594
46596
46599
46600
46601
46602
46603
46604
46605
46608
46609
46610
46612
46614
46616
46617
46618
46620
46621
46623
46624
46625
46626
46627
46628
46629
46631
46632
46633
46634
46635
46636
46637
46639
46640
46641
46643
46644
46648
46649
46652
46653
46654
46655
46658
46659
46661
46662
46663
46664
46668
46670
46673
46674
46675
46676
46678
46679
46681
46682
46683
46684
46685
46687
46688
46689
46690
46691
46694
46697
46698
46701
46702
46704
46705
46706
46708
46710
46711
46712
46714
46715
46716
46717
46719
46721
46723
46724
46726
46728
46729
46734
46735
46736
46737
46738
46739
46740
46743
46744
46746
46747
46750
46751
46754
46755
46756
46758
46760
46761
46763
46764
46767
46768
46769
46770
46772
46775
46776
46778
46779
46781
46782
46783
46784
46785
46786
46787
46793
46794
46795
46796
46799
46801
46804
46805
46806
46807
46808
46809
46810
46813
46814
46815
46817
46818
46819
46820
46821
46822
46824
46825
46828
46830
46832
46835
46837
46838
46839
46840
46849
46850
46851
46853
46854
46856
46857
46860
46862
46864
46865
46866
46867
46868
46871
46873
46875
46876
46877
46878
46880
46881
46886
46887
46888
46889
46890
46891
46893
46894
46896
46898
46900
46903
46905
46907
46908
46909
46910
46912
46916
46918
46919
46921
46922
46923
46924
46925
46926
46927
46928
46930
46931
46932
46937
46938
46942
46943
46944
46945
46947
46948
46949
46950
46951
46952
46953
46955
46956
46958
46960
46961
46962
46963
46964
46966
46967
46968
46973
46975
46976
46977
46980
46981
46984
46985
46986
46987
46989
46990
46992
46994
46995
46999
47000
47001
47002
47003
47006
47009
47011
47013
47014
47015
47016
47020
47021
47022
47024
47026
47028
47029
47033
47034
47035
47040
47044
47045
47047
47048
47049
47050
47054
47055
47057
47059
47060
47061
47062
47066
47067
47069
47070
47072
47074
47075
47077
47078
47080
47081
47086
47087
47090
47091
47092
47093
47094
47095
47096
47098
47100
47103
47104
47105
47106
47107
47108
47109
47110
47111
47112
47114
47116
47122
47123
47126
47127
47128
47129
47130
47132
47133
47134
47139
47140
47141
47142
47143
47144
47145
47146
47148
47152
47153
47154
47157
47158
47159
47160
47161
47162
47163
47164
47170
47171
47172
47173
47174
47176
47177
47179
47180
47183
47185
47187
47188
47189
47191
47193
47194
47196
47198
47201
47203
47204
47205
47206
47207
47209
47211
47212
47213
47214
47215
47217
47218
47219
47222
47223
47224
47227
47229
47231
47232
47234
47236
47237
47238
47239
47240
47241
47243
47246
47248
47251
47252
47253
47259
47260
47262
47264
47265
47266
47269
47270
47271
47272
47273
47274
47275
47276
47278
47279
47280
47281
47283
47285
47286
47288
47289
47291
47292
47293
47300
47301
47304
47307
47308
47313
47315
47317
47318
47319
47320
47321
47322
47324
47325
47326
47327
47329
47334
47335
47336
47337
47338
47339
47340
47341
47343
47344
47345
47346
47348
47349
47351
47352
47353
47354
47356
47357
47358
47361
47362
47364
47366
47368
47369
47370
47371
47373
47374
47375
47377
47378
47379
47381
47384
47386
47388
47391
47392
47393
47394
47396
47397
47398
47400
47406
47407
47409
47410
47411
47412
47413
47415
47416
47418
47419
47420
47422
47425
47426
47427
47428
47431
47432
47433
47434
47435
47436
47437
47438
47439
47440
47442
47443
47444
47448
47449
47450
47451
47452
47455
47456
47457
47458
47459
47461
47464
47468
47470
47471
47473
47474
47476
47477
47478
47480
47484
47485
47488
47491
47492
47493
47494
47495
47497
47499
47501
47502
47503
47504
47506
47507
47509
47510
47511
47512
47514
47515
47517
47519
47521
47523
47524
47525
47526
47527
47528
47529
47532
47535
47537
47538
47539
47541
47543
47544
47547
47548
47549
47550
47552
47553
47554
47555
47557
47558
47559
47561
47563
47565
47566
47567
47571
47573
47574
47577
47579
47581
47584
47585
47586
47587
47589
47590
47591
47592
47593
47594
47596
47598
47599
47600
47602
47603
47608
47609
47612
47613
47614
47621
47622
47625
47626
47627
47629
47631
47632
47633
47635
47638
47639
47640
47641
47642
47643
47644
47645
47647
47648
47653
47654
47656
47658
47659
47660
47661
47662
47663
47664
47665
47666
47668
47669
47673
47674
47675
47676
47677
47678
47680
47681
47682
47686
47687
47688
47690
47692
47694
47695
47696
47697
47698
47699
47700
47701
47702
47703
47704
47705
47707
47710
47713
47716
47718
47720
47722
47726
47727
47728
47731
47733
47734
47737
47739
47740
47741
47743
47744
47745
47746
47747
47748
47749
47750
47752
47754
47755
47756
47758
47763
47764
47768
47769
47770
47771
47772
47775
47776
47777
47778
47780
47781
47782
47784
47785
47786
47788
47790
47791
47792
47793
47795
47796
47797
47799
47801
47802
47805
47806
47807
47808
47812
47813
47815
47816
47817
47821
47822
47823
47825
47826
47828
47830
47831
47832
47834
47835
47836
47837
47839
47842
47843
47846
47849
47851
47852
47854
47855
47856
47860
47863
47864
47866
47868
47869
47870
47872
47873
47874
47875
47876
47879
47881
47882
47884
47886
47888
47891
47892
47893
47894
47895
47897
47898
47901
47904
47905
47906
47909
47910
47911
47912
47913
47914
47915
47916
47917
47919
47921
47925
47927
47928
47929
47932
47935
47936
47937
47938
47939
47941
47942
47943
47944
47946
47952
47953
47954
47955
47956
47957
47958
47960
47961
47965
47966
47967
47970
47973
47975
47976
47977
47978
47979
47981
47983
47984
47985
47986
47987
47989
47990
47992
47993
47994
47995
48000
48001
48002
48003
48005
48007
48008
48009
48010
48013
48014
48015
48017
48018
48021
48022
48023
48024
48026
48028
48029
48030
48031
48032
48033
48035
48036
48037
48038
48039
48040
48043
48044
48046
48050
48053
48055
48056
48057
48058
48061
48064
48066
48068
48070
48073
48075
48077
48078
48079
48080
48082
48083
48084
48086
48088
48089
48090
48091
48094
48095
48098
48099
48102
48107
48109
48110
48111
48112
48113
48114
48115
48116
48117
48118
48120
48124
48125
48126
48127
48129
48130
48131
48133
48134
48135
48138
48140
48142
48143
48144
48147
48148
48149
48150
48151
48152
48153
48154
48155
48156
48157
48159
48161
48162
48163
48164
48166
48169
48171
48172
48173
48175
48176
48177
48179
48180
48183
48185
48186
48187
48188
48189
48191
48192
48193
48196
48198
48199
48202
48203
48204
48206
48208
48209
48210
48211
48212
48213
48217
48218
48219
48220
48223
48224
48228
48230
48231
48232
48233
48234
48235
48236
48237
48241
48242
48244
48245
48248
48250
48253
48254
48257
48260
48261
48262
48264
48267
48269
48270
48271
48274
48277
48281
48282
48283
48285
48286
48288
48289
48290
48293
48294
48295
48296
48297
48298
48299
48302
48303
48304
48306
48308
48309
48311
48313
48315
48316
48318
48319
48320
48321
48322
48323
48325
48326
48327
48328
48329
48330
48331
48333
48335
48336
48337
48338
48339
48340
48342
48343
48345
48346
48347
48348
48349
48350
48351
48352
48353
48355
48357
48358
48364
48365
48366
48367
48370
48372
48373
48374
48377
48379
48380
48381
48382
48384
48386
48387
48389
48391
48392
48393
48395
48396
48397
48398
48400
48401
48402
48403
48406
48408
48409
48410
48411
48412
48413
48414
48417
48418
48419
48420
48421
48423
48424
48426
48427
48428
48429
48431
48434
48436
48437
48438
48440
48443
48444
48446
48449
48450
48454
48455
48456
48458
48459
48460
48461
48462
48463
48467
48468
48470
48472
48473
48476
48477
48478
48480
48481
48482
48483
48484
48485
48486
48487
48489
48493
48494
48495
48496
48497
48499
48500
48501
48502
48503
48504
48507
48508
48509
48510
48513
48514
48515
48516
48517
48518
48519
48520
48521
48522
48523
48525
48526
48527
48528
48529
48531
48532
48534
48536
48538
48539
48540
48542
48543
48544
48547
48549
48550
48554
48555
48556
48557
48559
48560
48561
48562
48565
48566
48567
48570
48571
48572
48573
48575
48576
48578
48580
48582
48583
48584
48588
48590
48591
48593
48595
48596
48599
48600
48601
48603
48606
48607
48608
48611
48614
48618
48621
48623
48624
48625
48626
48629
48630
48632
48633
48634
48635
48636
48638
48639
48641
48642
48645
48647
48648
48649
48650
48651
48653
48654
48655
48657
48659
48660
48661
48662
48663
48664
48666
48667
48668
48671
48674
48678
48679
48681
48682
48683
48684
48685
48686
48687
48688
48689
48690
48692
48693
48694
48696
48697
48699
48700
48702
48703
48704
48705
48707
48708
48709
48710
48711
48715
48716
48717
48718
48719
48720
48721
48723
48724
48730
48733
48735
48736
48737
48738
48739
48743
48745
48749
48750
48752
48753
48755
48756
48758
48759
48761
48762
48763
48765
48766
48767
48768
48769
48770
48772
48773
48776
48778
48780
48781
48782
48783
48785
48786
48787
48788
48790
48791
48793
48794
48797
48799
48804
48807
48808
48810
48814
48815
48816
48817
48819
48820
48821
48822
48823
48824
48825
48826
48827
48829
48831
48832
48834
48836
48837
48840
48841
48842
48844
48845
48847
48848
48852
48854
48855
48856
48857
48861
48862
48864
48865
48867
48868
48872
48874
48875
48876
48877
48878
48879
48880
48881
48884
48885
48888
48889
48892
48893
48894
48895
48898
48902
48903
48904
48906
48907
48910
48912
48915
48916
48917
48918
48919
48921
48922
48923
48924
48925
48926
48927
48928
48933
48934
48937
48939
48941
48943
48944
48946
48947
48948
48949
48950
48951
48953
48954
48955
48957
48958
48959
48961
48963
48964
48968
48969
48970
48972
48973
48975
48976
48977
48978
48979
48980
48981
48982
48985
48987
48988
48989
48991
48992
48993
48995
48997
48999
49000
49002
49004
49006
49007
49009
49010
49011
49015
49016
49017
49018
49019
49023
49026
49028
49031
49032
49034
49035
49036
49037
49040
49041
49042
49043
49044
49045
49046
49048
49051
49055
49057
49058
49059
49060
49061
49063
49064
49066
49067
49068
49069
49070
49072
49073
49074
49075
49077
49078
49080
49081
49083
49084
49086
49088
49089
49090
49091
49092
49093
49096
49097
49098
49100
49102
49103
49104
49105
49106
49107
49108
49109
49110
49112
49113
49114
49120
49122
49123
49125
49126
49128
49129
49130
49132
49133
49134
49135
49136
49139
49140
49141
49142
49143
49144
49145
49146
49147
49148
49150
49151
49154
49155
49156
49157
49159
49160
49161
49163
49164
49165
49166
49167
49168
49170
49171
49172
49176
49178
49179
49180
49183
49186
49187
49188
49190
49191
49192
49193
49194
49195
49196
49197
49198
49199
49201
49202
49204
49205
49209
49210
49211
49212
49213
49217
49218
49219
49220
49221
49222
49224
49226
49227
49228
49229
49231
49232
49234
49235
49236
49238
49239
49240
49242
49243
49245
49251
49252
49255
49258
49260
49262
49264
49265
49267
49269
49272
49273
49278
49279
49280
49282
49283
49286
49287
49293
49296
49298
49299
49300
49301
49302
49303
49304
49305
49308
49311
49312
49313
49314
49316
49317
49318
49319
49320
49321
49322
49324
49325
49326
49327
49328
49331
49333
49336
49337
49338
49340
49342
49343
49344
49346
49347
49351
49352
49354
49355
49356
49358
49359
49360
49361
49362
49363
49364
49367
49368
49369
49370
49371
49372
49374
49375
49376
49377
49378
49379
49381
49382
49386
49387
49389
49390
49392
49394
49395
49396
49399
49400
49401
49403
49406
49408
49409
49410
49411
49414
49415
49418
49419
49420
49422
49424
49427
49428
49431
49432
49433
49434
49435
49436
49437
49440
49441
49442
49443
49444
49445
49448
49449
49452
49453
49454
49457
49458
49460
49464
49465
49466
49467
49468
49469
49470
49472
49475
49476
49477
49479
49480
49481
49482
49483
49484
49485
49487
49488
49489
49490
49491
49492
49494
49497
49498
49499
49500
49501
49503
49506
49508
49509
49511
49512
49513
49515
49516
49520
49522
49523
49524
49525
49526
49529
49530
49531
49532
49533
49535
49536
49539
49540
49543
49544
49546
49547
49548
49550
49553
49554
49555
49557
49558
49559
49560
49561
49563
49564
49565
49567
49569
49571
49572
49573
49574
49576
49577
49579
49580
49583
49584
49586
49587
49588
49591
49593
49596
49597
49598
49599
49600
49601
49602
49603
49604
49606
49608
49612
49614
49615
49616
49619
49621
49622
49623
49624
49625
49629
49631
49632
49633
49634
49635
49637
49638
49640
49645
49647
49648
49650
49652
49653
49654
49655
49656
49658
49660
49662
49663
49665
49666
49667
49668
49669
49672
49673
49676
49678
49682
49683
49684
49685
49687
49691
49693
49694
49695
49696
49698
49700
49703
49704
49708
49709
49711
49712
49715
49716
49717
49718
49719
49720
49722
49724
49726
49728
49730
49731
49732
49733
49735
49738
49739
49741
49743
49744
49745
49747
49749
49752
49753
49754
49755
49757
49758
49759
49765
49768
49769
49771
49772
49773
49775
49777
49779
49781
49784
49785
49787
49788
49790
49791
49792
49795
49796
49799
49800
49802
49804
49805
49807
49808
49810
49811
49812
49813
49814
49815
49816
49821
49822
49825
49827
49828
49831
49834
49835
49836
49837
49838
49839
49841
49842
49844
49847
49848
49849
49850
49852
49853
49855
49857
49859
49860
49862
49864
49866
49867
49868
49869
49870
49871
49876
49879
49880
49881
49883
49884
49886
49887
49888
49889
49890
49893
49896
49900
49901
49902
49903
49904
49909
49912
49913
49914
49915
49916
49918
49919
49922
49924
49926
49927
49929
49931
49932
49933
49934
49937
49938
49940
49941
49942
49943
49944
49946
49947
49948
49949
49954
49955
49956
49959
49963
49964
49965
49967
49968
49969
49970
49971
49972
49973
49975
49976
49977
49979
49980
49985
49986
49987
49988
49989
49990
49991
49992
49993
49994
49995
49996
49998
50000
50001
50002
50003
50007
50011
50012
50013
50014
50016
50017
50020
50021
50022
50023
50024
50026
50027
50028
50029
50031
50032
50033
50034
50036
50038
50039
50040
50044
50045
50049
50053
50054
50058
50059
50060
50061
50064
50065
50066
50067
50069
50072
50074
50076
50079
50081
50083
50084
50085
50087
50089
50090
50092
50093
50094
50095
50096
50098
50099
50100
50101
50103
50104
50105
50106
50110
50111
50112
50113
50115
50116
50118
50119
50120
50123
50125
50128
50133
50136
50137
50139
50142
50147
50148
50149
50150
50151
50152
50153
50157
50158
50160
50161
50162
50163
50164
50168
50170
50173
50175
50180
50183
50184
50185
50187
50188
50189
50190
50191
50192
50193
50194
50195
50196
50200
50201
50202
50203
50204
50206
50207
50209
50210
50213
50214
50215
50217
50218
50219
50223
50224
50225
50227
50229
50230
50231
50232
50233
50235
50236
50237
50238
50239
50240
50241
50242
50245
50247
50249
50250
50252
50253
50254
50255
50257
50258
50260
50262
50265
50267
50269
50272
50273
50275
50277
50279
50280
50281
50283
50284
50285
50288
50293
50295
50297
50299
50300
50301
50304
50305
50307
50309
50310
50311
50315
50316
50317
50319
50320
50322
50324
50326
50329
50331
50332
50334
50335
50336
50337
50338
50341
50342
50343
50344
50345
50347
50349
50350
50353
50354
50355
50356
50357
50359
50360
50364
50365
50367
50368
50369
50370
50371
50372
50374
50376
50377
50378
50382
50386
50389
50390
50391
50392
50393
50394
50397
50398
50399
50400
50401
50402
50406
50407
50408
50412
50414
50415
50416
50417
50420
50423
50425
50427
50428
50432
50433
50436
50437
50438
50440
50443
50444
50447
50448
50449
50450
50451
50452
50453
50454
50457
50458
50459
50460
50461
50464
50465
50466
50467
50468
50469
50471
50472
50474
50477
50479
50483
50485
50486
50487
50488
50491
50492
50495
50499
50500
50502
50504
50505
50506
50509
50514
50515
50520
50522
50524
50525
50526
50527
50528
50532
50534
50536
50537
50538
50539
50540
50541
50542
50543
50545
50546
50547
50548
50549
50550
50552
50554
50555
50556
50557
50558
50559
50560
50561
50563
50564
50566
50567
50568
50569
50570
50572
50573
50574
50576
50577
50578
50579
50581
50582
50584
50585
50589
50590
50592
50594
50595
50596
50597
50600
50601
50602
50603
50604
50605
50607
50609
50610
50611
50612
50614
50617
50618
50623
50625
50626
50628
50630
50632
50633
50637
50638
50639
50643
50645
50646
50647
50648
50649
50653
50654
50655
50656
50658
50659
50660
50661
50662
50663
50665
50666
50667
50668
50669
50670
50671
50677
50680
50681
50683
50688
50689
50690
50691
50692
50693
50695
50696
50698
50700
50702
50703
50704
50706
50710
50713
50714
50715
50716
50717
50719
50720
50721
50724
50726
50727
50728
50729
50731
50732
50734
50735
50736
50737
50738
50742
50744
50745
50746
50748
50749
50750
50752
50755
50756
50758
50763
50764
50766
50767
50768
50769
50772
50774
50775
50778
50779
50780
50783
50786
50790
50791
50792
50795
50796
50799
50800
50802
50804
50806
50807
50810
50811
50813
50814
50815
50816
50817
50818
50819
50820
50821
50823
50824
50827
50831
50832
50833
50834
50836
50837
50839
50842
50844
50846
50849
50850
50853
50854
50855
50856
50858
50859
50860
50861
50862
50863
50864
50867
50869
50870
50872
50875
50876
50879
50882
50884
50885
50890
50891
50892
50893
50894
50895
50897
50900
50901
50903
50906
50909
50910
50914
50918
50919
50920
50921
50922
50927
50928
50930
50931
50934
50936
50937
50939
50941
50942
50943
50945
50947
50949
50950
50951
50952
50954
50955
50957
50958
50960
50963
50965
50966
50967
50968
50973
50975
50976
50977
50979
50981
50982
50983
50984
50985
50987
50988
50989
50990
50991
50992
50994
50996
50997
50998
51000
51001
51004
51005
51006
51008
51010
51011
51014
51015
51016
51018
51019
51020
51021
51022
51024
51026
51028
51030
51032
51033
51034
51036
51037
51038
51039
51040
51043
51044
51047
51048
51049
51051
51052
51054
51056
51057
51058
51059
51060
51063
51067
51068
51070
51071
51074
51075
51076
51078
51079
51080
51083
51085
51087
51088
51089
51090
51093
51098
51099
51101
51102
51103
51104
51106
51107
51110
51111
51112
51113
51114
51117
51119
51120
51121
51122
51123
51127
51128
51129
51130
51135
51137
51138
51140
51141
51142
51144
51145
51147
51148
51151
51154
51155
51157
51158
51162
51163
51164
51165
51166
51168
51169
51171
51172
51175
51178
51179
51181
51182
51183
51184
51185
51186
51189
51190
51191
51192
51193
51194
51197
51199
51201
51203
51204
51206
51207
51209
51211
51213
51214
51216
51217
51218
51219
51221
51222
51223
51228
51229
51230
51231
51237
51238
51239
51240
51241
51242
51243
51245
51247
51252
51253
51255
51258
51260
51262
51268
51270
51272
51273
51274
51275
51278
51279
51280
51281
51282
51283
51284
51286
51287
51290
51292
51293
51297
51299
51300
51301
51304
51307
51308
51309
51313
51314
51319
51320
51322
51323
51324
51325
51328
51331
51332
51334
51336
51337
51343
51344
51345
51346
51348
51350
51351
51352
51353
51354
51356
51357
51358
51359
51360
51362
51364
51365
51366
51373
51375
51376
51378
51379
51381
51382
51383
51385
51386
51388
51389
51390
51393
51397
51398
51399
51400
51401
51403
51404
51405
51409
51411
51412
51413
51415
51416
51418
51420
51422
51424
51426
51427
51428
51429
51430
51432
51433
51435
51439
51442
51444
51446
51449
51450
51453
51454
51455
51456
51457
51458
51459
51460
51461
51463
51465
51468
51469
51470
51471
51474
51479
51481
51482
51483
51484
51485
51486
51487
51488
51490
51492
51494
51495
51496
51498
51499
51502
51505
51507
51511
51512
51513
51516
51518
51519
51520
51522
51525
51527
51528
51533
51534
51538
51539
51542
51543
51544
51546
51548
51549
51553
51554
51558
51560
51561
51563
51564
51565
51568
51569
51570
51571
51572
51574
51575
51576
51577
51578
51582
51584
51586
51587
51588
51590
51591
51592
51594
51595
51596
51599
51600
51601
51602
51604
51607
51609
51610
51612
51614
51615
51616
51618
51619
51620
51623
51624
51629
51630
51631
51632
51633
51636
51637
51641
51643
51644
51651
51652
51654
51658
51659
51660
51661
51662
51663
51664
51665
51666
51667
51668
51670
51674
51675
51676
51678
51679
51681
51683
51686
51689
51690
51691
51692
51693
51698
51700
51701
51704
51705
51706
51710
51711
51712
51713
51714
51715
51716
51718
51721
51722
51723
51725
51726
51727
51728
51730
51731
51734
51735
51738
51739
51740
51741
51743
51744
51745
51746
51747
51748
51751
51754
51755
51756
51759
51761
51762
51763
51764
51769
51773
51774
51775
51777
51779
51780
51781
51782
51783
51784
51785
51788
51790
51791
51792
51795
51796
51797
51799
51802
51807
51808
51809
51811
51813
51816
51817
51819
51820
51821
51822
51826
51827
51830
51834
51835
51836
51837
51838
51839
51840
51841
51842
51844
51849
51850
51851
51852
51853
51854
51855
51856
51857
51859
51860
51861
51862
51863
51864
51865
51866
51868
51869
51871
51873
51876
51877
51879
51882
51883
51885
51886
51888
51892
51893
51894
51895
51898
51899
51900
51901
51902
51903
51904
51907
51909
51910
51911
51912
51913
51915
51916
51917
51919
51920
51922
51923
51924
51925
51926
51927
51928
51929
51930
51932
51933
51935
51936
51937
51938
51939
51941
51943
51944
51946
51947
51948
51950
51952
51954
51955
51958
51959
51960
51961
51965
51968
51969
51971
51972
51973
51974
51976
51977
51981
51982
51983
51984
51985
51988
51989
51990
51991
51993
51995
51996
51998
52000
52001
52003
52005
52007
52008
52010
52011
52012
52013
52015
52018
52019
52020
52021
52022
52023
52024
52026
52028
52029
52031
52033
52034
52035
52036
52037
52038
52039
52040
52041
52043
52044
52046
52047
52049
52050
52051
52054
52055
52057
52061
52062
52063
52065
52067
52068
52072
52074
52075
52077
52078
52079
52080
52081
52082
52084
52085
52086
52088
52089
52091
52092
52093
52094
52095
52096
52097
52099
52100
52101
52108
52110
52112
52113
52114
52116
52117
52118
52121
52122
52123
52125
52126
52127
52128
52129
52131
52132
52133
52136
52137
52138
52139
52140
52142
52143
52144
52145
52148
52149
52150
52151
52152
52153
52154
52155
52157
52159
52160
52162
52165
52169
52173
52174
52175
52176
52178
52179
52180
52181
52182
52183
52184
52186
52188
52190
52193
52194
52195
52196
52198
52199
52201
52202
52204
52206
52208
52210
52211
52212
52214
52215
52216
52217
52218
52219
52220
52221
52223
52225
52226
52228
52230
52231
52233
52234
52236
52237
52239
52240
52243
52247
52251
52254
52255
52256
52257
52259
52262
52263
52264
52265
52266
52267
52268
52269
52272
52274
52275
52277
52279
52280
52285
52287
52289
52290
52291
52293
52294
52297
52298
52300
52301
52302
52303
52304
52307
52308
52310
52311
52315
52316
52318
52322
52324
52325
52326
52328
52329
52330
52331
52335
52337
52341
52342
52344
52346
52348
52349
52351
52352
52353
52354
52358
52359
52361
52363
52365
52367
52369
52372
52374
52377
52379
52381
52383
52385
52386
52387
52388
52390
52391
52392
52393
52394
52395
52396
52397
52398
52400
52401
52402
52407
52408
52409
52410
52411
52412
52413
52416
52417
52419
52421
52423
52424
52425
52426
52429
52433
52437
52439
52440
52441
52443
52445
52446
52447
52448
52449
52451
52452
52453
52455
52457
52459
52460
52461
52465
52467
52468
52470
52471
52473
52474
52476
52478
52479
52480
52481
52482
52483
52485
52486
52487
52489
52490
52492
52493
52497
52498
52500
52501
52502
52503
52506
52508
52509
52513
52514
52515
52517
52518
52519
52521
52522
52524
52527
52531
52534
52539
52540
52541
52542
52543
52546
52547
52548
52549
52550
52551
52553
52555
52556
52557
52559
52561
52563
52564
52565
52566
52567
52570
52574
52575
52576
52579
52580
52581
52582
52584
52587
52588
52589
52590
52592
52593
52594
52595
52597
52598
52601
52602
52603
52604
52606
52608
52609
52610
52612
52614
52615
52618
52621
52622
52624
52625
52628
52629
52632
52635
52637
52638
52642
52644
52647
52648
52651
52652
52655
52657
52658
52660
52663
52667
52669
52670
52673
52674
52675
52676
52677
52678
52680
52681
52682
52684
52685
52686
52687
52689
52694
52695
52696
52698
52699
52701
52703
52706
52707
52709
52710
52711
52712
52713
52714
52715
52720
52722
52724
52726
52727
52728
52730
52731
52732
52733
52736
52738
52739
52740
52742
52743
52744
52746
52747
52748
52749
52750
52755
52756
52757
52760
52761
52762
52763
52765
52766
52771
52773
52775
52776
52777
52778
52780
52782
52783
52785
52786
52787
52788
52789
52790
52795
52798
52802
52807
52808
52809
52811
52812
52813
52815
52816
52818
52819
52820
52821
52823
52824
52826
52827
52828
52829
52830
52831
52832
52833
52834
52836
52837
52840
52843
52845
52846
52847
52848
52850
52851
52852
52853
52854
52857
52860
52861
52862
52863
52864
52865
52866
52867
52868
52869
52870
52876
52879
52884
52886
52894
52895
52897
52898
52899
52900
52902
52903
52906
52907
52908
52910
52912
52913
52914
52915
52916
52917
52920
52923
52924
52925
52926
52927
52928
52934
52938
52940
52941
52943
52944
52945
52946
52948
52949
52956
52957
52958
52961
52962
52963
52964
52965
52966
52967
52968
52970
52971
52972
52976
52979
52980
52981
52983
52985
52986
52987
52990
52991
52992
52994
52995
52996
53000
53001
53002
53003
53005
53006
53007
53009
53010
53012
53014
53016
53017
53019
53020
53021
53026
53027
53030
53031
53032
53036
53037
53038
53039
53041
53046
53048
53049
53050
53052
53053
53057
53058
53059
53060
53062
53063
53064
53066
53067
53069
53070
53071
53072
53074
53076
53080
53081
53082
53083
53084
53085
53086
53088
53089
53090
53092
53093
53095
53096
53098
53099
53100
53103
53105
53106
53107
53108
53109
53111
53112
53113
53114
53115
53116
53118
53119
53121
53122
53123
53125
53126
53127
53136
53137
53138
53139
53140
53141
53145
53147
53148
53149
53150
53153
53155
53158
53161
53162
53164
53167
53169
53170
53171
53174
53175
53176
53178
53179
53180
53184
53185
53187
53188
53189
53192
53194
53195
53198
53203
53204
53205
53206
53207
53208
53209
53213
53216
53217
53218
53220
53221
53222
53226
53227
53228
53230
53231
53232
53233
53235
53236
53238
53240
53241
53243
53244
53245
53247
53251
53253
53254
53255
53256
53257
53258
53259
53264
53265
53267
53269
53270
53272
53274
53275
53276
53277
53278
53280
53282
53283
53284
53286
53287
53292
53293
53295
53296
53297
53298
53300
53301
53302
53304
53307
53308
53310
53312
53313
53315
53317
53319
53322
53325
53326
53327
53328
53330
53331
53336
53340
53342
53343
53345
53347
53350
53353
53355
53356
53357
53359
53360
53361
53362
53363
53364
53367
53378
53379
53381
53383
53384
53385
53390
53392
53393
53396
53400
53402
53404
53407
53409
53413
53414
53415
53416
53417
53418
53419
53423
53428
53429
53431
53432
53434
53437
53438
53439
53440
53442
53443
53444
53445
53447
53448
53449
53451
53452
53454
53456
53457
53461
53462
53463
53464
53466
53469
53470
53472
53475
53476
53477
53478
53479
53481
53483
53484
53485
53486
53488
53489
53492
53493
53494
53495
53496
53497
53498
53499
53501
53503
53504
53507
53508
53510
53511
53516
53517
53518
53519
53524
53525
53526
53527
53528
53531
53532
53533
53534
53536
53537
53538
53539
53540
53541
53543
53544
53546
53547
53549
53550
53553
53555
53556
53557
53558
53559
53560
53561
53564
53566
53567
53568
53570
53571
53572
53573
53575
53576
53577
53578
53579
53581
53582
53584
53586
53587
53588
53589
53590
53595
53597
53600
53601
53602
53605
53606
53609
53610
53611
53615
53616
53622
53624
53625
53626
53627
53630
53632
53637
53638
53639
53642
53643
53644
53646
53648
53650
53653
53655
53656
53659
53661
53662
53666
53670
53671
53672
53673
53676
53679
53681
53682
53683
53684
53685
53686
53687
53688
53692
53693
53695
53696
53697
53698
53700
53702
53705
53706
53709
53712
53715
53717
53718
53721
53723
53724
53725
53726
53727
53729
53730
53732
53734
53736
53738
53739
53744
53747
53751
53753
53755
53757
53758
53760
53762
53763
53764
53766
53767
53768
53769
53770
53771
53772
53774
53775
53776
53778
53779
53780
53781
53782
53783
53784
53785
53786
53787
53788
53789
53790
53791
53792
53793
53795
53797
53798
53800
53802
53804
53805
53806
53808
53811
53817
53820
53823
53825
53826
53827
53828
53834
53835
53837
53838
53839
53840
53843
53844
53845
53846
53847
53850
53853
53854
53855
53857
53858
53859
53860
53862
53863
53864
53866
53868
53870
53871
53876
53877
53878
53881
53883
53884
53885
53886
53887
53889
53890
53893
53897
53898
53899
53900
53901
53902
53904
53905
53906
53907
53908
53912
53913
53914
53915
53916
53921
53922
53923
53924
53926
53929
53930
53931
53938
53940
53941
53942
53943
53945
53947
53952
53953
53954
53959
53961
53962
53963
53964
53966
53967
53968
53969
53970
53971
53972
53973
53975
53976
53977
53978
53979
53981
53982
53983
53984
53985
53989
53992
53993
53996
53997
53998
54000
54001
54002
54003
54004
54005
54006
54008
54009
54010
54013
54014
54015
54017
54018
54020
54022
54024
54025
54026
54028
54029
54031
54034
54035
54037
54039
54040
54041
54042
54043
54044
54045
54047
54048
54051
54056
54057
54058
54059
54060
54061
54065
54066
54067
54070
54074
54076
54078
54079
54080
54081
54083
54084
54087
54090
54093
54094
54096
54097
54098
54099
54100
54102
54103
54105
54107
54108
54109
54112
54113
54114
54115
54117
54118
54119
54120
54121
54124
54125
54126
54127
54129
54133
54134
54135
54136
54137
54139
54141
54142
54143
54144
54145
54146
54147
54149
54150
54152
54154
54156
54162
54163
54164
54165
54166
54168
54170
54172
54176
54177
54183
54184
54185
54187
54188
54190
54198
54199
54201
54204
54206
54207
54208
54209
54210
54211
54214
54215
54216
54217
54219
54220
54221
54222
54223
54225
54226
54227
54230
54231
54232
54234
54235
54237
54238
54239
54240
54241
54242
54243
54244
54245
54248
54249
54250
54251
54252
54253
54254
54256
54258
54259
54261
54262
54263
54264
54266
54269
54270
54272
54275
54276
54279
54281
54284
54286
54287
54288
54289
54292
54293
54294
54295
54296
54297
54298
54299
54302
54304
54308
54309
54310
54311
54312
54314
54315
54319
54320
54321
54322
54323
54324
54325
54326
54327
54329
54330
54331
54332
54333
54334
54337
54338
54339
54340
54341
54342
54343
54344
54348
54349
54351
54353
54354
54356
54360
54361
54363
54365
54367
54368
54369
54375
54377
54379
54380
54381
54384
54385
54386
54387
54389
54390
54391
54392
54396
54398
54399
54403
54406
54408
54409
54410
54414
54415
54416
54417
54418
54419
54420
54422
54430
54431
54433
54434
54436
54438
54439
54440
54441
54445
54446
54447
54451
54454
54455
54456
54458
54459
54460
54461
54462
54463
54465
54466
54469
54470
54472
54474
54475
54476
54477
54481
54483
54485
54487
54488
54489
54491
54494
54495
54498
54499
54500
54502
54504
54506
54507
54510
54511
54512
54513
54515
54517
54518
54520
54521
54523
54524
54525
54526
54528
54531
54534
54537
54538
54541
54542
54546
54550
54551
54552
54555
54556
54557
54558
54561
54566
54567
54570
54571
54573
54574
54576
54577
54578
54582
54583
54584
54585
54586
54587
54588
54589
54591
54593
54594
54595
54596
54597
54598
54599
54600
54601
54602
54603
54604
54606
54611
54612
54613
54614
54615
54616
54619
54622
54623
54624
54625
54627
54628
54631
54632
54634
54635
54639
54640
54642
54644
54645
54646
54647
54648
54651
54653
54654
54656
54659
54660
54662
54663
54664
54665
54667
54669
54670
54671
54673
54674
54675
54676
54677
54678
54679
54680
54681
54682
54683
54684
54685
54686
54688
54691
54698
54700
54702
54703
54704
54705
54707
54708
54709
54710
54712
54713
54714
54716
54717
54718
54722
54724
54730
54731
54732
54733
54734
54737
54738
54740
54741
54744
54745
54748
54749
54750
54752
54753
54754
54755
54756
54757
54758
54759
54761
54762
54763
54764
54766
54770
54771
54774
54776
54777
54778
54779
54781
54782
54784
54786
54787
54788
54789
54790
54791
54793
54794
54795
54797
54798
54799
54800
54802
54808
54810
54811
54812
54813
54814
54816
54818
54820
54824
54826
54828
54830
54832
54834
54842
54843
54846
54848
54850
54853
54854
54855
54856
54858
54859
54860
54861
54862
54864
54865
54867
54869
54871
54872
54873
54874
54875
54876
54877
54878
54879
54880
54881
54882
54884
54886
54887
54889
54891
54892
54893
54894
54895
54896
54897
54898
54900
54902
54903
54904
54906
54907
54908
54909
54911
54912
54915
54916
54917
54919
54920
54922
54923
54925
54926
54930
54931
54932
54933
54935
54936
54938
54939
54941
54942
54944
54945
54946
54947
54949
54951
54954
54955
54956
54958
54960
54961
54963
54964
54965
54966
54967
54968
54969
54971
54975
54976
54977
54982
54983
54984
54985
54986
54988
54989
54991
54992
54993
54994
54995
54997
55000
55004
55005
55007
55009
55010
55011
55012
55014
55016
55017
55018
55019
55022
55024
55026
55027
55029
55030
55031
55033
55034
55036
55037
55038
55039
55042
55044
55045
55047
55048
55049
55054
55055
55056
55060
55061
55062
55064
55065
55066
55067
55068
55069
55070
55071
55073
55074
55075
55076
55077
55078
55079
55081
55082
55084
55085
55087
55088
55089
55090
55091
55092
55093
55094
55097
55098
55099
55100
55102
55110
55111
55112
55113
55115
55116
55117
55118
55119
55122
55123
55124
55126
55127
55130
55131
55132
55134
55135
55138
55139
55140
55142
55143
55146
55147
55148
55149
55151
55152
55153
55154
55155
55156
55157
55160
55161
55162
55163
55164
55165
55168
55169
55171
55172
55173
55174
55175
55176
55178
55179
55180
55181
55182
55185
55186
55188
55190
55196
55197
55198
55199
55201
55203
55204
55205
55206
55207
55208
55210
55211
55212
55213
55217
55218
55220
55221
55223
55224
55225
55226
55227
55229
55232
55233
55234
55235
55236
55238
55240
55241
55245
55246
55247
55248
55249
55250
55251
55252
55253
55254
55256
55257
55258
55259
55260
55266
55270
55271
55272
55276
55277
55279
55283
55284
55286
55287
55288
55290
55294
55296
55300
55301
55302
55304
55305
55307
55308
55311
55312
55313
55314
55316
55317
55318
55319
55320
55321
55324
55325
55327
55328
55330
55331
55334
55336
55338
55339
55341
55344
55345
55346
55347
55348
55349
55350
55351
55352
55353
55354
55355
55357
55358
55359
55361
55363
55365
55367
55368
55369
55370
55372
55376
55377
55378
55379
55380
55381
55382
55383
55384
55385
55386
55387
55389
55391
55394
55397
55398
55400
55401
55402
55404
55405
55406
55408
55409
55410
55411
55414
55416
55417
55418
55419
55420
55421
55422
55423
55424
55425
55428
55429
55432
55434
55437
55438
55439
55442
55444
55445
55447
55448
55449
55451
55452
55454
55455
55456
55459
55460
55461
55463
55464
55465
55468
55471
55472
55474
55475
55476
55477
55478
55479
55481
55482
55483
55484
55487
55488
55490
55491
55492
55494
55495
55497
55499
55500
55501
55507
55508
55509
55510
55511
55512
55513
55514
55516
55521
55523
55526
55527
55528
55529
55534
55535
55536
55540
55541
55542
55543
55544
55545
55546
55548
55549
55551
55553
55555
55557
55558
55559
55560
55561
55562
55563
55565
55566
55570
55571
55572
55574
55575
55577
55582
55584
55586
55587
55588
55590
55591
55592
55593
55599
55600
55601
55602
55603
55605
55606
55607
55610
55613
55615
55618
55619
55620
55622
55624
55625
55626
55628
55632
55636
55637
55638
55639
55641
55643
55645
55647
55648
55649
55654
55655
55656
55657
55662
55664
55665
55666
55667
55668
55670
55671
55672
55673
55674
55675
55676
55677
55678
55680
55682
55683
55687
55688
55690
55691
55692
55698
55699
55700
55702
55703
55704
55705
55708
55710
55712
55713
55715
55716
55717
55718
55721
55722
55723
55724
55725
55727
55729
55730
55733
55734
55735
55736
55737
55739
55740
55743
55745
55746
55747
55748
55749
55750
55751
55753
55761
55762
55763
55764
55765
55767
55770
55771
55774
55775
55776
55779
55780
55782
55783
55784
55787
55789
55792
55793
55796
55797
55799
55800
55801
55803
55804
55805
55807
55809
55810
55812
55813
55814
55822
55823
55825
55826
55827
55829
55831
55833
55834
55838
55841
55842
55843
55844
55845
55851
55853
55854
55856
55857
55865
55866
55867
55868
55871
55872
55876
55877
55878
55879
55881
55882
55884
55885
55890
55891
55893
55894
55897
55901
55902
55903
55905
55906
55908
55910
55911
55913
55914
55917
55918
55924
55925
55927
55928
55929
55930
55932
55933
55935
55938
55940
55941
55942
55945
55946
55948
55949
55950
55952
55953
55954
55956
55957
55958
55960
55962
55963
55965
55968
55969
55971
55972
55974
55975
55976
55977
55979
55982
55983
55985
55986
55988
55989
55991
55993
55998
56000
56001
56003
56004
56006
56010
56011
56012
56014
56017
56018
56021
56028
56030
56031
56034
56035
56036
56037
56040
56042
56044
56045
56046
56047
56048
56051
56052
56054
56055
56056
56057
56059
56060
56062
56063
56067
56071
56072
56073
56074
56075
56076
56077
56078
56079
56080
56081
56082
56084
56086
56088
56090
56091
56092
56093
56094
56095
56096
56099
56102
56104
56107
56108
56111
56113
56116
56119
56120
56124
56127
56128
56129
56132
56133
56135
56139
56140
56141
56143
56145
56146
56147
56148
56149
56150
56152
56153
56154
56155
56156
56157
56160
56162
56163
56164
56166
56167
56169
56172
56173
56174
56175
56176
56177
56178
56181
56182
56183
56185
56187
56189
56194
56195
56197
56198
56200
56201
56203
56204
56207
56209
56212
56216
56217
56221
56222
56225
56227
56229
56235
56237
56238
56239
56240
56241
56243
56245
56246
56250
56251
56254
56255
56256
56257
56259
56260
56261
56264
56265
56268
56269
56271
56272
56273
56274
56275
56276
56277
56278
56279
56280
56281
56283
56284
56285
56286
56287
56289
56290
56291
56292
56294
56295
56296
56298
56299
56301
56303
56304
56306
56307
56310
56312
56313
56314
56315
56316
56317
56319
56320
56321
56322
56323
56324
56325
56326
56327
56328
56332
56333
56335
56338
56339
56340
56341
56342
56343
56344
56346
56347
56348
56349
56350
56351
56352
56353
56354
56356
56357
56360
56363
56364
56366
56367
56369
56370
56372
56373
56374
56377
56378
56379
56383
56384
56386
56387
56390
56391
56393
56394
56395
56398
56401
56402
56403
56404
56405
56406
56407
56411
56412
56415
56416
56419
56421
56422
56425
56428
56430
56433
56434
56435
56436
56437
56439
56440
56441
56442
56443
56446
56448
56449
56450
56452
56453
56454
56455
56456
56458
56460
56464
56465
56466
56467
56468
56470
56471
56473
56475
56476
56477
56478
56480
56481
56485
56488
56489
56490
56491
56492
56493
56495
56496
56498
56501
56502
56504
56506
56507
56508
56510
56512
56513
56514
56519
56520
56522
56523
56526
56527
56528
56530
56532
56533
56534
56535
56536
56538
56539
56540
56541
56543
56545
56546
56548
56551
56553
56554
56556
56557
56560
56562
56564
56565
56566
56568
56569
56570
56574
56576
56577
56578
56581
56584
56586
56591
56593
56595
56598
56599
56602
56603
56604
56606
56614
56617
56618
56620
56624
56627
56628
56631
56633
56634
56636
56637
56640
56641
56642
56643
56644
56647
56648
56649
56650
56653
56656
56657
56659
56660
56662
56668
56672
56673
56674
56675
56677
56679
56680
56682
56684
56685
56686
56687
56688
56690
56691
56692
56693
56695
56696
56698
56699
56700
56701
56703
56704
56705
56708
56710
56711
56712
56713
56714
56715
56716
56718
56720
56724
56725
56726
56727
56728
56729
56730
56731
56732
56733
56736
56738
56740
56741
56742
56744
56747
56750
56751
56754
56755
56757
56758
56760
56763
56764
56767
56768
56771
56772
56773
56775
56776
56779
56782
56784
56785
56786
56790
56794
56796
56797
56799
56800
56801
56804
56807
56812
56814
56815
56816
56819
56821
56824
56826
56827
56829
56830
56833
56834
56835
56837
56838
56839
56843
56845
56847
56848
56851
56852
56855
56856
56857
56858
56859
56861
56862
56868
56870
56871
56872
56873
56874
56876
56877
56884
56885
56886
56887
56890
56892
56893
56894
56896
56897
56899
56900
56902
56903
56906
56910
56911
56912
56913
56914
56916
56917
56919
56920
56921
56923
56924
56925
56927
56928
56929
56930
56932
56933
56935
56936
56937
56943
56944
56945
56950
56951
56952
56953
56957
56958
56959
56960
56962
56963
56965
56966
56968
56970
56973
56975
56976
56978
56980
56981
56984
56985
56987
56991
56994
56995
56996
56999
57003
57006
57009
57013
57014
57017
57018
57019
57020
57021
57024
57025
57026
57027
57030
57032
57033
57035
57036
57037
57039
57040
57042
57043
57044
57047
57050
57051
57052
57053
57054
57055
57057
57058
57059
57060
57061
57062
57064
57065
57066
57067
57069
57070
57071
57073
57074
57075
57076
57078
57080
57081
57085
57087
57089
57091
57097
57098
57099
57101
57104
57105
57106
57107
57108
57109
57114
57115
57118
57119
57120
57121
57122
57124
57125
57128
57130
57131
57133
57134
57135
57136
57137
57138
57141
57142
57143
57144
57146
57147
57148
57149
57152
57154
57156
57157
57158
57160
57163
57164
57166
57169
57170
57171
57172
57173
57174
57176
57177
57179
57182
57184
57185
57186
57187
57189
57190
57194
57198
57199
57200
57201
57202
57206
57208
57210
57212
57215
57216
57217
57221
57223
57224
57225
57226
57229
57230
57233
57235
57238
57239
57240
57244
57246
57247
57248
57250
57253
57256
57259
57260
57261
57267
57268
57271
57272
57274
57277
57278
57280
57281
57283
57284
57285
57286
57287
57288
57289
57290
57291
57294
57296
57298
57300
57302
57304
57305
57306
57307
57308
57309
57313
57314
57315
57319
57320
57321
57322
57324
57325
57326
57328
57330
57331
57335
57339
57342
57345
57347
57348
57352
57353
57357
57358
57360
57361
57363
57364
57365
57367
57369
57370
57372
57373
57374
57375
57376
57378
57380
57382
57383
57386
57389
57390
57391
57392
57393
57394
57399
57400
57401
57402
57404
57406
57407
57409
57411
57413
57415
57416
57419
57420
57421
57422
57423
57424
57426
57427
57428
57431
57432
57433
57435
57438
57439
57440
57441
57444
57447
57448
57449
57450
57451
57452
57453
57454
57455
57456
57457
57458
57459
57461
57466
57467
57469
57470
57472
57477
57478
57479
57480
57481
57482
57483
57484
57485
57487
57488
57489
57490
57491
57492
57495
57496
57497
57498
57499
57500
57501
57503
57506
57507
57508
57509
57510
57511
57513
57515
57516
57517
57518
57519
57521
57522
57524
57525
57529
57530
57532
57533
57534
57535
57537
57543
57545
57547
57548
57549
57551
57553
57554
57555
57558
57559
57561
57563
57564
57565
57567
57571
57572
57573
57578
57579
57582
57583
57584
57585
57586
57587
57590
57591
57595
57597
57598
57599
57600
57601
57602
57603
57604
57605
57608
57611
57616
57618
57622
57623
57624
57625
57626
57627
57628
57629
57631
57632
57634
57635
57637
57638
57643
57646
57647
57648
57649
57650
57651
57652
57653
57654
57655
57656
57657
57659
57660
57661
57663
57664
57669
57671
57675
57677
57678
57680
57681
57682
57684
57685
57686
57687
57689
57691
57692
57694
57700
57703
57705
57706
57707
57709
57710
57713
57714
57715
57716
57720
57723
57725
57726
57728
57731
57732
57733
57734
57735
57738
57739
57741
57742
57744
57746
57747
57748
57749
57750
57755
57756
57758
57759
57760
57762
57764
57765
57766
57767
57768
57769
57772
57773
57775
57778
57779
57780
57783
57784
57786
57787
57790
57796
57797
57798
57799
57802
57803
57804
57805
57806
57807
57809
57811
57812
57815
57819
57822
57823
57824
57825
57831
57832
57834
57835
57838
57841
57842
57844
57846
57848
57849
57850
57857
57858
57859
57861
57862
57863
57864
57867
57868
57870
57871
57872
57873
57874
57876
57878
57879
57880
57881
57882
57883
57884
57885
57886
57892
57893
57894
57895
57896
57897
57898
57899
57900
57901
57902
57903
57904
57905
57906
57908
57909
57911
57912
57916
57918
57922
57924
57925
57927
57928
57930
57932
57933
57934
57935
57937
57938
57939
57940
57943
57944
57946
57947
57948
57949
57952
57953
57955
57956
57958
57959
57960
57961
57962
57963
57966
57969
57970
57971
57973
57975
57976
57977
57981
57982
57983
57985
57986
57987
57988
57989
57992
57994
57995
57996
57998
57999
58001
58002
58003
58004
58005
58006
58007
58008
58009
58010
58011
58013
58019
58020
58021
58022
58024
58025
58026
58027
58030
58031
58032
58034
58037
58038
58039
58043
58044
58047
58048
58049
58055
58058
58059
58062
58063
58064
58065
58066
58067
58068
58069
58070
58071
58074
58076
58077
58078
58081
58082
58085
58086
58087
58091
58092
58093
58094
58097
58098
58100
58102
58103
58106
58107
58108
58110
58112
58114
58115
58116
58117
58118
58122
58125
58126
58127
58129
58132
58133
58134
58135
58137
58139
58140
58141
58143
58144
58145
58146
58147
58150
58154
58156
58157
58159
58160
58163
58166
58167
58168
58169
58170
58171
58172
58174
58175
58176
58179
58181
58183
58184
58185
58186
58187
58188
58190
58191
58192
58193
58194
58196
58197
58198
58199
58201
58203
58205
58206
58208
58210
58212
58213
58216
58217
58219
58220
58221
58223
58225
58228
58229
58230
58232
58234
58235
58236
58239
58242
58243
58244
58245
58246
58251
58252
58253
58255
58256
58261
58262
58263
58264
58265
58266
58268
58270
58271
58272
58274
58275
58277
58278
58279
58280
58281
58282
58284
58287
58288
58289
58291
58292
58293
58295
58297
58298
58299
58300
58302
58303
58304
58306
58307
58309
58310
58312
58313
58314
58316
58317
58318
58319
58320
58321
58323
58325
58328
58329
58330
58333
58334
58338
58341
58342
58343
58344
58345
58346
58349
58351
58352
58353
58356
58359
58360
58361
58363
58365
58366
58367
58370
58371
58372
58373
58375
58377
58378
58380
58381
58382
58384
58386
58387
58391
58392
58397
58398
58399
58405
58407
58408
58412
58413
58415
58418
58423
58424
58426
58427
58428
58430
58431
58432
58434
58435
58436
58438
58439
58441
58442
58443
58444
58445
58446
58447
58448
58451
58453
58455
58456
58457
58458
58459
58461
58463
58464
58469
58471
58473
58474
58475
58480
58482
58484
58486
58487
58488
58490
58492
58493
58495
58496
58497
58498
58499
58503
58507
58508
58509
58510
58511
58515
58516
58517
58518
58519
58523
58524
58525
58526
58528
58529
58531
58532
58533
58536
58540
58541
58543
58548
58550
58551
58552
58553
58554
58555
58556
58557
58560
58562
58563
58564
58565
58567
58572
58575
58576
58578
58582
58585
58586
58588
58589
58590
58591
58596
58597
58600
58602
58603
58605
58607
58608
58609
58610
58611
58612
58613
58614
58615
58616
58618
58619
58621
58624
58630
58631
58632
58634
58635
58636
58637
58638
58639
58640
58641
58642
58643
58644
58645
58646
58648
58652
58653
58654
58655
58656
58659
58660
58662
58663
58664
58665
58666
58668
58672
58673
58674
58676
58677
58678
58679
58680
58681
58683
58684
58686
58687
58689
58691
58694
58696
58697
58701
58702
58703
58704
58705
58706
58708
58709
58710
58711
58712
58713
58715
58718
58720
58721
58723
58725
58726
58727
58728
58729
58730
58732
58733
58734
58737
58738
58739
58743
58744
58745
58746
58747
58755
58756
58758
58760
58761
58762
58763
58764
58765
58768
58772
58773
58774
58777
58781
58783
58784
58786
58787
58788
58791
58792
58793
58794
58795
58796
58797
58798
58800
58801
58802
58803
58804
58805
58809
58811
58812
58814
58815
58818
58820
58823
58825
58826
58832
58835
58836
58837
58839
58840
58846
58847
58848
58849
58850
58851
58852
58853
58854
58857
58858
58859
58860
58861
58864
58865
58866
58867
58868
58870
58871
58872
58873
58874
58875
58876
58877
58879
58880
58881
58882
58884
58885
58886
58887
58889
58890
58893
58894
58897
58898
58899
58900
58903
58904
58905
58906
58907
58909
58911
58913
58914
58916
58917
58921
58922
58924
58925
58927
58928
58929
58930
58934
58936
58937
58939
58940
58941
58942
58943
58944
58946
58948
58950
58951
58953
58955
58957
58958
58959
58961
58962
58963
58964
58966
58967
58969
58971
58972
58973
58974
58977
58978
58980
58981
58983
58985
58986
58987
58988
58993
58994
58995
58996
58998
58999
59001
59008
59009
59010
59015
59016
59017
59018
59021
59023
59024
59026
59027
59028
59029
59030
59031
59033
59035
59036
59037
59038
59039
59040
59041
59042
59050
59051
59052
59053
59054
59056
59057
59058
59061
59062
59063
59064
59065
59068
59070
59072
59073
59075
59076
59077
59078
59079
59083
59085
59087
59088
59089
59090
59092
59093
59094
59096
59097
59098
59099
59100
59101
59102
59103
59105
59106
59109
59111
59112
59114
59118
59119
59120
59121
59126
59127
59128
59129
59130
59131
59132
59133
59136
59137
59140
59141
59142
59143
59144
59147
59149
59150
59151
59152
59154
59155
59157
59158
59161
59162
59163
59165
59166
59167
59168
59173
59174
59176
59177
59178
59179
59183
59185
59187
59190
59191
59193
59194
59195
59196
59197
59199
59200
59201
59203
59205
59206
59207
59208
59209
59210
59212
59213
59215
59216
59217
59218
59221
59224
59225
59227
59228
59230
59233
59236
59237
59238
59240
59241
59242
59244
59246
59249
59250
59252
59253
59254
59255
59257
59260
59261
59262
59263
59265
59266
59268
59269
59270
59271
59272
59273
59275
59276
59278
59280
59281
59282
59285
59288
59289
59290
59291
59292
59293
59294
59295
59296
59298
59299
59301
59302
59306
59309
59310
59311
59313
59314
59315
59317
59318
59319
59320
59321
59323
59324
59326
59329
59330
59331
59332
59334
59335
59338
59339
59342
59343
59344
59345
59346
59347
59352
59355
59356
59357
59358
59359
59360
59361
59364
59367
59370
59371
59372
59373
59375
59376
59378
59379
59380
59381
59383
59384
59385
59386
59387
59388
59390
59391
59392
59393
59394
59395
59397
59398
59399
59400
59401
59402
59404
59405
59407
59408
59410
59411
59413
59418
59419
59421
59422
59424
59427
59428
59429
59430
59431
59433
59434
59438
59441
59442
59443
59444
59445
59447
59448
59450
59451
59452
59453
59454
59455
59460
59461
59462
59465
59467
59469
59470
59474
59476
59477
59478
59481
59484
59486
59488
59489
59490
59491
59493
59494
59498
59499
59500
59501
59503
59504
59505
59506
59508
59510
59511
59513
59514
59515
59516
59517
59518
59519
59521
59522
59523
59525
59526
59528
59533
59535
59537
59540
59541
59542
59543
59544
59545
59546
59547
59548
59550
59552
59554
59555
59556
59559
59560
59562
59563
59564
59566
59571
59573
59574
59576
59581
59582
59584
59589
59590
59591
59592
59595
59596
59600
59601
59605
59606
59607
59608
59609
59610
59612
59613
59614
59615
59616
59617
59618
59621
59622
59624
59626
59627
59629
59630
59631
59633
59634
59635
59636
59639
59643
59644
59645
59648
59650
59651
59654
59657
59658
59661
59666
59668
59671
59672
59673
59675
59676
59678
59682
59683
59684
59685
59687
59692
59693
59694
59695
59697
59700
59702
59704
59707
59709
59710
59711
59712
59713
59714
59719
59721
59722
59724
59725
59726
59727
59728
59729
59731
59732
59733
59734
59735
59736
59737
59739
59740
59742
59744
59745
59749
59750
59752
59753
59754
59755
59756
59759
59760
59761
59768
59769
59771
59775
59780
59781
59783
59784
59786
59789
59790
59792
59793
59794
59797
59799
59800
59801
59803
59804
59805
59806
59808
59809
59810
59811
59812
59813
59815
59816
59818
59819
59820
59822
59823
59826
59827
59830
59831
59832
59833
59835
59836
59837
59839
59840
59842
59845
59846
59847
59848
59849
59851
59854
59855
59857
59865
59867
59868
59869
59871
59874
59875
59876
59877
59878
59879
59882
59883
59884
59885
59886
59887
59890
59891
59892
59893
59894
59895
59898
59899
59900
59901
59903
59904
59905
59907
59909
59910
59911
59914
59917
59918
59920
59923
59924
59926
59927
59928
59929
59930
59932
59933
59934
59935
59936
59937
59939
59940
59941
59942
59943
59945
59948
59949
59950
59951
59953
59954
59956
59960
59963
59964
59965
59970
59976
59977
59978
59979
59980
59982
59983
59986
59987
59988
59991
59993
59994
59995
59997
59998
59999
60001
60003
60004
60005
60006
60011
60012
60013
60014
60015
60018
60019
60021
60022
60024
60025
60026
60027
60031
60032
60035
60036
60037
60038
60039
60040
60041
60042
60043
60044
60045
60047
60049
60051
60052
60057
60060
60061
60062
60063
60065
60066
60067
60068
60069
60071
60073
60076
60078
60081
60083
60084
60086
60088
60089
60090
60092
60097
60098
60099
60100
60101
60103
60104
60108
60109
60110
60112
60113
60118
60120
60124
60125
60128
60129
60130
60131
60132
60134
60135
60136
60137
60138
60139
60140
60141
60142
60145
60146
60150
60151
60152
60156
60157
60158
60159
60161
60162
60163
60165
60166
60167
60168
60170
60172
60173
60175
60177
60180
60181
60182
60184
60186
60187
60188
60189
60190
60196
60197
60199
60200
60202
60204
60206
60210
60211
60212
60213
60214
60215
60216
60217
60218
60222
60223
60224
60227
60228
60230
60238
60239
60240
60241
60242
60243
60244
60245
60246
60250
60255
60257
60260
60261
60263
60268
60269
60271
60272
60273
60274
60277
60279
60282
60283
60284
60286
60288
60289
60290
60292
60293
60294
60295
60296
60298
60299
60300
60301
60303
60304
60305
60308
60309
60311
60313
60314
60315
60316
60320
60321
60322
60326
60327
60333
60335
60339
60342
60344
60345
60347
60349
60351
60352
60353
60354
60355
60356
60358
60359
60361
60362
60364
60366
60368
60369
60370
60372
60373
60376
60377
60378
60379
60381
60384
60385
60387
60389
60390
60393
60394
60395
60396
60397
60400
60401
60404
60405
60407
60408
60409
60414
60417
60418
60422
60424
60426
60427
60428
60429
60430
60431
60434
60436
60440
60442
60443
60444
60445
60447
60450
60452
60453
60456
60457
60458
60460
60461
60464
60466
60467
60468
60471
60472
60473
60476
60477
60478
60479
60480
60482
60484
60487
60488
60489
60492
60494
60495
60496
60500
60501
60504
60506
60507
60508
60509
60512
60514
60515
60520
60521
60523
60524
60526
60529
60530
60533
60534
60535
60540
60542
60544
60545
60546
60547
60549
60552
60556
60559
60562
60566
60567
60568
60569
60570
60571
60574
60575
60577
60579
60580
60581
60585
60587
60589
60591
60592
60594
60595
60598
60599
60600
60601
60605
60608
60610
60611
60613
60614
60615
60617
60619
60621
60622
60623
60628
60633
60634
60635
60637
60640
60641
60643
60644
60645
60646
60648
60650
60651
60659
60660
60661
60662
60663
60665
60666
60668
60669
60670
60671
60672
60674
60676
60677
60678
60679
60680
60682
60683
60685
60686
60687
60688
60689
60690
60692
60693
60694
60696
60697
60698
60699
60700
60701
60703
60704
60705
60707
60708
60714
60716
60717
60719
60720
60721
60722
60724
60725
60726
60729
60730
60733
60734
60735
60736
60739
60741
60742
60743
60744
60746
60750
60751
60752
60753
60754
60755
60756
60757
60759
60764
60765
60766
60768
60771
60772
60773
60774
60775
60777
60779
60780
60781
60783
60784
60785
60786
60789
60791
60792
60793
60797
60800
60801
60803
60804
60805
60806
60807
60810
60811
60812
60813
60816
60818
60819
60820
60821
60822
60823
60824
60825
60826
60828
60829
60831
60833
60834
60838
60839
60840
60841
60842
60843
60844
60845
60847
60848
60850
60851
60852
60854
60855
60856
60860
60862
60865
60868
60870
60872
60875
60876
60877
60879
60880
60882
60883
60884
60885
60889
60892
60894
60895
60896
60897
60898
60902
60904
60905
60906
60908
60909
60912
60915
60916
60919
60922
60924
60925
60927
60929
60930
60931
60932
60933
60934
60935
60936
60938
60940
60941
60943
60945
60947
60948
60952
60953
60954
60955
60956
60958
60959
60961
60963
60964
60966
60967
60969
60971
60972
60973
60975
60979
60980
60983
60986
60989
60993
60994
60996
60999
61000
61002
61003
61004
61005
61007
61008
61010
61012
61013
61014
61015
61017
61019
61021
61025
61026
61027
61028
61029
61030
61031
61032
61033
61034
61038
61039
61040
61041
61042
61045
61048
61049
61050
61051
61052
61057
61060
61061
61064
61065
61069
61070
61075
61079
61083
61086
61087
61089
61090
61091
61092
61093
61094
61096
61097
61098
61101
61102
61103
61104
61105
61106
61108
61109
61110
61111
61112
61113
61114
61117
61119
61122
61124
61127
61133
61134
61135
61137
61138
61139
61140
61141
61143
61144
61145
61146
61147
61148
61149
61150
61151
61152
61153
61155
61157
61158
61159
61161
61163
61165
61166
61169
61176
61180
61182
61185
61192
61193
61194
61197
61198
61199
61200
61201
61203
61207
61211
61213
61217
61218
61220
61221
61222
61223
61224
61225
61226
61227
61228
61229
61230
61234
61235
61236
61237
61238
61239
61240
61241
61243
61245
61246
61247
61248
61249
61250
61253
61254
61257
61258
61259
61260
61262
61265
61267
61270
61272
61274
61275
61276
61280
61281
61282
61284
61285
61286
61287
61288
61289
61292
61295
61296
61297
61298
61299
61300
61302
61303
61306
61307
61308
61310
61311
61312
61315
61316
61317
61319
61321
61322
61323
61324
61326
61327
61328
61329
61330
61331
61333
61334
61338
61341
61342
61343
61344
61345
61346
61348
61349
61353
61355
61356
61357
61358
61359
61360
61361
61363
61364
61366
61368
61369
61374
61376
61377
61380
61382
61383
61384
61385
61386
61387
61389
61390
61392
61393
61394
61396
61398
61399
61400
61403
61406
61411
61413
61414
61415
61416
61419
61420
61425
61426
61429
61430
61432
61433
61434
61436
61437
61440
61442
61443
61444
61445
61446
61447
61448
61449
61451
61454
61455
61456
61457
61458
61461
61462
61463
61464
61466
61468
61471
61472
61473
61474
61476
61477
61478
61481
61482
61487
61488
61489
61490
61492
61495
61496
61498
61499
61500
61501
61502
61503
61505
61506
61507
61508
61509
61515
61516
61517
61518
61519
61520
61521
61522
61523
61524
61525
61529
61530
61533
61534
61535
61536
61537
61538
61539
61540
61541
61542
61544
61545
61546
61548
61550
61551
61552
61553
61554
61555
61556
61557
61560
61562
61563
61565
61566
61567
61568
61569
61570
61572
61574
61577
61578
61580
61581
61584
61587
61590
61592
61593
61594
61598
61601
61602
61603
61607
61608
61610
61611
61612
61614
61615
61616
61621
61622
61623
61624
61625
61628
61629
61630
61631
61633
61634
61635
61636
61641
61642
61643
61645
61646
61647
61648
61649
61650
61651
61652
61653
61654
61655
61658
61659
61661
61662
61663
61665
61667
61668
61672
61674
61675
61677
61679
61680
61681
61683
61687
61688
61692
61693
61694
61696
61697
61699
61700
61701
61704
61708
61709
61711
61715
61716
61717
61719
61720
61721
61722
61725
61727
61731
61733
61734
61735
61736
61737
61739
61740
61742
61744
61745
61746
61747
61748
61749
61750
61751
61752
61754
61756
61757
61758
61762
61765
61766
61768
61773
61774
61776
61778
61779
61781
61782
61783
61785
61786
61788
61789
61790
61791
61792
61793
61794
61795
61798
61799
61800
61801
61804
61806
61807
61809
61810
61811
61812
61813
61815
61819
61820
61822
61823
61826
61827
61828
61830
61831
61833
61837
61838
61839
61841
61842
61843
61844
61845
61847
61848
61850
61853
61854
61857
61859
61860
61861
61863
61866
61869
61870
61871
61872
61873
61874
61875
61877
61878
61880
61883
61884
61887
61888
61892
61896
61897
61901
61902
61905
61908
61909
61910
61911
61912
61914
61915
61916
61918
61919
61920
61922
61923
61924
61925
61930
61931
61933
61934
61937
61942
61943
61944
61946
61947
61948
61950
61951
61952
61954
61955
61959
61962
61963
61965
61969
61970
61972
61974
61975
61976
61978
61979
61980
61982
61983
61984
61985
61986
61987
61989
61990
61992
61993
61995
61997
61998
62001
62003
62004
62005
62009
62010
62013
62014
62019
62020
62021
62023
62025
62027
62028
62030
62031
62032
62033
62034
62035
62036
62039
62040
62041
62044
62047
62048
62052
62053
62056
62057
62060
62061
62062
62063
62064
62065
62066
62067
62068
62069
62071
62075
62076
62078
62082
62083
62084
62085
62086
62087
62088
62089
62090
62092
62093
62094
62098
62099
62102
62103
62104
62105
62108
62110
62112
62113
62114
62116
62117
62119
62120
62121
62122
62123
62124
62125
62126
62127
62130
62132
62135
62136
62137
62139
62140
62141
62142
62144
62149
62150
62152
62153
62154
62155
62156
62157
62158
62160
62164
62165
62166
62167
62168
62169
62170
62171
62172
62174
62177
62178
62179
62180
62182
62183
62184
62189
62191
62192
62193
62194
62198
62200
62202
62203
62206
62213
62214
62215
62216
62218
62219
62222
62224
62225
62226
62228
62229
62230
62231
62234
62235
62236
62237
62239
62240
62241
62244
62246
62248
62249
62251
62253
62254
62258
62259
62260
62261
62263
62264
62265
62266
62267
62269
62270
62273
62274
62275
62278
62279
62281
62284
62285
62287
62289
62292
62293
62294
62295
62296
62297
62298
62300
62301
62302
62305
62307
62308
62309
62311
62313
62314
62316
62317
62318
62319
62324
62325
62326
62327
62328
62332
62333
62334
62336
62342
62343
62346
62348
62351
62354
62355
62357
62358
62359
62360
62362
62363
62365
62366
62368
62371
62374
62375
62376
62377
62378
62379
62380
62382
62385
62388
62389
62391
62392
62394
62395
62397
62400
62401
62403
62405
62406
62408
62409
62410
62411
62413
62415
62416
62417
62420
62421
62422
62424
62427
62429
62430
62431
62432
62433
62434
62437
62440
62442
62443
62445
62446
62449
62450
62451
62452
62453
62454
62455
62457
62458
62459
62460
62461
62462
62464
62466
62467
62472
62475
62476
62478
62479
62480
62481
62484
62485
62486
62488
62490
62495
62496
62499
62501
62502
62504
62506
62507
62512
62513
62514
62516
62517
62518
62520
62521
62523
62524
62525
62526
62527
62529
62530
62531
62532
62534
62535
62536
62537
62540
62542
62545
62546
62548
62550
62555
62556
62557
62558
62559
62560
62567
62568
62569
62572
62573
62574
62575
62576
62577
62579
62582
62583
62584
62585
62586
62587
62588
62589
62590
62592
62593
62594
62596
62597
62600
62601
62602
62605
62606
62607
62611
62614
62618
62621
62622
62623
62624
62625
62627
62629
62631
62634
62636
62637
62638
62641
62643
62645
62647
62649
62651
62653
62654
62656
62657
62658
62659
62660
62663
62664
62665
62669
62670
62671
62672
62673
62674
62675
62676
62677
62679
62680
62683
62684
62687
62690
62692
62695
62696
62697
62699
62700
62701
62704
62705
62706
62708
62709
62711
62712
62714
62715
62716
62718
62720
62721
62722
62724
62725
62729
62730
62731
62732
62733
62735
62736
62740
62741
62742
62743
62745
62746
62747
62748
62751
62752
62753
62754
62756
62757
62759
62761
62763
62765
62768
62769
62773
62774
62775
62781
62782
62783
62785
62786
62787
62788
62790
62792
62793
62794
62795
62796
62797
62798
62801
62802
62804
62805
62807
62808
62809
62810
62811
62813
62815
62816
62817
62824
62825
62826
62828
62829
62830
62831
62833
62834
62839
62843
62844
62846
62847
62848
62849
62850
62851
62855
62856
62857
62859
62861
62862
62865
62866
62869
62870
62875
62878
62879
62880
62883
62885
62886
62887
62888
62889
62890
62892
62893
62894
62895
62896
62898
62900
62904
62905
62906
62907
62908
62909
62910
62911
62916
62918
62921
62922
62923
62924
62927
62929
62930
62933
62934
62937
62938
62940
62942
62943
62944
62946
62949
62951
62953
62954
62955
62957
62961
62962
62964
62966
62967
62969
62970
62971
62974
62975
62976
62977
62978
62979
62980
62981
62984
62987
62989
62990
62991
62992
62993
62996
62997
62998
63000
63001
63002
63003
63004
63005
63007
63010
63011
63012
63013
63016
63018
63019
63020
63022
63026
63028
63029
63030
63031
63032
63037
63038
63039
63040
63041
63044
63046
63047
63048
63049
63050
63051
63055
63056
63059
63060
63061
63062
63064
63065
63066
63068
63069
63070
63072
63074
63075
63080
63081
63082
63083
63085
63087
63088
63089
63090
63095
63096
63097
63098
63100
63101
63102
63104
63105
63108
63109
63110
63112
63113
63119
63121
63123
63126
63127
63128
63129
63131
63132
63134
63135
63137
63138
63140
63141
63142
63143
63144
63148
63150
63153
63155
63156
63157
63160
63161
63162
63164
63165
63166
63168
63170
63171
63173
63174
63175
63177
63179
63182
63183
63184
63185
63186
63188
63190
63191
63195
63197
63200
63201
63203
63204
63205
63206
63208
63210
63212
63214
63215
63216
63218
63219
63221
63222
63223
63224
63226
63227
63230
63233
63234
63235
63237
63241
63242
63244
63247
63248
63250
63254
63256
63258
63259
63260
63262
63263
63265
63266
63267
63268
63270
63271
63272
63274
63276
63282
63283
63284
63285
63288
63290
63291
63292
63293
63294
63295
63296
63298
63299
63301
63303
63305
63306
63308
63309
63310
63317
63318
63322
63323
63324
63326
63327
63328
63331
63332
63333
63337
63338
63339
63340
63341
63343
63346
63347
63348
63351
63352
63353
63354
63355
63356
63358
63360
63365
63366
63368
63369
63371
63376
63378
63379
63381
63382
63383
63385
63386
63387
63389
63390
63394
63399
63402
63403
63406
63409
63410
63412
63413
63414
63415
63417
63418
63419
63420
63421
63422
63424
63425
63426
63429
63430
63432
63433
63435
63437
63440
63444
63445
63446
63447
63449
63452
63453
63454
63455
63456
63457
63460
63462
63465
63467
63471
63472
63474
63475
63479
63481
63483
63485
63486
63487
63488
63490
63491
63492
63494
63497
63499
63500
63502
63503
63504
63505
63506
63508
63509
63511
63512
63514
63516
63519
63520
63522
63523
63525
63526
63527
63528
63531
63532
63534
63535
63536
63538
63542
63544
63545
63547
63549
63550
63552
63556
63557
63558
63560
63562
63563
63564
63565
63566
63567
63570
63571
63574
63576
63581
63582
63583
63585
63587
63588
63590
63591
63592
63595
63596
63597
63599
63600
63601
63602
63604
63608
63611
63612
63613
63614
63616
63618
63619
63620
63622
63624
63626
63628
63631
63632
63633
63634
63636
63638
63639
63641
63642
63643
63644
63645
63646
63647
63653
63654
63656
63658
63659
63663
63664
63666
63667
63669
63670
63671
63673
63674
63678
63679
63680
63682
63683
63685
63686
63693
63694
63695
63698
63700
63703
63704
63705
63707
63708
63709
63710
63712
63713
63714
63716
63717
63720
63721
63722
63723
63724
63725
63726
63728
63730
63733
63735
63736
63737
63738
63740
63743
63744
63745
63746
63748
63751
63755
63757
63758
63761
63762
63766
63767
63773
63774
63775
63778
63779
63780
63783
63785
63786
63789
63790
63791
63792
63793
63795
63796
63797
63798
63799
63802
63803
63805
63808
63809
63812
63814
63815
63816
63817
63818
63819
63821
63826
63827
63831
63833
63834
63836
63838
63839
63840
63841
63842
63845
63847
63849
63850
63851
63853
63854
63855
63856
63857
63858
63861
63862
63863
63864
63865
63866
63868
63869
63872
63875
63879
63881
63882
63883
63885
63887
63889
63890
63892
63897
63899
63900
63901
63902
63903
63904
63906
63910
63911
63913
63915
63916
63918
63921
63923
63926
63927
63930
63931
63933
63934
63938
63940
63942
63943
63945
63946
63947
63948
63949
63951
63952
63953
63955
63956
63957
63961
63962
63965
63966
63970
63972
63973
63975
63976
63977
63978
63980
63982
63984
63986
63987
63988
63991
63993
63994
63995
63998
63999
64000
64001
64003
64008
64009
64013
64017
64018
64020
64023
64026
64028
64034
64035
64037
64039
64041
64043
64044
64045
64047
64050
64051
64054
64055
64056
64066
64070
64071
64072
64073
64076
64077
64079
64080
64082
64083
64085
64091
64092
64094
64095
64096
64097
64098
64099
64100
64103
64104
64106
64108
64109
64111
64112
64113
64115
64116
64117
64119
64120
64121
64123
64124
64125
64126
64128
64130
64131
64132
64134
64136
64140
64141
64143
64144
64147
64148
64151
64153
64154
64159
64160
64161
64162
64163
64164
64167
64168
64169
64170
64171
64173
64175
64176
64178
64179
64180
64182
64185
64186
64188
64189
64190
64191
64193
64195
64196
64197
64198
64199
64200
64202
64203
64204
64205
64206
64207
64208
64209
64210
64211
64213
64215
64216
64217
64223
64224
64225
64228
64229
64233
64234
64239
64240
64241
64242
64243
64244
64245
64247
64249
64251
64252
64254
64255
64257
64258
64260
64262
64263
64264
64266
64267
64268
64271
64272
64273
64274
64280
64281
64282
64283
64284
64285
64287
64288
64289
64290
64291
64293
64294
64295
64296
64297
64299
64300
64301
64302
64303
64304
64306
64307
64309
64310
64311
64312
64313
64315
64316
64317
64318
64320
64323
64324
64325
64327
64328
64329
64330
64332
64333
64334
64336
64339
64340
64341
64343
64346
64347
64348
64350
64351
64352
64355
64358
64359
64360
64361
64362
64363
64366
64369
64371
64372
64373
64375
64378
64379
64380
64381
64382
64383
64384
64386
64387
64388
64389
64390
64391
64392
64396
64398
64400
64401
64404
64405
64407
64410
64412
64413
64415
64416
64421
64422
64426
64427
64430
64431
64436
64437
64438
64439
64440
64442
64443
64444
64445
64446
64448
64450
64452
64453
64455
64456
64457
64459
64460
64462
64463
64464
64467
64469
64471
64472
64474
64475
64478
64479
64481
64483
64486
64487
64490
64493
64494
64495
64498
64499
64500
64506
64509
64510
64511
64512
64515
64516
64517
64521
64524
64527
64528
64531
64532
64533
64534
64535
64536
64540
64544
64546
64548
64549
64550
64552
64553
64554
64557
64558
64559
64560
64561
64562
64564
64565
64566
64568
64569
64570
64573
64574
64575
64579
64583
64584
64587
64588
64590
64592
64594
64596
64598
64599
64602
64603
64604
64605
64607
64608
64610
64611
64612
64616
64617
64618
64620
64621
64627
64628
64630
64632
64633
64634
64636
64637
64641
64644
64645
64646
64647
64648
64650
64651
64654
64658
64662
64663
64664
64666
64667
64668
64669
64671
64672
64676
64677
64678
64680
64683
64684
64687
64688
64692
64693
64694
64697
64699
64700
64701
64702
64703
64705
64706
64707
64708
64709
64710
64713
64714
64715
64719
64720
64725
64726
64735
64736
64738
64739
64743
64744
64746
64747
64749
64750
64751
64753
64755
64757
64759
64760
64761
64762
64764
64768
64769
64770
64774
64776
64777
64778
64779
64780
64782
64784
64785
64787
64790
64791
64792
64796
64797
64798
64799
64800
64801
64804
64805
64807
64808
64809
64810
64811
64813
64814
64815
64817
64819
64821
64823
64825
64829
64831
64832
64833
64834
64837
64839
64842
64843
64844
64845
64847
64850
64851
64852
64854
64855
64856
64857
64858
64859
64860
64861
64863
64864
64867
64868
64869
64870
64873
64874
64875
64876
64877
64879
64880
64881
64885
64886
64887
64888
64889
64891
64892
64897
64899
64901
64902
64903
64905
64908
64910
64911
64914
64915
64916
64917
64918
64919
64922
64923
64925
64926
64927
64928
64929
64931
64932
64933
64934
64935
64936
64937
64938
64939
64940
64941
64942
64947
64949
64950
64952
64953
64954
64955
64956
64959
64960
64961
64962
64963
64964
64965
64966
64968
64969
64970
64973
64974
64975
64978
64979
64981
64982
64984
64985
64986
64988
64989
64991
64992
64993
64994
64995
64997
64998
65001
65002
65003
65004
65007
65009
65015
65016
65017
65019
65020
65022
65023
65028
65031
65034
65035
65037
65038
65040
65041
65043
65045
65046
65047
65048
65051
65055
65059
65060
65065
65067
65068
65069
65071
65072
65077
65080
65083
65084
65085
65088
65090
65091
65092
65093
65094
65098
65100
65104
65105
65106
65107
65108
65110
65111
65113
65114
65115
65116
65120
65121
65123
65125
65126
65127
65128
65129
65130
65131
65132
65134
65135
65137
65138
65142
65144
65147
65151
65152
65154
65156
65157
65158
65159
65161
65162
65163
65165
65166
65167
65169
65170
65171
65172
65173
65174
65175
65176
65178
65179
65180
65181
65182
65185
65186
65187
65188
65189
65190
65191
65194
65195
65199
65202
65203
65205
65207
65209
65210
65211
65212
65213
65214
65215
65216
65217
65219
65220
65222
65223
65224
65225
65228
65230
65232
65233
65234
65238
65239
65241
65244
65245
65246
65248
65249
65250
65252
65253
65254
65256
65258
65259
65261
65262
65263
65264
65266
65267
65269
65272
65274
65275
65276
65277
65280
65283
65284
65285
65286
65289
65290
65291
65293
65294
65297
65300
65302
65304
65305
65306
65307
65308
65309
65310
65311
65313
65316
65317
65318
65319
65321
65323
65324
65325
65326
65327
65329
65330
65332
65334
65336
65338
65339
65340
65343
65344
65345
65346
65349
65350
65352
65353
65354
65357
65358
65359
65360
65361
65363
65365
65366
65369
65370
65371
65372
65374
65376
65377
65378
65381
65383
65386
65387
65388
65392
65393
65394
65395
65397
65399
65400
65402
65403
65404
65405
65406
65408
65415
65416
65417
65418
65420
65421
65422
65423
65424
65425
65427
65428
65430
65432
65434
65435
65438
65440
65441
65442
65443
65445
65450
65451
65452
65453
65454
65455
65457
65458
65461
65462
65463
65464
65467
65468
65470
65471
65474
65479
65481
65482
65484
65485
65487
65490
65492
65493
65496
65497
65498
65499
65501
65506
65510
65511
65512
65513
65516
65518
65521
65526
65530
65531
65534
65535
65537
65539
65540
65542
65547
65548
65549
65550
65552
65553
65557
65560
65562
65565
65566
65567
65569
65573
65574
65575
65580
65581
65584
65586
65587
65588
65589
65591
65592
65594
65597
65599
65600
65601
65602
65603
65605
65606
65607
65608
65609
65611
65612
65613
65615
65616
65619
65620
65622
65623
65625
65626
65628
65632
65633
65634
65635
65636
65637
65638
65639
65640
65641
65642
65643
65644
65651
65652
65653
65655
65656
65657
65659
65660
65662
65663
65666
65667
65669
65671
65672
65674
65675
65676
65677
65680
65685
65687
65688
65689
65690
65691
65692
65693
65694
65695
65699
65700
65701
65702
65703
65704
65705
65707
65712
65713
65714
65715
65716
65717
65718
65719
65720
65722
65724
65726
65728
65729
65730
65732
65733
65734
65735
65736
65737
65738
65739
65740
65742
65743
65746
65747
65748
65752
65753
65754
65755
65756
65757
65758
65759
65761
65763
65764
65765
65766
65767
65770
65771
65774
65775
65776
65777
65778
65779
65780
65782
65785
65786
65788
65789
65790
65793
65795
65796
65797
65799
65800
65802
65804
65809
65810
65811
65813
65815
65817
65818
65819
65823
65824
65825
65826
65827
65828
65829
65830
65831
65833
65834
65835
65837
65841
65842
65843
65844
65846
65848
65850
65851
65852
65853
65855
65856
65857
65858
65860
65863
65871
65873
65874
65875
65876
65878
65879
65882
65883
65884
65885
65886
65887
65891
65892
65896
65899
65901
65903
65904
65905
65906
65909
65912
65914
65915
65916
65917
65919
65920
65921
65922
65924
65926
65927
65928
65929
65930
65931
65932
65933
65937
65938
65944
65945
65946
65948
65949
65951
65953
65955
65956
65960
65966
65967
65968
65969
65970
65971
65972
65973
65974
65975
65976
65979
65981
65982
65983
65984
65985
65986
65987
65988
65991
65992
65993
65994
65995
65996
65997
65998
65999
66002
66003
66005
66006
66007
66008
66009
66011
66012
66013
66015
66016
66017
66018
66020
66022
66023
66024
66025
66026
66027
66028
66029
66030
66031
66032
66035
66042
66044
66047
66048
66049
66050
66053
66055
66057
66058
66059
66060
66063
66064
66065
66067
66069
66070
66073
66075
66076
66078
66079
66080
66081
66082
66083
66084
66085
66094
66095
66097
66098
66099
66100
66103
66104
66106
66107
66108
66109
66110
66111
66115
66116
66117
66120
66121
66124
66127
66128
66129
66131
66132
66133
66135
66137
66139
66140
66141
66142
66143
66144
66145
66146
66148
66150
66151
66152
66153
66155
66157
66158
66159
66160
66161
66163
66164
66169
66171
66172
66175
66176
66177
66178
66179
66180
66182
66186
66187
66188
66191
66193
66194
66198
66199
66200
66201
66205
66207
66208
66209
66210
66212
66213
66215
66216
66218
66219
66220
66224
66226
66229
66230
66232
66233
66234
66237
66238
66242
66243
66245
66246
66248
66251
66252
66254
66255
66256
66260
66265
66270
66271
66272
66275
66276
66278
66281
66283
66285
66286
66287
66289
66290
66291
66292
66293
66294
66297
66298
66299
66300
66301
66303
66304
66307
66308
66310
66311
66314
66319
66320
66321
66326
66332
66333
66334
66335
66338
66339
66340
66341
66342
66344
66345
66346
66347
66350
66351
66352
66353
66354
66355
66356
66357
66358
66359
66360
66361
66364
66369
66370
66371
66373
66375
66379
66380
66381
66388
66390
66393
66397
66399
66400
66401
66402
66406
66407
66408
66412
66413
66414
66415
66418
66420
66421
66424
66425
66429
66430
66431
66433
66434
66435
66438
66439
66441
66443
66445
66446
66447
66448
66452
66455
66457
66459
66463
66465
66467
66468
66469
66471
66476
66479
66480
66482
66483
66484
66485
66487
66488
66489
66490
66491
66494
66495
66496
66497
66499
66501
66502
66503
66504
66505
66506
66509
66511
66512
66515
66516
66517
66519
66520
66521
66522
66525
66526
66527
66530
66532
66538
66539
66540
66544
66547
66549
66551
66552
66553
66554
66557
66559
66561
66562
66564
66565
66566
66568
66570
66571
66575
66577
66578
66581
66582
66585
66590
66593
66594
66595
66596
66597
66598
66602
66604
66606
66609
66610
66612
66613
66614
66616
66617
66618
66619
66620
66621
66622
66630
66633
66634
66635
66638
66640
66641
66642
66643
66645
66646
66650
66651
66652
66653
66655
66660
66661
66662
66663
66664
66665
66669
66672
66675
66676
66677
66678
66679
66682
66683
66685
66686
66687
66689
66690
66693
66694
66695
66697
66702
66703
66710
66711
66714
66715
66716
66718
66721
66722
66724
66725
66726
66728
66731
66734
66736
66740
66741
66742
66743
66745
66746
66748
66749
66750
66752
66753
66754
66756
66761
66762
66764
66765
66767
66768
66769
66770
66771
66775
66776
66777
66778
66780
66781
66782
66783
66785
66789
66790
66791
66795
66799
66800
66801
66802
66803
66804
66805
66807
66808
66809
66810
66814
66816
66826
66828
66830
66832
66833
66834
66836
66838
66840
66841
66842
66843
66844
66847
66848
66849
66852
66853
66854
66855
66856
66859
66860
66861
66863
66864
66866
66867
66869
66870
66872
66873
66874
66875
66880
66881
66884
66886
66887
66888
66889
66894
66895
66897
66899
66900
66901
66902
66904
66905
66906
66907
66908
66909
66910
66912
66917
66918
66922
66923
66924
66925
66926
66927
66929
66930
66931
66932
66933
66935
66938
66939
66940
66944
66945
66947
66948
66950
66951
66952
66953
66955
66956
66957
66958
66960
66961
66962
66963
66965
66966
66967
66968
66969
66970
66972
66976
66977
66980
66983
66984
66985
66986
66988
66990
66992
66993
66995
66996
66999
67000
67002
67003
67005
67006
67008
67010
67011
67012
67013
67016
67019
67020
67021
67024
67025
67026
67029
67030
67031
67034
67035
67037
67039
67041
67043
67044
67046
67047
67048
67049
67051
67052
67054
67055
67056
67057
67058
67060
67063
67064
67067
67073
67074
67076
67078
67079
67080
67082
67084
67086
67087
67091
67092
67093
67094
67097
67099
67100
67101
67102
67104
67106
67108
67109
67110
67111
67114
67116
67117
67118
67119
67124
67125
67127
67128
67129
67130
67132
67134
67137
67138
67139
67140
67142
67144
67145
67149
67150
67152
67154
67160
67162
67163
67164
67165
67166
67170
67171
67172
67173
67175
67176
67177
67178
67179
67180
67181
67183
67184
67186
67187
67190
67192
67194
67195
67196
67197
67200
67203
67205
67206
67207
67210
67211
67214
67215
67216
67217
67219
67220
67226
67229
67232
67233
67234
67235
67236
67240
67241
67244
67246
67247
67248
67251
67252
67257
67258
67259
67260
67263
67264
67266
67267
67269
67273
67274
67277
67278
67279
67280
67283
67288
67290
67291
67292
67293
67294
67295
67296
67298
67299
67300
67301
67302
67303
67304
67306
67307
67308
67309
67312
67313
67314
67318
67319
67321
67324
67325
67326
67328
67329
67330
67332
67334
67335
67336
67337
67339
67340
67344
67347
67348
67350
67351
67352
67353
67354
67355
67356
67358
67360
67361
67362
67363
67365
67366
67368
67369
67370
67374
67375
67379
67382
67383
67384
67385
67386
67388
67390
67391
67392
67393
67394
67396
67401
67402
67403
67404
67407
67409
67410
67411
67412
67413
67417
67418
67419
67422
67423
67424
67425
67426
67427
67429
67430
67432
67433
67435
67438
67440
67441
67442
67443
67444
67445
67447
67448
67450
67453
67454
67458
67459
67465
67469
67473
67474
67475
67476
67481
67482
67484
67485
67486
67487
67489
67490
67491
67492
67494
67495
67499
67501
67505
67509
67510
67512
67514
67515
67517
67518
67519
67520
67521
67522
67523
67524
67525
67527
67528
67529
67531
67542
67546
67547
67548
67550
67551
67552
67553
67558
67559
67560
67561
67565
67566
67567
67570
67574
67575
67579
67580
67581
67582
67583
67586
67587
67590
67594
67597
67598
67599
67601
67602
67604
67605
67606
67608
67612
67614
67615
67616
67618
67619
67620
67622
67623
67626
67627
67628
67630
67631
67634
67637
67638
67640
67642
67645
67647
67648
67651
67652
67656
67657
67662
67664
67665
67666
67667
67668
67669
67671
67673
67675
67678
67682
67683
67684
67686
67687
67688
67689
67690
67691
67693
67694
67695
67697
67698
67699
67700
67704
67708
67709
67710
67711
67712
67713
67714
67716
67717
67718
67720
67721
67722
67723
67726
67727
67730
67731
67733
67734
67735
67737
67738
67740
67742
67743
67744
67746
67748
67750
67755
67758
67759
67762
67763
67765
67767
67769
67770
67771
67773
67774
67776
67778
67780
67781
67782
67784
67786
67789
67790
67793
67796
67798
67803
67805
67811
67813
67814
67815
67816
67817
67818
67820
67823
67824
67826
67827
67829
67830
67831
67832
67833
67835
67836
67841
67842
67843
67844
67847
67851
67855
67858
67860
67864
67865
67866
67870
67873
67875
67877
67880
67882
67884
67885
67886
67890
67893
67894
67895
67897
67900
67904
67907
67908
67909
67911
67912
67916
67918
67920
67922
67924
67926
67927
67934
67935
67937
67939
67940
67941
67942
67943
67944
67948
67950
67953
67955
67956
67957
67958
67964
67965
67966
67968
67970
67973
67974
67976
67979
67981
67982
67983
67984
67985
67986
67990
67992
67993
67995
67997
68001
68002
68008
68009
68011
68012
68019
68021
68022
68023
68026
68027
68028
68030
68032
68033
68035
68037
68042
68043
68044
68045
68047
68049
68051
68057
68058
68059
68060
68061
68063
68064
68065
68066
68068
68069
68070
68072
68073
68077
68079
68080
68083
68084
68085
68086
68088
68091
68092
68093
68097
68099
68100
68101
68103
68104
68106
68107
68108
68112
68113
68114
68115
68117
68120
68121
68124
68125
68127
68129
68131
68134
68135
68137
68139
68140
68142
68144
68145
68146
68147
68148
68150
68151
68152
68154
68156
68158
68159
68162
68164
68166
68167
68168
68170
68171
68174
68175
68182
68184
68186
68187
68188
68191
68192
68194
68195
68196
68201
68202
68204
68206
68207
68208
68209
68211
68213
68214
68215
68216
68217
68219
68220
68224
68227
68229
68230
68231
68233
68234
68235
68238
68239
68241
68242
68244
68245
68247
68248
68250
68253
68254
68257
68260
68261
68266
68268
68272
68274
68275
68276
68277
68278
68279
68281
68284
68286
68288
68289
68290
68291
68295
68297
68298
68302
68304
68306
68309
68310
68311
68313
68314
68315
68316
68318
68320
68322
68326
68328
68329
68331
68334
68335
68336
68337
68338
68339
68342
68343
68345
68347
68351
68352
68355
68356
68359
68360
68362
68363
68366
68367
68368
68370
68371
68372
68373
68374
68375
68376
68377
68378
68380
68381
68382
68385
68386
68387
68388
68392
68393
68394
68397
68398
68403
68405
68408
68410
68411
68412
68413
68414
68415
68417
68418
68420
68421
68422
68423
68424
68431
68432
68437
68438
68439
68441
68442
68443
68444
68447
68449
68453
68455
68456
68460
68461
68462
68463
68465
68466
68467
68471
68472
68476
68477
68480
68481
68483
68484
68486
68488
68489
68490
68491
68493
68494
68496
68497
68498
68499
68500
68501
68503
68506
68507
68509
68510
68511
68516
68517
68518
68520
68522
68523
68524
68526
68528
68529
68530
68532
68534
68535
68536
68537
68539
68540
68541
68542
68544
68545
68547
68550
68552
68553
68554
68559
68560
68561
68563
68566
68569
68570
68574
68575
68577
68578
68579
68580
68581
68583
68584
68585
68587
68588
68595
68598
68600
68601
68604
68605
68606
68607
68608
68610
68611
68612
68613
68614
68615
68616
68619
68621
68625
68626
68628
68634
68635
68636
68639
68640
68642
68643
68645
68646
68647
68648
68649
68650
68651
68653
68654
68658
68659
68663
68664
68666
68667
68668
68670
68671
68674
68675
68676
68677
68679
68680
68681
68682
68686
68690
68692
68693
68694
68695
68697
68701
68704
68705
68708
68711
68713
68714
68716
68717
68718
68719
68720
68721
68723
68726
68730
68732
68733
68737
68738
68740
68741
68743
68744
68747
68751
68752
68754
68755
68758
68760
68761
68763
68766
68767
68768
68769
68770
68771
68773
68774
68776
68777
68780
68784
68791
68792
68794
68796
68799
68802
68804
68806
68807
68808
68812
68813
68814
68815
68816
68818
68819
68822
68823
68824
68825
68827
68828
68831
68833
68835
68836
68837
68841
68843
68845
68846
68849
68850
68851
68852
68853
68855
68856
68858
68859
68860
68862
68863
68865
68866
68868
68870
68872
68873
68879
68880
68882
68883
68886
68887
68889
68890
68892
68895
68896
68897
68902
68903
68904
68905
68906
68907
68910
68911
68913
68915
68916
68917
68923
68926
68928
68929
68931
68933
68934
68935
68938
68939
68941
68943
68944
68951
68952
68954
68955
68957
68959
68961
68964
68967
68968
68971
68972
68973
68974
68975
68978
68980
68982
68983
68984
68985
68988
68990
68991
68992
68993
68994
68995
68999
69000
69002
69010
69011
69013
69015
69016
69017
69018
69021
69022
69023
69024
69025
69026
69028
69029
69030
69031
69034
69035
69036
69037
69040
69041
69043
69049
69051
69052
69053
69055
69058
69060
69061
69062
69064
69065
69066
69067
69069
69070
69072
69073
69075
69081
69086
69089
69090
69095
69096
69097
69098
69100
69101
69102
69103
69104
69105
69106
69107
69108
69111
69112
69113
69115
69116
69118
69119
69121
69124
69125
69128
69129
69130
69134
69135
69137
69138
69139
69140
69142
69143
69144
69149
69152
69153
69154
69158
69159
69162
69164
69167
69168
69169
69171
69176
69177
69178
69179
69181
69182
69183
69184
69185
69186
69188
69189
69190
69193
69195
69197
69198
69200
69203
69204
69206
69207
69208
69213
69217
69219
69221
69222
69223
69224
69225
69229
69230
69231
69233
69234
69235
69237
69239
69242
69243
69244
69248
69250
69251
69252
69253
69254
69260
69265
69266
69267
69269
69271
69273
69274
69275
69276
69278
69281
69285
69286
69289
69290
69291
69292
69293
69295
69296
69297
69298
69299
69300
69301
69303
69305
69307
69310
69311
69313
69319
69320
69321
69322
69324
69325
69326
69328
69329
69330
69332
69333
69336
69339
69341
69342
69343
69344
69345
69346
69349
69351
69352
69356
69358
69360
69361
69363
69364
69366
69367
69368
69369
69370
69374
69375
69376
69377
69378
69379
69381
69386
69388
69389
69390
69391
69392
69397
69402
69404
69405
69409
69410
69412
69413
69414
69416
69417
69419
69420
69423
69424
69425
69428
69430
69432
69433
69434
69435
69437
69438
69442
69445
69447
69449
69453
69455
69456
69460
69462
69463
69464
69467
69468
69469
69472
69473
69477
69479
69482
69483
69484
69485
69488
69489
69492
69493
69494
69497
69498
69499
69502
69503
69504
69505
69506
69508
69513
69514
69515
69516
69520
69521
69522
69523
69524
69528
69529
69532
69533
69534
69535
69536
69537
69538
69539
69541
69542
69543
69544
69545
69546
69547
69549
69550
69551
69552
69553
69554
69557
69559
69561
69564
69566
69569
69572
69575
69577
69579
69581
69586
69588
69589
69590
69591
69592
69593
69595
69597
69598
69602
69603
69604
69605
69607
69609
69611
69612
69613
69614
69615
69616
69617
69618
69620
69621
69624
69627
69628
69629
69632
69634
69635
69636
69637
69638
69639
69641
69644
69648
69650
69651
69657
69662
69663
69665
69666
69668
69669
69670
69671
69673
69674
69675
69679
69682
69683
69685
69686
69687
69689
69691
69695
69698
69699
69701
69702
69704
69705
69707
69708
69710
69711
69712
69714
69715
69716
69718
69719
69721
69723
69724
69726
69727
69729
69734
69735
69737
69738
69739
69740
69741
69743
69744
69745
69748
69749
69752
69754
69755
69757
69759
69762
69763
69764
69767
69768
69769
69772
69773
69776
69777
69779
69780
69781
69782
69784
69787
69788
69789
69790
69792
69793
69794
69795
69796
69797
69799
69802
69804
69806
69808
69810
69811
69812
69813
69814
69817
69821
69822
69825
69827
69828
69829
69830
69831
69833
69834
69835
69836
69837
69838
69839
69840
69842
69843
69845
69848
69849
69851
69853
69855
69857
69858
69859
69860
69861
69862
69863
69864
69867
69868
69869
69870
69875
69879
69880
69883
69884
69885
69886
69888
69889
69892
69897
69900
69905
69906
69907
69909
69911
69913
69914
69916
69918
69920
69921
69922
69923
69924
69927
69930
69931
69932
69934
69942
69948
69950
69951
69952
69953
69960
69961
69963
69966
69969
69970
69971
69973
69975
69976
69978
69979
69982
69983
69984
69986
69987
69989
69990
69991
69992
69996
69998
70001
70003
70004
70005
70006
70014
70015
70017
70018
70020
70021
70023
70025
70027
70028
70030
70035
70036
70038
70041
70042
70044
70045
70049
70050
70057
70058
70059
70060
70062
70063
70064
70065
70066
70068
70069
70070
70071
70072
70073
70075
70077
70078
70083
70090
70091
70092
70093
70094
70095
70096
70097
70099
70100
70103
70104
70106
70107
70109
70110
70111
70113
70115
70118
70119
70120
70121
70126
70127
70128
70130
70131
70132
70133
70134
70135
70136
70137
70138
70142
70143
70145
70146
70147
70148
70151
70152
70156
70157
70158
70162
70164
70167
70168
70169
70172
70173
70174
70175
70178
70180
70184
70185
70188
70194
70196
70197
70198
70199
70200
70202
70206
70207
70208
70209
70211
70213
70215
70216
70217
70218
70220
70221
70223
70225
70226
70227
70229
70230
70231
70232
70233
70234
70235
70236
70237
70239
70241
70242
70243
70245
70247
70248
70249
70250
70251
70252
70253
70254
70256
70257
70260
70261
70262
70263
70264
70265
70269
70270
70271
70272
70276
70277
70280
70281
70282
70283
70286
70290
70291
70292
70295
70296
70297
70298
70299
70300
70302
70306
70307
70313
70315
70319
70323
70324
70325
70327
70329
70330
70332
70336
70337
70344
70345
70348
70350
70355
70356
70357
70358
70359
70360
70362
70363
70364
70365
70367
70368
70369
70370
70371
70374
70376
70377
70379
70380
70382
70383
70386
70387
70390
70392
70394
70398
70399
70400
70401
70402
70403
70404
70408
70409
70413
70415
70417
70419
70420
70421
70422
70423
70424
70426
70428
70430
70435
70436
70437
70438
70439
70441
70442
70443
70444
70446
70447
70449
70450
70451
70453
70454
70456
70457
70460
70462
70463
70466
70469
70470
70471
70474
70475
70476
70478
70481
70483
70484
70485
70486
70487
70489
70491
70492
70493
70494
70496
70497
70500
70502
70504
70505
70507
70508
70509
70510
70512
70513
70514
70522
70523
70524
70526
70527
70528
70529
70530
70531
70535
70538
70540
70541
70543
70545
70546
70548
70549
70550
70552
70554
70558
70561
70562
70563
70564
70566
70568
70570
70571
70572
70573
70575
70576
70577
70580
70581
70583
70584
70586
70587
70588
70589
70590
70591
70592
70593
70595
70598
70599
70602
70603
70605
70607
70608
70609
70610
70611
70614
70615
70617
70618
70622
70623
70625
70626
70628
70630
70631
70634
70637
70638
70639
70641
70642
70644
70645
70648
70653
70655
70661
70664
70665
70667
70668
70669
70672
70673
70676
70678
70679
70681
70683
70687
70689
70691
70692
70695
70696
70699
70700
70702
70703
70704
70705
70706
70712
70713
70717
70718
70719
70721
70722
70723
70724
70725
70726
70728
70729
70731
70732
70733
70735
70736
70740
70741
70743
70744
70747
70749
70750
70751
70753
70754
70755
70757
70759
70760
70761
70762
70763
70764
70765
70771
70774
70783
70785
70787
70788
70796
70797
70798
70799
70803
70806
70808
70810
70811
70813
70814
70815
70819
70822
70824
70825
70827
70828
70830
70831
70834
70835
70836
70837
70839
70840
70842
70843
70845
70846
70848
70849
70850
70851
70852
70853
70854
70855
70857
70859
70861
70862
70863
70865
70868
70869
70870
70871
70872
70876
70877
70879
70880
70881
70882
70883
70884
70887
70890
70891
70892
70893
70896
70897
70901
70902
70903
70904
70905
70908
70910
70912
70913
70914
70915
70916
70917
70920
70922
70923
70924
70927
70928
70931
70933
70936
70937
70939
70940
70941
70942
70943
70946
70951
70955
70956
70957
70958
70959
70960
70963
70966
70967
70969
70971
70973
70975
70976
70978
70979
70983
70984
70987
70989
70990
70992
70994
70995
70997
70998
70999
71000
71001
71005
71006
71007
71009
71010
71011
71013
71014
71016
71017
71023
71025
71027
71028
71029
71031
71033
71034
71036
71037
71039
71040
71041
71044
71046
71047
71048
71049
71055
71056
71057
71058
71060
71063
71064
71065
71069
71070
71071
71072
71073
71074
71076
71077
71078
71079
71082
71087
71088
71089
71090
71093
71095
71096
71097
71098
71099
71100
71102
71103
71105
71106
71108
71111
71116
71117
71118
71119
71120
71121
71122
71123
71126
71127
71128
71129
71131
71132
71133
71134
71135
71136
71137
71138
71139
71140
71142
71143
71146
71150
71151
71152
71154
71157
71159
71160
71162
71163
71164
71165
71166
71167
71170
71171
71172
71173
71174
71176
71179
71183
71184
71185
71188
71190
71192
71193
71195
71196
71198
71199
71201
71202
71203
71204
71205
71206
71207
71209
71211
71212
71214
71215
71218
71219
71220
71221
71222
71223
71226
71227
71230
71234
71235
71239
71241
71242
71245
71249
71252
71253
71254
71255
71256
71257
71259
71261
71262
71263
71264
71265
71266
71268
71269
71273
71274
71275
71276
71277
71279
71282
71284
71286
71287
71291
71293
71296
71301
71303
71304
71305
71306
71311
71313
71314
71315
71317
71318
71319
71323
71324
71326
71328
71329
71332
71334
71335
71336
71339
71340
71341
71342
71343
71344
71345
71346
71347
71348
71349
71351
71357
71358
71361
71364
71365
71366
71367
71369
71370
71371
71372
71373
71374
71375
71376
71377
71378
71383
71384
71385
71387
71388
71389
71390
71392
71394
71395
71398
71402
71403
71405
71406
71408
71411
71415
71417
71419
71420
71421
71423
71424
71425
71426
71428
71430
71431
71432
71434
71435
71436
71437
71439
71440
71441
71442
71444
71446
71449
71451
71453
71455
71456
71458
71460
71461
71462
71464
71465
71470
71473
71475
71477
71478
71479
71480
71481
71482
71484
71486
71487
71488
71489
71490
71493
71494
71495
71497
71499
71500
71503
71505
71506
71507
71514
71516
71518
71519
71520
71521
71523
71524
71525
71527
71530
71531
71533
71534
71538
71539
71540
71541
71542
71543
71544
71545
71546
71547
71549
71550
71551
71552
71554
71556
71559
71561
71565
71566
71568
71569
71572
71575
71576
71579
71580
71584
71585
71586
71587
71590
71591
71592
71594
71595
71597
71599
71600
71601
71602
71603
71604
71605
71608
71610
71612
71613
71614
71615
71616
71618
71620
71621
71622
71623
71624
71625
71626
71627
71628
71629
71630
71631
71632
71633
71636
71637
71638
71641
71645
71649
71651
71654
71657
71658
71659
71660
71661
71662
71664
71665
71666
71669
71670
71671
71674
71677
71680
71681
71684
71685
71688
71689
71690
71691
71693
71696
71697
71698
71699
71700
71702
71703
71704
71706
71708
71709
71710
71713
71714
71716
71717
71719
71722
71725
71727
71728
71730
71733
71734
71735
71736
71737
71738
71739
71740
71743
71744
71746
71750
71751
71753
71756
71759
71762
71763
71764
71765
71767
71768
71772
71774
71775
71778
71779
71780
71781
71784
71787
71788
71790
71792
71793
71794
71797
71800
71801
71802
71803
71804
71805
71808
71810
71811
71812
71813
71815
71816
71817
71818
71821
71823
71825
71827
71828
71829
71830
71831
71832
71835
71836
71839
71843
71845
71846
71847
71849
71850
71852
71853
71855
71857
71859
71860
71861
71862
71865
71866
71867
71868
71873
71875
71878
71883
71884
71886
71889
71890
71891
71892
71893
71894
71895
71897
71898
71900
71901
71902
71904
71906
71907
71908
71909
71910
71915
71917
71920
71921
71924
71925
71926
71928
71929
71932
71934
71937
71940
71942
71943
71944
71945
71946
71947
71950
71952
71954
71955
71958
71960
71961
71968
71969
71970
71972
71973
71974
71975
71977
71978
71979
71980
71982
71983
71984
71985
71986
71987
71990
71993
71995
71996
71998
72000
72004
72005
72006
72010
72011
72013
72014
72015
72019
72020
72021
72022
72024
72029
72031
72032
72033
72036
72037
72038
72039
72040
72042
72043
72044
72045
72048
72050
72051
72052
72054
72055
72056
72057
72058
72059
72060
72062
72064
72067
72069
72070
72071
72073
72076
72077
72080
72081
72082
72083
72084
72085
72086
72088
72089
72090
72091
72092
72094
72096
72097
72100
72101
72102
72103
72109
72111
72112
72113
72115
72118
72119
72121
72122
72124
72125
72127
72130
72131
72132
72136
72140
72142
72143
72145
72146
72149
72150
72151
72154
72156
72159
72160
72161
72162
72163
72166
72172
72173
72174
72176
72178
72179
72182
72184
72186
72187
72191
72193
72194
72196
72198
72200
72202
72204
72206
72207
72208
72215
72216
72218
72219
72220
72222
72226
72227
72228
72230
72231
72233
72235
72236
72239
72242
72246
72247
72249
72250
72251
72252
72255
72256
72257
72258
72259
72261
72262
72264
72265
72269
72271
72272
72274
72276
72278
72281
72283
72284
72289
72291
72292
72293
72294
72295
72296
72297
72298
72299
72300
72301
72302
72303
72304
72305
72306
72307
72308
72309
72312
72313
72315
72316
72317
72318
72319
72323
72324
72329
72331
72335
72338
72339
72341
72342
72344
72345
72346
72349
72354
72355
72356
72357
72358
72362
72364
72365
72367
72368
72369
72370
72372
72373
72374
72375
72377
72379
72380
72382
72383
72384
72386
72387
72388
72389
72391
72395
72398
72399
72400
72401
72404
72405
72407
72408
72411
72412
72413
72415
72416
72417
72420
72421
72422
72423
72425
72429
72430
72432
72434
72435
72437
72439
72441
72442
72447
72451
72452
72453
72454
72455
72456
72457
72458
72460
72467
72469
72470
72471
72472
72474
72475
72476
72477
72478
72485
72486
72490
72491
72492
72493
72494
72497
72498
72499
72500
72502
72503
72504
72505
72506
72510
72513
72514
72515
72517
72518
72519
72521
72522
72525
72526
72528
72533
72534
72535
72536
72537
72538
72539
72541
72543
72544
72545
72546
72548
72549
72550
72553
72555
72559
72560
72564
72565
72569
72572
72574
72582
72585
72586
72588
72590
72593
72599
72600
72602
72606
72607
72608
72609
72612
72613
72614
72617
72618
72620
72621
72622
72625
72628
72629
72632
72633
72634
72638
72642
72643
72644
72646
72649
72650
72651
72652
72653
72656
72658
72660
72662
72663
72665
72669
72672
72673
72674
72675
72676
72677
72679
72681
72684
72685
72686
72689
72691
72693
72694
72695
72696
72699
72700
72701
72702
72704
72705
72708
72711
72712
72718
72719
72721
72722
72723
72724
72725
72726
72728
72730
72733
72734
72737
72741
72742
72744
72745
72746
72747
72748
72752
72755
72757
72758
72760
72762
72763
72764
72766
72769
72770
72771
72773
72775
72777
72779
72780
72782
72784
72785
72786
72787
72788
72791
72792
72794
72796
72798
72799
72801
72802
72803
72805
72806
72807
72808
72810
72811
72812
72815
72817
72824
72825
72826
72827
72828
72830
72831
72832
72833
72834
72836
72842
72844
72847
72849
72850
72851
72852
72853
72860
72861
72866
72868
72869
72871
72872
72873
72876
72879
72880
72883
72884
72885
72886
72888
72889
72890
72891
72892
72895
72896
72898
72900
72901
72903
72904
72905
72906
72907
72909
72912
72913
72914
72915
72921
72922
72923
72925
72926
72927
72928
72929
72930
72931
72932
72935
72937
72939
72940
72941
72942
72943
72945
72947
72948
72949
72950
72954
72956
72957
72958
72959
72961
72963
72966
72967
72968
72969
72971
72972
72974
72975
72977
72978
72979
72982
72983
72984
72986
72988
72991
72993
72994
73001
73002
73005
73006
73008
73009
73010
73013
73016
73018
73020
73021
73023
73024
73025
73028
73030
73032
73033
73037
73039
73042
73043
73045
73046
73047
73048
73050
73051
73052
73053
73056
73060
73062
73066
73067
73068
73070
73071
73074
73075
73084
73086
73088
73090
73092
73094
73095
73096
73097
73099
73103
73104
73105
73108
73111
73115
73117
73118
73121
73123
73125
73126
73127
73128
73129
73132
73133
73136
73139
73141
73142
73143
73144
73145
73146
73147
73148
73153
73154
73155
73158
73159
73161
73162
73163
73164
73165
73168
73174
73176
73177
73182
73184
73185
73186
73187
73188
73189
73190
73192
73195
73196
73199
73201
73204
73205
73207
73210
73211
73214
73217
73218
73220
73221
73223
73224
73225
73227
73229
73230
73231
73233
73235
73237
73239
73240
73241
73243
73245
73248
73249
73250
73252
73257
73258
73259
73260
73261
73262
73263
73264
73267
73268
73269
73273
73274
73278
73284
73285
73286
73287
73288
73290
73291
73294
73295
73296
73298
73300
73301
73306
73307
73309
73310
73312
73314
73317
73319
73320
73321
73322
73324
73326
73327
73328
73329
73332
73337
73338
73339
73340
73341
73342
73343
73344
73346
73347
73348
73349
73352
73353
73354
73356
73357
73359
73360
73364
73365
73366
73367
73369
73370
73371
73372
73373
73374
73376
73377
73378
73379
73384
73385
73388
73390
73391
73392
73394
73395
73396
73397
73398
73401
73402
73403
73406
73407
73408
73410
73411
73415
73417
73418
73419
73423
73426
73428
73429
73430
73432
73435
73437
73438
73439
73440
73447
73449
73450
73451
73452
73455
73456
73460
73462
73465
73466
73467
73468
73469
73471
73473
73474
73475
73476
73479
73481
73482
73485
73489
73491
73492
73495
73499
73505
73507
73509
73512
73513
73514
73518
73522
73523
73525
73526
73528
73530
73533
73534
73535
73539
73540
73541
73542
73544
73545
73546
73547
73549
73550
73551
73552
73554
73556
73557
73558
73559
73560
73562
73564
73568
73570
73571
73573
73574
73575
73576
73577
73578
73579
73580
73582
73583
73584
73585
73587
73588
73589
73590
73592
73593
73594
73596
73597
73604
73606
73607
73608
73609
73610
73611
73614
73617
73620
73621
73622
73624
73629
73630
73632
73633
73635
73636
73639
73640
73641
73642
73645
73646
73649
73650
73652
73653
73655
73658
73660
73662
73664
73666
73668
73670
73671
73672
73674
73675
73676
73677
73679
73680
73681
73682
73685
73691
73694
73695
73696
73697
73698
73701
73702
73703
73704
73706
73708
73710
73711
73713
73715
73716
73719
73720
73721
73722
73723
73725
73727
73729
73731
73733
73734
73737
73740
73741
73745
73746
73747
73748
73749
73750
73752
73754
73755
73757
73759
73761
73762
73764
73765
73766
73769
73774
73775
73776
73777
73778
73780
73781
73782
73783
73786
73787
73791
73792
73793
73794
73795
73797
73798
73799
73800
73802
73804
73813
73817
73819
73822
73823
73824
73825
73826
73828
73829
73830
73832
73834
73841
73842
73843
73844
73845
73847
73848
73851
73853
73855
73859
73861
73862
73863
73865
73866
73868
73869
73870
73874
73877
73878
73879
73882
73885
73886
73887
73888
73892
73893
73895
73897
73900
73906
73907
73909
73912
73913
73914
73915
73916
73917
73918
73920
73922
73925
73930
73933
73934
73935
73936
73938
73940
73942
73943
73944
73946
73951
73952
73954
73955
73958
73959
73961
73962
73963
73964
73965
73966
73967
73968
73969
73970
73976
73977
73978
73981
73982
73984
73989
73990
73991
73993
74000
74003
74004
74005
74011
74013
74017
74020
74021
74022
74023
74025
74026
74029
74030
74031
74032
74035
74036
74038
74039
74040
74043
74045
74046
74049
74050
74051
74054
74056
74057
74058
74059
74060
74061
74063
74064
74068
74072
74073
74074
74076
74077
74078
74082
74086
74087
74088
74089
74090
74091
74092
74093
74095
74098
74099
74101
74102
74103
74104
74105
74109
74113
74119
74120
74121
74122
74123
74124
74125
74126
74127
74129
74132
74133
74137
74141
74144
74146
74148
74153
74155
74157
74160
74162
74164
74166
74167
74168
74170
74173
74178
74180
74182
74185
74187
74189
74190
74192
74194
74196
74197
74199
74200
74202
74206
74207
74208
74210
74213
74214
74216
74220
74224
74227
74228
74236
74238
74240
74241
74242
74244
74245
74246
74247
74248
74251
74252
74253
74258
74261
74263
74264
74267
74269
74270
74272
74274
74275
74276
74279
74280
74284
74285
74287
74288
74291
74293
74294
74295
74297
74298
74299
74300
74301
74304
74308
74310
74312
74313
74315
74316
74317
74318
74319
74323
74324
74326
74327
74329
74330
74331
74332
74333
74334
74337
74340
74341
74342
74343
74344
74345
74347
74348
74350
74352
74353
74354
74356
74358
74359
74360
74363
74366
74369
74371
74376
74377
74379
74380
74382
74384
74386
74388
74389
74390
74391
74393
74394
74395
74396
74397
74398
74399
74400
74401
74403
74404
74406
74407
74408
74409
74410
74411
74412
74413
74414
74415
74416
74418
74419
74420
74422
74424
74425
74426
74428
74431
74432
74434
74437
74438
74444
74445
74446
74447
74448
74449
74450
74452
74454
74455
74459
74460
74461
74463
74464
74466
74468
74469
74470
74472
74473
74474
74475
74476
74478
74479
74480
74482
74483
74484
74485
74487
74493
74494
74497
74498
74499
74501
74503
74504
74505
74506
74509
74512
74513
74514
74516
74517
74518
74519
74522
74524
74526
74527
74529
74530
74532
74534
74536
74537
74538
74540
74542
74543
74544
74546
74548
74549
74551
74552
74553
74554
74555
74557
74558
74559
74560
74561
74562
74563
74564
74566
74567
74569
74570
74571
74572
74574
74575
74576
74578
74579
74582
74583
74588
74590
74591
74593
74594
74596
74597
74600
74601
74602
74603
74606
74607
74609
74610
74611
74612
74617
74618
74621
74622
74624
74631
74633
74634
74636
74637
74638
74639
74640
74641
74645
74650
74653
74654
74657
74659
74660
74661
74664
74666
74667
74668
74670
74671
74672
74674
74675
74676
74679
74681
74682
74684
74685
74686
74689
74694
74695
74696
74698
74699
74700
74702
74705
74706
74707
74708
74709
74710
74712
74714
74715
74718
74719
74720
74722
74724
74726
74727
74730
74731
74735
74737
74740
74742
74743
74745
74746
74748
74751
74752
74754
74756
74757
74761
74763
74764
74765
74767
74768
74770
74775
74776
74780
74786
74787
74788
74790
74791
74792
74796
74799
74800
74802
74803
74804
74806
74809
74812
74813
74817
74818
74820
74821
74822
74824
74825
74827
74828
74829
74834
74835
74837
74839
74840
74841
74845
74846
74854
74855
74862
74864
74868
74869
74872
74873
74874
74875
74878
74879
74880
74881
74882
74883
74887
74889
74890
74891
74892
74894
74895
74897
74898
74899
74901
74902
74909
74910
74911
74913
74916
74923
74925
74926
74928
74929
74931
74932
74933
74936
74937
74938
74939
74943
74947
74948
74950
74951
74952
74954
74956
74957
74958
74960
74961
74962
74963
74965
74966
74968
74969
74970
74971
74972
74973
74976
74979
74980
74982
74983
74984
74986
74987
74988
74990
74992
74994
74998
75000
75006
75008
75009
75010
75013
75014
75019
75020
75022
75024
75025
75029
75030
75031
75032
75034
75037
75038
75039
75044
75045
75050
75051
75052
75053
75055
75059
75060
75062
75064
75065
75066
75067
75069
75070
75071
75073
75074
75076
75077
75078
75082
75084
75085
75086
75088
75089
75090
75091
75092
75093
75094
75095
75098
75099
75104
75106
75108
75109
75110
75111
75113
75116
75117
75119
75120
75121
75122
75124
75126
75129
75130
75132
75133
75134
75137
75138
75142
75144
75146
75147
75149
75150
75151
75152
75153
75154
75155
75156
75157
75159
75160
75161
75162
75163
75166
75167
75169
75170
75175
75177
75180
75181
75186
75191
75195
75197
75201
75203
75205
75206
75208
75210
75211
75212
75213
75214
75216
75218
75219
75223
75224
75225
75226
75228
75229
75230
75235
75236
75237
75238
75241
75242
75244
75246
75247
75249
75250
75252
75255
75257
75259
75261
75262
75264
75265
75266
75269
75270
75272
75275
75277
75279
75280
75281
75283
75284
75286
75292
75293
75294
75295
75296
75297
75298
75299
75300
75302
75305
75307
75309
75310
75311
75312
75313
75314
75315
75316
75318
75322
75328
75329
75330
75332
75333
75336
75338
75340
75341
75343
75344
75345
75346
75347
75348
75351
75352
75353
75354
75356
75358
75360
75362
75367
75370
75371
75374
75375
75376
75377
75378
75380
75381
75382
75383
75384
75385
75386
75388
75389
75390
75391
75393
75396
75397
75398
75399
75400
75401
75403
75405
75408
75409
75411
75412
75413
75414
75415
75416
75417
75418
75419
75420
75423
75428
75429
75430
75431
75435
75437
75438
75440
75442
75444
75445
75447
75448
75454
75459
75463
75464
75466
75467
75469
75472
75473
75475
75476
75477
75479
75480
75481
75483
75485
75486
75488
75490
75491
75492
75497
75498
75499
75500
75502
75505
75506
75509
75510
75512
75514
75516
75519
75522
75526
75527
75528
75530
75531
75532
75533
75535
75537
75541
75542
75543
75546
75548
75549
75551
75553
75554
75555
75556
75557
75559
75560
75561
75563
75564
75565
75566
75567
75568
75569
75570
75571
75573
75576
75577
75578
75579
75580
75581
75582
75583
75585
75586
75587
75590
75592
75593
75594
75597
75598
75599
75600
75602
75603
75604
75605
75607
75611
75612
75614
75615
75616
75619
75620
75621
75622
75623
75626
75627
75628
75631
75633
75634
75635
75638
75639
75641
75644
75645
75647
75651
75652
75656
75657
75658
75660
75661
75663
75664
75666
75667
75670
75671
75674
75675
75676
75677
75678
75679
75681
75682
75688
75689
75690
75691
75692
75694
75695
75697
75698
75701
75704
75708
75710
75711
75712
75715
75716
75721
75722
75723
75727
75728
75729
75731
75736
75737
75738
75740
75741
75742
75743
75745
75746
75747
75748
75749
75750
75752
75754
75755
75756
75758
75759
75760
75763
75764
75765
75766
75767
75768
75770
75771
75772
75773
75774
75776
75777
75778
75781
75782
75783
75784
75785
75786
75787
75788
75789
75790
75791
75792
75793
75794
75797
75798
75801
75804
75806
75807
75808
75810
75811
75812
75818
75821
75823
75824
75827
75831
75832
75833
75834
75835
75836
75837
75839
75840
75842
75843
75846
75851
75852
75856
75857
75859
75860
75861
75862
75864
75867
75869
75870
75873
75874
75875
75876
75878
75879
75881
75883
75885
75886
75887
75888
75889
75890
75891
75892
75893
75896
75897
75898
75899
75901
75902
75905
75906
75907
75911
75913
75914
75915
75916
75919
75920
75921
75922
75925
75926
75927
75928
75931
75932
75937
75940
75941
75942
75945
75947
75948
75952
75953
75954
75955
75956
75959
75962
75963
75968
75969
75970
75971
75972
75974
75976
75978
75979
75980
75982
75983
75984
75986
75993
75996
75997
75998
75999
76000
76003
76004
76006
76007
76011
76013
76015
76016
76017
76019
76021
76022
76023
76027
76029
76030
76031
76032
76036
76037
76038
76041
76042
76043
76045
76046
76049
76051
76052
76056
76057
76061
76063
76065
76066
76067
76069
76070
76071
76072
76073
76074
76075
76076
76078
76080
76082
76083
76087
76088
76089
76091
76092
76093
76094
76097
76098
76100
76101
76109
76110
76111
76112
76115
76116
76118
76119
76120
76122
76125
76126
76127
76131
76132
76134
76135
76136
76138
76139
76140
76141
76142
76147
76148
76151
76155
76159
76161
76162
76166
76168
76170
76172
76173
76174
76176
76177
76179
76181
76182
76184
76186
76187
76189
76190
76193
76195
76196
76200
76202
76203
76204
76205
76206
76207
76208
76210
76211
76214
76216
76225
76227
76236
76238
76241
76242
76243
76245
76247
76248
76249
76250
76251
76253
76254
76256
76258
76261
76262
76265
76266
76267
76269
76272
76275
76276
76277
76279
76280
76282
76283
76284
76285
76286
76288
76289
76290
76291
76292
76293
76295
76296
76299
76301
76304
76305
76306
76308
76309
76311
76312
76314
76315
76320
76321
76322
76323
76326
76327
76330
76331
76333
76334
76335
76337
76339
76340
76341
76342
76344
76346
76349
76351
76356
76361
76366
76367
76368
76370
76371
76372
76374
76375
76376
76379
76383
76385
76388
76389
76392
76396
76397
76398
76399
76401
76402
76403
76404
76405
76406
76408
76409
76412
76413
76414
76416
76417
76418
76419
76422
76423
76425
76428
76430
76432
76433
76434
76435
76436
76437
76440
76441
76444
76446
76447
76449
76450
76452
76453
76454
76455
76456
76458
76459
76462
76463
76466
76467
76469
76470
76473
76475
76476
76477
76479
76480
76481
76482
76484
76487
76490
76492
76493
76495
76501
76503
76505
76507
76508
76511
76512
76517
76518
76519
76521
76523
76527
76528
76531
76532
76533
76534
76535
76540
76544
76547
76552
76553
76555
76556
76558
76559
76560
76561
76562
76563
76568
76569
76571
76572
76574
76577
76579
76581
76584
76586
76587
76588
76589
76591
76592
76594
76598
76599
76601
76604
76605
76609
76610
76611
76615
76618
76619
76620
76622
76624
76628
76629
76631
76633
76634
76637
76640
76642
76643
76645
76646
76649
76650
76652
76654
76662
76663
76664
76665
76666
76667
76668
76672
76673
76675
76678
76692
76695
76696
76699
76700
76702
76704
76706
76713
76714
76715
76716
76717
76720
76721
76722
76727
76731
76732
76735
76736
76737
76739
76740
76741
76742
76743
76745
76747
76748
76749
76751
76754
76755
76758
76760
76761
76762
76763
76764
76766
76767
76768
76770
76771
76777
76778
76782
76784
76786
76787
76788
76789
76790
76792
76794
76797
76800
76801
76802
76803
76807
76808
76809
76812
76814
76815
76816
76817
76820
76822
76823
76824
76825
76826
76827
76828
76830
76833
76834
76835
76837
76838
76841
76843
76845
76849
76850
76855
76856
76857
76859
76861
76863
76864
76866
76868
76870
76871
76873
76874
76877
76878
76879
76882
76884
76885
76886
76887
76890
76891
76892
76894
76895
76896
76897
76898
76899
76903
76908
76911
76912
76919
76921
76924
76925
76926
76928
76930
76931
76933
76934
76935
76936
76938
76941
76945
76947
76949
76950
76952
76953
76954
76955
76959
76960
76963
76964
76965
76966
76969
76976
76977
76979
76980
76981
76984
76985
76986
76987
76989
76990
76993
76994
76997
76998
76999
77000
77001
77002
77003
77005
77006
77012
77014
77016
77018
77019
77023
77024
77025
77028
77033
77035
77036
77037
77038
77039
77040
77041
77043
77045
77046
77048
77051
77052
77056
77057
77058
77061
77063
77064
77067
77069
77071
77072
77078
77080
77083
77084
77085
77086
77087
77090
77092
77094
77095
77096
77098
77099
77102
77105
77106
77107
77109
77110
77115
77116
77118
77119
77121
77126
77128
77132
77134
77135
77139
77140
77142
77143
77144
77145
77147
77153
77154
77156
77159
77160
77161
77162
77165
77166
77170
77174
77175
77176
77179
77186
77187
77189
77190
77191
77192
77194
77195
77198
77200
77201
77202
77204
77206
77207
77208
77213
77214
77216
77217
77218
77221
77222
77223
77225
77229
77231
77232
77236
77237
77238
77239
77241
77242
77243
77244
77246
77247
77251
77253
77256
77257
77259
77260
77262
77263
77264
77267
77268
77269
77271
77272
77273
77274
77275
77276
77279
77280
77287
77289
77290
77291
77295
77296
77297
77298
77299
77302
77304
77305
77306
77307
77310
77313
77314
77315
77317
77326
77328
77329
77330
77332
77333
77335
77338
77340
77342
77343
77346
77347
77348
77352
77354
77356
77358
77359
77360
77361
77362
77369
77371
77373
77374
77375
77376
77381
77382
77383
77384
77385
77387
77388
77389
77392
77394
77396
77397
77398
77399
77400
77401
77403
77404
77408
77411
77412
77413
77417
77420
77421
77424
77426
77427
77428
77430
77431
77434
77436
77439
77442
77443
77444
77445
77448
77449
77451
77453
77454
77458
77459
77461
77462
77463
77466
77469
77471
77472
77473
77474
77475
77476
77477
77480
77481
77483
77484
77485
77487
77490
77491
77492
77493
77495
77497
77498
77500
77501
77502
77503
77504
77505
77506
77507
77508
77509
77510
77511
77514
77515
77516
77517
77518
77521
77522
77523
77526
77527
77528
77530
77531
77532
77533
77534
77536
77542
77543
77545
77549
77553
77554
77555
77560
77562
77565
77567
77568
77569
77570
77571
77572
77574
77577
77579
77581
77582
77584
77585
77586
77589
77591
77595
77596
77599
77600
77601
77602
77603
77604
77607
77608
77609
77610
77611
77613
77615
77617
77618
77622
77623
77625
77627
77629
77630
77633
77634
77637
77638
77639
77640
77642
77643
77645
77646
77647
77648
77649
77650
77651
77655
77663
77665
77666
77667
77668
77669
77670
77672
77674
77675
77678
77681
77682
77684
77686
77687
77688
77689
77691
77692
77695
77697
77698
77699
77702
77704
77707
77708
77714
77716
77717
77718
77720
77724
77725
77726
77727
77728
77729
77731
77733
77735
77736
77739
77742
77744
77747
77748
77751
77752
77753
77754
77756
77757
77764
77766
77770
77772
77775
77776
77777
77778
77779
77780
77781
77782
77786
77788
77789
77793
77796
77797
77799
77801
77804
77805
77806
77808
77809
77810
77811
77812
77813
77814
77815
77816
77819
77820
77821
77826
77828
77831
77834
77836
77838
77839
77841
77844
77845
77846
77852
77853
77856
77859
77860
77861
77863
77865
77866
77867
77870
77871
77872
77873
77874
77875
77876
77879
77880
77883
77884
77886
77889
77890
77892
77893
77894
77895
77899
77900
77901
77904
77906
77907
77908
77911
77914
77916
77917
77921
77922
77925
77926
77929
77931
77932
77935
77936
77937
77938
77939
77940
77941
77943
77946
77949
77950
77951
77955
77956
77957
77959
77961
77966
77969
77971
77974
77976
77980
77981
77982
77983
77984
77988
77989
77991
77992
77994
77996
77997
78001
78002
78004
78005
78007
78010
78011
78013
78014
78018
78020
78021
78023
78024
78025
78031
78032
78037
78042
78045
78046
78049
78050
78051
78054
78056
78058
78059
78060
78061
78062
78063
78067
78071
78072
78075
78076
78078
78079
78080
78081
78082
78084
78085
78086
78087
78089
78090
78091
78094
78096
78100
78102
78104
78110
78112
78115
78116
78117
78121
78123
78125
78126
78127
78128
78129
78132
78134
78138
78140
78142
78144
78145
78146
78147
78149
78150
78151
78152
78154
78155
78156
78157
78161
78164
78166
78167
78168
78170
78176
78178
78179
78180
78183
78185
78188
78189
78190
78191
78192
78193
78194
78195
78196
78198
78199
78202
78203
78205
78206
78207
78208
78209
78210
78211
78213
78220
78223
78224
78228
78229
78230
78233
78234
78235
78236
78237
78238
78239
78241
78242
78244
78246
78247
78250
78252
78253
78256
78257
78259
78265
78266
78267
78268
78270
78272
78273
78274
78275
78276
78278
78281
78284
78285
78286
78288
78291
78293
78294
78295
78296
78299
78302
78303
78304
78305
78306
78312
78313
78316
78317
78318
78319
78321
78324
78325
78329
78330
78331
78332
78333
78336
78338
78340
78344
78345
78346
78347
78350
78354
78355
78357
78358
78359
78361
78363
78364
78365
78367
78370
78371
78372
78374
78377
78379
78380
78381
78382
78385
78386
78387
78389
78392
78395
78396
78397
78398
78399
78400
78402
78403
78404
78408
78409
78411
78412
78413
78415
78416
78417
78419
78421
78422
78423
78424
78426
78427
78428
78429
78433
78434
78435
78438
78439
78440
78441
78443
78444
78448
78449
78451
78452
78453
78454
78455
78456
78458
78462
78465
78468
78471
78472
78474
78475
78476
78477
78479
78483
78484
78486
78493
78495
78497
78498
78499
78502
78503
78504
78505
78506
78508
78509
78510
78511
78512
78515
78519
78522
78524
78526
78528
78529
78533
78535
78536
78541
78543
78544
78548
78550
78551
78553
78555
78557
78559
78563
78565
78566
78570
78571
78572
78573
78574
78575
78576
78577
78578
78580
78581
78582
78585
78588
78590
78592
78594
78596
78597
78599
78601
78602
78603
78604
78607
78608
78610
78614
78619
78621
78622
78627
78630
78631
78633
78636
78640
78641
78643
78644
78645
78646
78651
78654
78655
78656
78657
78658
78659
78660
78661
78662
78663
78666
78667
78668
78669
78671
78673
78674
78675
78676
78679
78680
78681
78683
78685
78686
78691
78693
78694
78696
78698
78700
78701
78703
78704
78705
78709
78710
78713
78715
78716
78717
78719
78723
78724
78728
78729
78731
78732
78733
78734
78737
78738
78740
78741
78745
78746
78748
78749
78752
78753
78759
78761
78762
78766
78773
78774
78775
78776
78778
78780
78781
78782
78784
78786
78787
78789
78791
78793
78795
78796
78798
78799
78800
78802
78804
78806
78808
78810
78811
78812
78814
78817
78820
78823
78824
78825
78828
78830
78831
78839
78841
78842
78844
78849
78851
78852
78853
78854
78856
78858
78860
78863
78868
78870
78872
78873
78874
78876
78881
78884
78885
78887
78888
78890
78891
78892
78893
78895
78896
78898
78899
78900
78902
78903
78904
78907
78909
78910
78911
78912
78916
78918
78922
78925
78926
78928
78929
78931
78933
78934
78937
78940
78941
78942
78944
78945
78948
78949
78951
78953
78955
78957
78958
78959
78960
78961
78962
78964
78966
78967
78968
78969
78971
78973
78975
78979
78983
78986
78987
78988
78989
78990
78994
78995
78997
78998
79001
79006
79008
79009
79012
79013
79014
79017
79019
79022
79023
79028
79029
79032
79033
79034
79039
79041
79042
79045
79046
79047
79051
79052
79054
79056
79058
79059
79061
79062
79063
79064
79066
79068
79069
79071
79073
79074
79075
79077
79080
79082
79084
79087
79088
79089
79091
79096
79097
79100
79103
79105
79106
79108
79110
79117
79118
79119
79120
79122
79124
79127
79128
79129
79130
79131
79133
79135
79136
79137
79141
79142
79145
79147
79148
79149
79150
79151
79155
79156
79159
79161
79162
79166
79167
79169
79170
79172
79174
79178
79179
79180
79181
79187
79191
79192
79196
79197
79199
79200
79201
79203
79204
79205
79207
79208
79211
79212
79214
79216
79217
79218
79219
79221
79222
79223
79225
79226
79227
79228
79229
79230
79231
79233
79235
79236
79237
79240
79243
79245
79247
79249
79250
79251
79253
79254
79255
79256
79257
79258
79259
79261
79263
79264
79265
79267
79275
79278
79280
79281
79283
79287
79288
79289
79290
79291
79293
79295
79296
79297
79298
79299
79300
79301
79305
79306
79307
79308
79309
79310
79311
79312
79313
79314
79315
79317
79318
79322
79324
79325
79326
79327
79328
79329
79330
79333
79334
79335
79338
79340
79341
79343
79344
79345
79346
79347
79348
79349
79350
79351
79352
79353
79354
79358
79363
79364
79365
79367
79369
79380
79383
79384
79385
79386
79387
79388
79389
79391
79394
79396
79398
79401
79402
79403
79405
79408
79409
79413
79414
79415
79416
79417
79418
79420
79423
79424
79427
79428
79431
79432
79434
79436
79438
79439
79440
79442
79443
79444
79445
79447
79448
79451
79453
79454
79455
79458
79459
79462
79464
79465
79466
79467
79469
79470
79471
79472
79473
79474
79475
79476
79477
79480
79481
79482
79485
79486
79487
79488
79489
79491
79496
79498
79501
79502
79503
79506
79508
79509
79512
79515
79518
79520
79521
79522
79528
79530
79531
79533
79535
79540
79542
79543
79544
79545
79546
79548
79549
79550
79552
79556
79562
79563
79565
79566
79568
79571
79572
79575
79578
79579
79581
79583
79585
79587
79588
79590
79591
79592
79593
79594
79596
79597
79598
79600
79601
79606
79607
79608
79609
79610
79611
79612
79614
79615
79616
79617
79619
79620
79621
79622
79625
79626
79628
79634
79637
79638
79639
79640
79644
79646
79647
79649
79652
79653
79654
79655
79658
79659
79663
79664
79667
79668
79669
79670
79671
79672
79674
79676
79678
79680
79682
79683
79684
79686
79689
79691
79693
79694
79696
79699
79700
79701
79703
79704
79709
79710
79711
79713
79715
79716
79717
79718
79719
79720
79722
79723
79724
79729
79730
79731
79733
79734
79735
79736
79739
79742
79743
79744
79745
79748
79749
79750
79752
79755
79758
79760
79761
79762
79763
79764
79766
79767
79769
79770
79772
79773
79777
79778
79781
79783
79784
79785
79788
79789
79791
79793
79795
79797
79798
79799
79801
79803
79806
79807
79808
79811
79812
79813
79814
79816
79817
79821
79822
79823
79824
79825
79826
79827
79829
79831
79833
79835
79838
79839
79842
79844
79846
79847
79848
79849
79850
79851
79852
79853
79855
79857
79859
79860
79865
79866
79868
79870
79873
79874
79876
79877
79878
79880
79881
79882
79886
79887
79888
79889
79891
79896
79897
79900
79901
79902
79904
79905
79906
79907
79912
79914
79915
79922
79923
79924
79927
79931
79932
79935
79938
79940
79941
79948
79950
79951
79952
79953
79955
79956
79957
79958
79962
79963
79965
79968
79971
79972
79973
79974
79975
79977
79979
79981
79983
79985
79987
79990
79991
79993
79995
79996
79997
79998
79999
80002
80005
80008
80010
80011
80012
80015
80017
80018
80019
80020
80021
80022
80024
80030
80033
80035
80039
80041
80042
80045
80046
80047
80048
80052
80053
80056
80061
80062
80063
80064
80065
80066
80068
80069
80071
80072
80075
80077
80078
80079
80081
80083
80085
80086
80087
80088
80090
80092
80097
80098
80099
80100
80101
80104
80105
80106
80109
80110
80112
80113
80114
80117
80118
80119
80120
80122
80124
80126
80129
80134
80135
80136
80141
80142
80143
80144
80145
80146
80147
80149
80150
80151
80157
80158
80159
80160
80161
80162
80163
80164
80166
80167
80169
80170
80172
80174
80175
80178
80183
80184
80186
80189
80190
80192
80193
80194
80197
80198
80201
80206
80207
80208
80213
80214
80215
80217
80221
80222
80224
80225
80228
80229
80230
80231
80233
80238
80239
80240
80241
80242
80243
80244
80246
80247
80248
80249
80250
80251
80253
80254
80255
80256
80258
80259
80260
80265
80269
80270
80271
80272
80274
80277
80279
80280
80281
80282
80284
80289
80291
80292
80294
80296
80299
80302
80305
80306
80307
80308
80310
80312
80313
80316
80322
80323
80324
80325
80329
80332
80333
80334
80335
80338
80340
80341
80344
80345
80346
80358
80360
80361
80362
80366
80367
80370
80371
80373
80375
80377
80378
80381
80383
80385
80386
80387
80388
80389
80390
80391
80392
80395
80397
80398
80401
80403
80404
80409
80412
80413
80415
80418
80419
80420
80422
80424
80425
80426
80427
80428
80429
80430
80436
80439
80440
80442
80444
80445
80447
80448
80450
80451
80454
80455
80456
80462
80464
80465
80466
80467
80468
80469
80471
80475
80477
80480
80482
80484
80485
80486
80487
80489
80490
80492
80493
80494
80496
80497
80498
80501
80504
80506
80507
80508
80509
80513
80516
80518
80519
80520
80524
80526
80527
80531
80533
80534
80536
80537
80542
80543
80545
80546
80547
80548
80549
80550
80551
80555
80558
80559
80560
80562
80565
80566
80567
80568
80571
80573
80575
80577
80578
80579
80581
80586
80587
80588
80589
80590
80592
80593
80597
80598
80600
80601
80603
80604
80605
80606
80607
80609
80610
80611
80612
80615
80617
80618
80619
80620
80621
80622
80624
80626
80627
80628
80630
80632
80633
80634
80635
80636
80637
80638
80641
80642
80643
80644
80645
80646
80648
80649
80650
80652
80655
80657
80659
80660
80661
80663
80670
80671
80672
80675
80677
80678
80680
80681
80682
80683
80684
80685
80687
80688
80690
80691
80692
80697
80699
80700
80705
80706
80709
80710
80711
80714
80715
80716
80718
80722
80723
80725
80726
80729
80730
80731
80732
80734
80735
80737
80738
80746
80748
80751
80752
80753
80754
80757
80758
80759
80761
80762
80764
80765
80766
80768
80771
80772
80773
80774
80776
80781
80783
80786
80787
80790
80791
80792
80793
80795
80796
80797
80804
80806
80807
80809
80810
80812
80814
80817
80819
80822
80827
80828
80831
80832
80834
80837
80838
80839
80840
80841
80843
80846
80847
80849
80850
80852
80853
80861
80862
80863
80865
80866
80867
80869
80873
80874
80875
80877
80878
80879
80880
80881
80882
80883
80885
80886
80888
80892
80893
80896
80899
80903
80906
80912
80913
80915
80917
80919
80920
80922
80923
80926
80928
80929
80931
80936
80941
80945
80948
80954
80955
80957
80959
80960
80961
80962
80969
80970
80971
80974
80975
80976
80978
80979
80982
80983
80985
80996
80997
80998
81001
81002
81004
81006
81007
81008
81009
81010
81012
81014
81020
81023
81027
81030
81031
81033
81035
81038
81041
81042
81044
81046
81049
81050
81051
81053
81055
81056
81057
81059
81060
81061
81063
81064
81065
81068
81070
81071
81077
81078
81080
81081
81082
81083
81084
81087
81088
81089
81090
81092
81093
81094
81096
81099
81100
81102
81103
81105
81106
81107
81110
81111
81113
81115
81118
81121
81122
81124
81125
81126
81127
81128
81129
81130
81131
81132
81133
81135
81136
81137
81138
81141
81146
81148
81149
81151
81152
81153
81154
81155
81158
81161
81162
81163
81165
81167
81168
81169
81170
81172
81173
81174
81176
81178
81179
81180
81183
81184
81185
81186
81190
81191
81192
81193
81194
81196
81197
81199
81200
81201
81203
81204
81206
81207
81208
81209
81213
81214
81216
81221
81222
81223
81227
81228
81230
81232
81234
81235
81236
81237
81239
81242
81244
81245
81247
81248
81249
81252
81254
81257
81258
81259
81260
81263
81265
81266
81267
81270
81271
81273
81274
81278
81280
81281
81282
81283
81286
81288
81290
81291
81292
81295
81297
81299
81300
81301
81302
81304
81305
81308
81309
81310
81311
81312
81313
81314
81315
81316
81319
81322
81324
81325
81326
81327
81330
81331
81332
81333
81334
81335
81337
81338
81339
81340
81341
81342
81344
81349
81351
81353
81355
81356
81358
81359
81360
81363
81364
81365
81366
81367
81368
81370
81371
81375
81377
81378
81379
81380
81382
81383
81384
81386
81389
81390
81391
81392
81393
81396
81397
81399
81400
81402
81405
81406
81407
81408
81409
81410
81411
81413
81416
81417
81420
81421
81423
81424
81425
81427
81428
81429
81430
81431
81432
81433
81436
81438
81439
81440
81441
81442
81447
81448
81452
81459
81461
81465
81467
81470
81471
81472
81475
81476
81477
81480
81485
81486
81487
81488
81492
81493
81494
81496
81501
81502
81503
81506
81509
81510
81512
81513
81516
81517
81518
81519
81521
81522
81523
81525
81527
81529
81530
81531
81532
81533
81535
81536
81537
81539
81541
81544
81550
81551
81554
81555
81558
81559
81561
81563
81564
81567
81570
81572
81573
81574
81575
81576
81578
81579
81581
81583
81584
81585
81586
81587
81588
81590
81591
81593
81595
81597
81600
81604
81605
81606
81608
81611
81612
81613
81615
81616
81617
81618
81619
81620
81621
81622
81625
81626
81628
81629
81631
81632
81633
81636
81637
81639
81640
81641
81643
81644
81646
81650
81651
81654
81655
81656
81657
81658
81659
81662
81664
81670
81672
81674
81676
81679
81680
81682
81683
81685
81686
81690
81691
81694
81698
81701
81702
81704
81705
81706
81707
81708
81709
81712
81715
81717
81720
81721
81722
81723
81724
81725
81726
81727
81728
81730
81732
81734
81735
81738
81739
81741
81743
81744
81745
81747
81748
81751
81753
81756
81760
81765
81766
81767
81769
81770
81771
81772
81775
81783
81787
81788
81789
81790
81791
81794
81795
81796
81799
81804
81806
81808
81809
81811
81814
81815
81817
81821
81822
81824
81825
81827
81830
81831
81833
81834
81836
81837
81838
81839
81840
81842
81844
81846
81849
81850
81852
81854
81855
81857
81859
81861
81864
81865
81867
81868
81869
81870
81871
81872
81873
81874
81875
81876
81878
81880
81882
81883
81887
81890
81892
81893
81897
81902
81904
81905
81906
81907
81909
81911
81912
81913
81917
81918
81922
81923
81925
81932
81933
81934
81937
81941
81944
81946
81949
81951
81953
81954
81957
81958
81959
81960
81962
81964
81966
81967
81968
81969
81971
81975
81978
81979
81980
81981
81982
81983
81987
81988
81991
81992
81994
81996
81997
81998
81999
82000
82003
82004
82005
82006
82007
82008
82012
82013
82015
82016
82017
82018
82019
82024
82025
82026
82027
82028
82030
82032
82033
82035
82036
82037
82040
82043
82044
82045
82047
82048
82050
82051
82052
82053
82054
82055
82056
82057
82058
82060
82061
82062
82064
82065
82069
82072
82073
82074
82075
82076
82077
82078
82080
82081
82082
82083
82086
82087
82089
82091
82092
82094
82096
82097
82099
82100
82101
82102
82103
82104
82105
82106
82107
82109
82110
82113
82115
82117
82118
82122
82126
82129
82131
82132
82133
82136
82137
82139
82142
82143
82145
82146
82148
82149
82150
82152
82153
82157
82158
82159
82161
82165
82170
82173
82176
82177
82178
82179
82180
82183
82187
82188
82190
82191
82192
82193
82194
82197
82198
82199
82201
82204
82205
82206
82210
82212
82215
82216
82217
82219
82220
82221
82222
82224
82226
82227
82231
82232
82233
82234
82236
82238
82240
82241
82243
82244
82245
82247
82248
82250
82252
82253
82254
82255
82256
82258
82259
82261
82262
82263
82265
82266
82267
82268
82270
82271
82273
82274
82276
82277
82279
82283
82284
82285
82286
82288
82289
82290
82293
82294
82295
82296
82297
82298
82300
82301
82302
82303
82304
82305
82306
82307
82309
82310
82314
82316
82317
82319
82322
82323
82324
82325
82328
82329
82331
82332
82337
82339
82340
82341
82344
82347
82351
82353
82357
82358
82359
82360
82363
82364
82369
82370
82374
82375
82378
82380
82381
82382
82383
82387
82388
82391
82393
82395
82397
82398
82399
82401
82402
82404
82409
82410
82412
82413
82414
82420
82424
82425
82427
82428
82430
82432
82433
82435
82438
82440
82442
82443
82444
82445
82446
82447
82449
82450
82452
82455
82460
82464
82466
82469
82470
82472
82473
82474
82475
82476
82478
82481
82482
82487
82488
82492
82494
82495
82498
82500
82503
82504
82506
82507
82508
82509
82510
82511
82514
82515
82516
82517
82520
82521
82522
82524
82525
82529
82533
82534
82536
82537
82543
82544
82546
82548
82551
82552
82557
82558
82559
82561
82564
82566
82568
82569
82573
82574
82577
82578
82579
82581
82582
82583
82584
82586
82587
82588
82589
82590
82592
82593
82595
82596
82597
82599
82601
82602
82603
82604
82606
82608
82609
82611
82612
82613
82614
82615
82616
82619
82620
82621
82624
82626
82627
82628
82629
82631
82632
82634
82636
82638
82640
82642
82644
82645
82648
82651
82652
82653
82655
82656
82657
82659
82661
82663
82665
82666
82669
82672
82675
82676
82677
82678
82679
82682
82684
82687
82688
82689
82690
82691
82693
82694
82696
82697
82698
82699
82700
82702
82704
82705
82707
82708
82710
82711
82712
82713
82715
82716
82718
82721
82723
82724
82725
82729
82731
82732
82733
82734
82735
82738
82739
82740
82744
82745
82746
82747
82749
82750
82751
82752
82753
82755
82757
82759
82762
82763
82764
82766
82767
82768
82769
82770
82771
82773
82776
82777
82778
82780
82783
82784
82785
82786
82787
82788
82790
82792
82797
82798
82799
82803
82805
82807
82808
82809
82811
82812
82813
82815
82817
82819
82821
82822
82823
82827
82829
82830
82833
82837
82838
82839
82840
82841
82842
82843
82848
82850
82851
82854
82855
82857
82858
82859
82860
82861
82864
82865
82866
82868
82869
82873
82874
82875
82877
82878
82881
82883
82884
82885
82888
82889
82890
82891
82892
82893
82897
82899
82900
82901
82907
82908
82909
82910
82912
82913
82914
82916
82920
82923
82924
82925
82927
82928
82929
82931
82932
82937
82942
82944
82945
82947
82948
82949
82951
82952
82953
82954
82956
82960
82961
82962
82963
82967
82968
82969
82974
82975
82976
82981
82986
82987
82988
82990
82993
82994
82995
82997
83000
83001
83008
83009
83011
83012
83013
83014
83015
83017
83020
83021
83022
83024
83029
83031
83032
83033
83034
83035
83036
83037
83039
83046
83047
83048
83050
83051
83054
83057
83059
83064
83065
83066
83067
83069
83071
83073
83075
83076
83079
83080
83081
83082
83083
83084
83086
83087
83090
83093
83094
83095
83096
83097
83100
83101
83102
83107
83109
83111
83112
83116
83117
83119
83120
83123
83124
83125
83127
83128
83130
83131
83132
83136
83138
83139
83140
83141
83143
83144
83145
83146
83148
83149
83150
83151
83152
83153
83154
83155
83156
83157
83158
83159
83161
83162
83164
83166
83170
83171
83177
83181
83182
83184
83185
83188
83191
83192
83195
83196
83197
83198
83199
83202
83206
83207
83208
83209
83210
83212
83213
83214
83216
83218
83219
83220
83222
83223
83224
83229
83231
83234
83237
83238
83240
83243
83244
83247
83249
83250
83253
83260
83262
83265
83266
83269
83270
83271
83272
83273
83274
83280
83283
83285
83287
83291
83292
83293
83295
83296
83297
83298
83302
83303
83304
83306
83307
83309
83315
83317
83319
83323
83325
83326
83328
83329
83330
83331
83334
83336
83337
83338
83339
83340
83341
83342
83343
83344
83345
83351
83352
83353
83355
83356
83357
83358
83359
83360
83362
83364
83365
83366
83368
83369
83370
83371
83372
83374
83376
83378
83380
83385
83386
83387
83388
83389
83390
83391
83392
83394
83396
83398
83399
83400
83402
83403
83404
83407
83415
83416
83418
83419
83420
83421
83422
83424
83425
83426
83427
83428
83429
83430
83432
83436
83437
83441
83445
83446
83449
83451
83454
83456
83457
83458
83459
83464
83465
83470
83472
83475
83476
83478
83479
83480
83484
83485
83486
83489
83491
83492
83493
83494
83497
83499
83500
83505
83506
83508
83509
83510
83511
83512
83515
83518
83521
83523
83525
83526
83527
83528
83529
83530
83532
83535
83536
83538
83539
83540
83541
83544
83545
83546
83548
83549
83550
83551
83554
83556
83557
83558
83559
83560
83561
83563
83564
83565
83567
83569
83574
83575
83579
83580
83582
83583
83584
83585
83588
83589
83590
83593
83597
83600
83601
83602
83603
83604
83605
83606
83608
83611
83613
83616
83618
83621
83622
83623
83625
83626
83627
83628
83629
83631
83632
83635
83638
83639
83641
83643
83645
83646
83647
83648
83649
83651
83656
83658
83659
83660
83661
83665
83670
83671
83672
83674
83676
83677
83678
83679
83681
83682
83684
83686
83687
83688
83690
83691
83693
83694
83696
83698
83699
83700
83702
83704
83706
83707
83708
83709
83711
83712
83713
83714
83716
83718
83721
83722
83724
83727
83728
83730
83731
83735
83737
83738
83739
83740
83742
83744
83745
83747
83749
83750
83752
83753
83754
83755
83756
83760
83761
83763
83764
83765
83766
83767
83768
83769
83772
83773
83777
83780
83781
83783
83788
83789
83794
83797
83800
83801
83802
83803
83805
83806
83807
83808
83810
83811
83812
83813
83817
83819
83820
83822
83823
83825
83827
83828
83831
83832
83834
83836
83837
83838
83839
83840
83842
83844
83847
83849
83850
83851
83854
83855
83858
83859
83861
83862
83866
83868
83869
83870
83871
83872
83873
83874
83876
83877
83878
83879
83883
83887
83888
83889
83893
83894
83895
83896
83898
83899
83900
83901
83903
83904
83905
83907
83908
83910
83911
83912
83913
83914
83915
83916
83917
83918
83921
83924
83926
83933
83934
83935
83936
83937
83941
83943
83944
83945
83946
83950
83953
83954
83957
83960
83961
83963
83965
83968
83970
83975
83976
83977
83978
83979
83980
83983
83984
83985
83986
83988
83990
83994
83996
83998
83999
84000
84001
84002
84003
84006
84009
84010
84011
84013
84014
84017
84018
84019
84020
84021
84023
84024
84025
84026
84027
84028
84030
84031
84032
84033
84035
84036
84038
84039
84041
84043
84044
84046
84047
84049
84050
84053
84056
84057
84058
84059
84060
84063
84064
84066
84067
84068
84071
84072
84073
84074
84076
84079
84080
84085
84087
84088
84091
84092
84094
84095
84096
84097
84100
84101
84102
84103
84107
84108
84114
84116
84118
84120
84122
84126
84127
84128
84129
84134
84135
84137
84138
84139
84140
84141
84142
84143
84144
84145
84146
84147
84156
84157
84158
84159
84160
84168
84169
84170
84171
84174
84175
84179
84180
84181
84182
84184
84185
84187
84188
84191
84193
84195
84198
84200
84201
84202
84204
84205
84206
84207
84208
84210
84211
84213
84215
84216
84218
84219
84220
84222
84224
84225
84228
84229
84231
84233
84234
84235
84237
84240
84243
84246
84247
84250
84253
84254
84255
84256
84259
84260
84262
84265
84266
84268
84270
84271
84272
84274
84275
84278
84280
84282
84284
84285
84287
84288
84290
84291
84292
84293
84294
84295
84297
84298
84300
84301
84304
84307
84308
84309
84310
84311
84312
84313
84315
84316
84317
84318
84321
84322
84325
84326
84327
84328
84331
84333
84334
84335
84336
84338
84339
84341
84342
84344
84346
84348
84350
84351
84352
84353
84354
84355
84356
84357
84358
84360
84361
84363
84364
84365
84370
84371
84372
84374
84375
84376
84378
84379
84381
84388
84389
84392
84393
84394
84397
84398
84400
84401
84402
84405
84406
84409
84411
84413
84414
84415
84416
84417
84429
84432
84433
84438
84440
84441
84442
84444
84446
84447
84448
84449
84454
84457
84459
84461
84471
84473
84477
84480
84481
84483
84484
84486
84487
84488
84489
84491
84492
84493
84495
84496
84498
84500
84502
84503
84504
84505
84507
84508
84511
84512
84517
84518
84519
84520
84521
84522
84523
84524
84527
84528
84529
84532
84533
84534
84535
84537
84538
84540
84541
84544
84545
84547
84548
84549
84550
84552
84553
84556
84558
84560
84561
84563
84564
84565
84567
84568
84569
84570
84572
84573
84579
84581
84583
84584
84585
84586
84587
84588
84589
84591
84593
84594
84595
84596
84598
84599
84603
84605
84607
84608
84609
84611
84613
84614
84617
84620
84626
84628
84629
84631
84632
84633
84636
84637
84640
84641
84643
84645
84646
84647
84648
84649
84652
84658
84659
84660
84667
84668
84673
84674
84675
84676
84677
84679
84680
84681
84682
84683
84685
84686
84688
84691
84693
84696
84697
84698
84699
84700
84701
84702
84705
84706
84713
84714
84716
84718
84722
84724
84725
84726
84728
84731
84734
84735
84737
84740
84743
84745
84746
84747
84750
84753
84755
84756
84759
84761
84765
84769
84770
84771
84773
84776
84780
84781
84783
84786
84787
84788
84790
84792
84793
84794
84801
84802
84803
84804
84805
84806
84807
84809
84810
84811
84812
84814
84818
84821
84822
84825
84829
84831
84832
84834
84835
84836
84840
84841
84842
84844
84847
84848
84849
84851
84852
84853
84854
84855
84857
84858
84859
84862
84863
84865
84866
84869
84870
84871
84872
84873
84875
84877
84879
84881
84884
84885
84886
84887
84888
84890
84891
84892
84893
84894
84900
84903
84905
84907
84910
84911
84912
84913
84917
84919
84920
84921
84922
84923
84926
84930
84934
84937
84938
84939
84943
84945
84946
84948
84949
84950
84952
84953
84955
84956
84957
84961
84964
84966
84969
84971
84972
84973
84974
84976
84979
84980
84981
84982
84983
84984
84985
84986
84987
84988
84990
84991
84992
84993
84994
84995
84997
84998
84999
85000
85002
85003
85005
85007
85008
85009
85010
85011
85014
85015
85017
85018
85020
85021
85027
85030
85031
85033
85035
85037
85038
85039
85041
85043
85044
85046
85047
85054
85056
85057
85058
85059
85060
85062
85063
85066
85070
85071
85072
85073
85078
85080
85087
85090
85091
85092
85093
85094
85095
85097
85098
85099
85102
85103
85104
85107
85108
85109
85110
85111
85113
85114
85116
85117
85120
85123
85125
85126
85127
85129
85130
85131
85132
85135
85136
85139
85140
85141
85142
85144
85146
85147
85148
85150
85151
85152
85154
85156
85159
85162
85164
85166
85169
85171
85172
85173
85174
85176
85177
85179
85180
85181
85182
85183
85184
85186
85188
85193
85194
85195
85198
85199
85201
85202
85203
85205
85207
85208
85210
85211
85213
85214
85216
85217
85218
85219
85220
85223
85225
85226
85229
85231
85232
85233
85234
85235
85239
85241
85244
85246
85247
85248
85249
85250
85251
85255
85257
85260
85263
85264
85265
85266
85268
85270
85273
85274
85275
85276
85278
85279
85280
85282
85283
85284
85286
85288
85292
85293
85295
85298
85302
85305
85307
85308
85310
85311
85312
85313
85314
85316
85317
85318
85322
85323
85325
85326
85327
85331
85335
85340
85341
85342
85345
85346
85348
85349
85351
85353
85357
85358
85360
85362
85364
85365
85366
85369
85370
85374
85376
85378
85379
85383
85388
85390
85393
85394
85398
85399
85400
85401
85403
85405
85408
85413
85414
85415
85418
85420
85422
85426
85427
85428
85432
85433
85434
85435
85436
85439
85440
85441
85443
85444
85445
85447
85448
85449
85450
85454
85455
85456
85457
85458
85459
85460
85464
85465
85467
85469
85470
85472
85477
85478
85479
85480
85483
85484
85486
85488
85490
85491
85492
85496
85497
85499
85501
85504
85508
85510
85514
85515
85516
85520
85521
85522
85524
85526
85527
85529
85531
85532
85534
85535
85536
85537
85538
85539
85540
85541
85543
85545
85546
85550
85551
85552
85553
85556
85557
85558
85561
85562
85563
85564
85565
85567
85568
85569
85570
85572
85573
85575
85576
85579
85583
85584
85587
85589
85590
85593
85595
85596
85598
85602
85603
85605
85606
85609
85611
85612
85613
85616
85617
85619
85620
85623
85624
85625
85628
85630
85631
85633
85634
85635
85636
85638
85639
85641
85642
85644
85646
85647
85648
85650
85651
85653
85654
85656
85658
85659
85661
85663
85664
85665
85667
85671
85675
85677
85679
85681
85684
85685
85688
85691
85692
85693
85694
85695
85699
85704
85705
85707
85708
85710
85711
85713
85714
85715
85716
85717
85718
85719
85720
85728
85729
85730
85732
85733
85734
85735
85739
85740
85741
85742
85743
85744
85745
85751
85753
85754
85756
85760
85767
85768
85770
85772
85774
85776
85777
85779
85781
85782
85786
85787
85788
85789
85791
85792
85794
85796
85797
85798
85799
85800
85802
85804
85807
85808
85814
85815
85821
85822
85824
85825
85826
85827
85829
85831
85833
85836
85837
85838
85841
85842
85845
85848
85852
85853
85855
85859
85864
85866
85867
85868
85869
85872
85873
85874
85876
85878
85879
85880
85881
85884
85885
85886
85889
85892
85893
85894
85895
85896
85897
85898
85900
85902
85904
85905
85908
85912
85917
85919
85921
85922
85923
85926
85927
85928
85929
85930
85931
85936
85939
85942
85943
85945
85946
85948
85949
85950
85954
85955
85956
85957
85959
85960
85963
85964
85965
85966
85967
85970
85972
85973
85978
85980
85983
85984
85985
85987
85988
85990
85992
85993
85994
85996
85998
85999
86001
86002
86003
86007
86010
86014
86017
86018
86020
86022
86029
86030
86031
86032
86033
86035
86036
86037
86044
86046
86047
86048
86049
86051
86052
86055
86056
86058
86060
86062
86063
86064
86065
86066
86067
86068
86070
86075
86076
86081
86082
86083
86087
86088
86091
86093
86094
86096
86098
86100
86102
86103
86105
86106
86107
86108
86112
86113
86115
86116
86119
86124
86125
86127
86128
86129
86130
86131
86132
86133
86134
86135
86139
86140
86144
86145
86148
86149
86150
86151
86155
86156
86157
86158
86159
86160
86161
86162
86163
86168
86169
86170
86171
86173
86174
86175
86176
86178
86180
86183
86185
86190
86191
86193
86195
86198
86199
86201
86203
86204
86207
86209
86212
86213
86215
86216
86221
86222
86223
86224
86225
86228
86229
86231
86234
86235
86236
86237
86239
86240
86243
86244
86245
86247
86249
86250
86252
86256
86258
86260
86262
86263
86266
86267
86270
86271
86272
86275
86278
86279
86282
86283
86284
86285
86286
86287
86288
86289
86290
86291
86294
86297
86298
86299
86301
86302
86304
86308
86310
86315
86316
86318
86319
86320
86323
86324
86327
86333
86334
86336
86337
86340
86341
86346
86347
86351
86353
86354
86358
86359
86361
86362
86364
86367
86368
86369
86370
86371
86374
86375
86377
86378
86379
86381
86384
86385
86388
86391
86392
86396
86399
86401
86402
86403
86405
86406
86407
86408
86409
86410
86412
86413
86415
86417
86419
86420
86422
86423
86424
86425
86427
86430
86431
86435
86443
86444
86445
86449
86452
86455
86456
86457
86459
86460
86461
86464
86466
86467
86469
86471
86472
86473
86474
86475
86476
86478
86479
86480
86482
86483
86485
86489
86490
86491
86492
86494
86497
86498
86499
86502
86504
86506
86507
86508
86513
86514
86515
86518
86520
86521
86524
86528
86531
86532
86533
86538
86539
86540
86541
86546
86549
86550
86553
86554
86555
86558
86561
86562
86563
86564
86569
86570
86572
86573
86574
86576
86578
86579
86580
86582
86584
86588
86589
86590
86591
86592
86593
86594
86595
86601
86604
86605
86606
86609
86610
86611
86613
86616
86619
86623
86624
86628
86629
86630
86631
86632
86633
86634
86635
86638
86644
86645
86646
86647
86650
86651
86652
86657
86659
86660
86668
86670
86671
86672
86676
86679
86683
86684
86685
86687
86688
86689
86690
86691
86692
86694
86696
86698
86699
86700
86702
86703
86704
86705
86707
86712
86713
86715
86716
86718
86721
86722
86723
86725
86726
86727
86728
86729
86731
86732
86734
86735
86736
86738
86739
86742
86743
86745
86746
86747
86748
86749
86751
86752
86757
86759
86762
86767
86768
86770
86771
86772
86773
86774
86775
86776
86778
86780
86782
86786
86788
86791
86792
86793
86794
86795
86796
86797
86800
86801
86802
86805
86806
86807
86808
86809
86810
86812
86817
86818
86820
86821
86822
86823
86826
86827
86833
86838
86839
86841
86842
86843
86844
86852
86854
86855
86856
86857
86858
86863
86864
86868
86869
86870
86871
86873
86875
86876
86877
86878
86879
86880
86881
86884
86885
86886
86887
86890
86893
86896
86897
86898
86899
86900
86903
86904
86907
86909
86912
86913
86914
86918
86919
86920
86921
86922
86923
86924
86925
86927
86928
86930
86931
86932
86935
86936
86937
86938
86939
86940
86943
86944
86946
86947
86948
86949
86950
86951
86952
86953
86954
86956
86958
86959
86961
86964
86965
86967
86972
86973
86975
86977
86979
86980
86981
86982
86983
86985
86986
86989
86995
86996
86999
87003
87006
87008
87010
87011
87012
87013
87014
87017
87018
87019
87020
87023
87024
87026
87028
87029
87030
87032
87035
87036
87039
87040
87043
87045
87047
87051
87052
87053
87054
87055
87056
87057
87058
87059
87060
87063
87065
87067
87068
87069
87070
87071
87072
87073
87080
87085
87086
87091
87093
87095
87096
87097
87098
87103
87108
87109
87110
87112
87114
87118
87120
87122
87123
87124
87125
87131
87133
87135
87137
87138
87140
87141
87148
87149
87151
87152
87153
87156
87157
87158
87161
87162
87164
87165
87170
87175
87178
87180
87181
87183
87188
87189
87190
87192
87194
87195
87196
87197
87200
87202
87210
87212
87214
87218
87219
87220
87221
87227
87230
87232
87234
87235
87236
87237
87241
87242
87243
87244
87246
87248
87250
87253
87254
87255
87256
87259
87260
87263
87264
87269
87270
87274
87276
87277
87280
87281
87282
87285
87286
87289
87290
87291
87292
87294
87296
87298
87304
87306
87309
87310
87312
87314
87317
87320
87321
87322
87324
87325
87336
87337
87338
87340
87341
87342
87343
87344
87347
87350
87354
87355
87356
87357
87359
87361
87363
87366
87368
87373
87374
87376
87377
87378
87379
87380
87381
87384
87387
87388
87391
87394
87395
87396
87397
87398
87400
87401
87402
87403
87405
87406
87408
87410
87411
87413
87416
87418
87419
87420
87421
87422
87424
87425
87426
87428
87429
87434
87435
87439
87440
87441
87445
87447
87449
87450
87451
87452
87453
87456
87457
87459
87461
87462
87465
87467
87469
87470
87471
87472
87473
87474
87476
87478
87484
87485
87486
87487
87488
87489
87493
87494
87495
87496
87497
87498
87501
87502
87506
87507
87509
87511
87516
87517
87522
87524
87527
87528
87529
87530
87531
87534
87537
87538
87539
87540
87541
87544
87549
87551
87552
87553
87555
87557
87559
87560
87562
87563
87567
87569
87571
87572
87576
87577
87578
87583
87585
87587
87590
87592
87595
87598
87600
87602
87603
87605
87608
87612
87614
87617
87618
87620
87622
87624
87626
87628
87629
87630
87631
87632
87634
87636
87637
87641
87642
87643
87645
87649
87651
87652
87654
87655
87657
87658
87660
87661
87663
87664
87670
87673
87674
87676
87678
87679
87680
87681
87684
87685
87686
87687
87689
87690
87693
87695
87696
87699
87701
87705
87706
87708
87709
87711
87712
87715
87720
87725
87727
87730
87732
87735
87736
87738
87740
87742
87743
87748
87749
87750
87754
87755
87756
87757
87760
87763
87764
87766
87767
87769
87770
87772
87773
87777
87782
87783
87789
87793
87795
87796
87798
87799
87800
87801
87802
87804
87805
87806
87808
87809
87810
87812
87813
87814
87818
87819
87821
87823
87824
87829
87830
87831
87833
87835
87837
87838
87840
87842
87843
87847
87848
87849
87850
87851
87852
87853
87856
87858
87859
87862
87864
87867
87871
87872
87874
87875
87877
87879
87881
87882
87885
87887
87890
87891
87895
87896
87897
87903
87904
87905
87907
87908
87910
87911
87912
87915
87916
87917
87919
87920
87922
87924
87925
87929
87931
87936
87937
87938
87941
87942
87943
87948
87949
87951
87954
87956
87957
87958
87959
87965
87968
87976
87978
87979
87980
87981
87983
87986
87987
87990
87994
87998
88000
88001
88007
88010
88012
88017
88018
88019
88020
88026
88028
88029
88030
88031
88034
88039
88040
88044
88047
88048
88049
88051
88052
88058
88059
88061
88064
88066
88067
88070
88072
88073
88076
88077
88080
88081
88083
88084
88086
88087
88091
88093
88094
88099
88100
88102
88103
88104
88105
88106
88112
88113
88114
88116
88117
88118
88120
88121
88126
88128
88129
88130
88133
88137
88140
88143
88148
88149
88153
88154
88158
88160
88161
88163
88165
88166
88167
88169
88173
88175
88186
88187
88189
88190
88191
88192
88195
88196
88197
88199
88206
88210
88211
88212
88213
88215
88217
88219
88220
88222
88223
88224
88225
88226
88229
88233
88234
88239
88241
88244
88247
88249
88250
88251
88252
88254
88255
88260
88262
88265
88266
88269
88270
88271
88273
88276
88279
88280
88281
88282
88284
88285
88288
88289
88290
88292
88293
88294
88295
88296
88297
88298
88301
88302
88303
88305
88308
88309
88310
88311
88312
88315
88321
88323
88325
88326
88327
88329
88331
88333
88335
88336
88341
88342
88343
88344
88345
88346
88347
88349
88351
88352
88353
88355
88356
88357
88358
88360
88361
88367
88369
88371
88373
88376
88380
88381
88383
88384
88386
88387
88388
88389
88390
88393
88394
88395
88397
88398
88400
88401
88404
88405
88406
88407
88408
88409
88410
88413
88414
88416
88417
88421
88422
88427
88428
88429
88431
88432
88433
88434
88435
88438
88439
88441
88443
88444
88445
88447
88448
88449
88450
88453
88454
88455
88457
88460
88462
88463
88464
88466
88468
88469
88472
88473
88476
88479
88481
88483
88485
88486
88487
88488
88489
88490
88491
88492
88493
88494
88495
88497
88500
88501
88506
88507
88516
88517
88518
88519
88520
88523
88524
88525
88526
88527
88529
88530
88532
88533
88534
88537
88538
88542
88544
88546
88548
88551
88553
88554
88555
88557
88558
88559
88560
88561
88562
88563
88565
88566
88567
88568
88569
88570
88573
88575
88577
88584
88585
88586
88587
88591
88592
88593
88594
88596
88599
88601
88602
88603
88604
88605
88606
88611
88613
88616
88618
88620
88621
88622
88624
88625
88626
88627
88628
88632
88633
88636
88641
88643
88645
88646
88648
88649
88650
88651
88652
88654
88656
88657
88659
88660
88661
88662
88663
88664
88665
88666
88668
88671
88672
88674
88675
88677
88678
88679
88680
88681
88683
88684
88686
88689
88690
88692
88693
88694
88695
88698
88706
88708
88709
88711
88712
88713
88714
88715
88716
88717
88719
88720
88721
88727
88728
88729
88731
88732
88734
88735
88736
88737
88739
88742
88743
88744
88748
88749
88750
88754
88759
88760
88762
88763
88766
88767
88768
88771
88773
88778
88779
88780
88781
88782
88783
88784
88785
88788
88789
88790
88791
88792
88793
88796
88797
88800
88801
88802
88803
88805
88807
88812
88814
88816
88817
88818
88819
88820
88821
88822
88823
88824
88828
88829
88830
88831
88832
88835
88836
88838
88839
88841
88842
88844
88845
88848
88849
88850
88851
88852
88853
88854
88855
88856
88858
88859
88860
88861
88862
88863
88864
88865
88868
88869
88871
88873
88876
88878
88881
88882
88883
88884
88887
88888
88891
88892
88893
88895
88896
88897
88898
88899
88901
88905
88908
88911
88912
88913
88918
88923
88929
88933
88934
88936
88937
88938
88941
88943
88944
88945
88946
88947
88949
88951
88953
88954
88957
88958
88960
88961
88962
88966
88967
88972
88974
88976
88977
88980
88981
88982
88983
88984
88986
88988
88989
88992
88994
88996
88997
88998
88999
89001
89003
89005
89006
89007
89010
89013
89015
89016
89020
89022
89024
89026
89028
89030
89031
89032
89033
89037
89039
89041
89043
89044
89045
89046
89050
89051
89052
89053
89054
89055
89058
89059
89064
89065
89071
89075
89076
89079
89081
89082
89085
89086
89089
89090
89093
89094
89096
89097
89098
89100
89101
89102
89105
89106
89107
89110
89111
89112
89115
89119
89120
89121
89122
89123
89125
89127
89129
89130
89131
89132
89133
89134
89135
89137
89138
89142
89143
89147
89150
89151
89153
89157
89158
89159
89160
89162
89163
89164
89170
89171
89172
89174
89175
89176
89178
89179
89181
89183
89185
89188
89189
89192
89194
89195
89196
89200
89201
89202
89204
89205
89207
89209
89211
89212
89213
89219
89220
89222
89226
89227
89230
89234
89236
89237
89238
89239
89240
89241
89242
89244
89245
89248
89249
89250
89251
89253
89257
89258
89260
89263
89268
89269
89270
89272
89274
89275
89276
89277
89279
89281
89282
89284
89288
89290
89291
89292
89293
89294
89295
89298
89299
89300
89301
89302
89303
89304
89306
89308
89311
89312
89314
89315
89317
89319
89320
89321
89324
89325
89328
89329
89330
89331
89332
89333
89334
89340
89342
89343
89344
89345
89346
89348
89349
89350
89352
89354
89356
89360
89361
89363
89364
89365
89369
89372
89374
89375
89377
89380
89381
89383
89384
89385
89386
89388
89389
89393
89402
89403
89404
89405
89406
89408
89409
89410
89411
89413
89417
89418
89419
89426
89428
89429
89430
89433
89435
89437
89438
89439
89443
89444
89446
89449
89450
89454
89459
89460
89461
89462
89465
89466
89468
89470
89474
89477
89478
89479
89480
89482
89483
89484
89485
89486
89489
89492
89495
89497
89498
89499
89501
89502
89503
89509
89510
89513
89514
89517
89519
89520
89521
89525
89527
89528
89529
89532
89534
89537
89538
89540
89543
89544
89545
89547
89549
89551
89552
89554
89555
89558
89559
89561
89562
89567
89570
89575
89576
89577
89579
89581
89583
89595
89596
89598
89599
89600
89601
89602
89603
89604
89607
89609
89614
89619
89620
89621
89622
89624
89626
89631
89632
89635
89637
89639
89642
89643
89644
89647
89651
89652
89653
89654
89655
89657
89661
89667
89668
89672
89674
89677
89678
89679
89680
89683
89687
89688
89689
89690
89691
89692
89695
89698
89699
89700
89701
89702
89705
89706
89707
89708
89709
89711
89712
89713
89714
89716
89718
89719
89721
89723
89725
89726
89727
89730
89731
89734
89735
89737
89743
89744
89745
89750
89752
89754
89755
89760
89763
89764
89766
89768
89769
89771
89772
89774
89775
89776
89779
89782
89784
89786
89788
89790
89792
89793
89794
89798
89799
89800
89806
89808
89809
89810
89814
89815
89816
89820
89822
89823
89824
89827
89829
89831
89833
89834
89835
89836
89838
89841
89842
89846
89848
89851
89852
89858
89859
89861
89862
89865
89867
89869
89871
89873
89874
89875
89876
89878
89880
89882
89883
89884
89886
89887
89890
89891
89892
89893
89894
89895
89896
89900
89901
89903
89904
89907
89908
89909
89910
89911
89912
89913
89916
89917
89924
89927
89928
89930
89931
89935
89940
89943
89944
89945
89947
89949
89950
89953
89954
89956
89958
89964
89965
89969
89972
89974
89975
89976
89977
89978
89982
89983
89984
89990
89992
89993
89994
89996
89998
89999
90000
90002
90004
90005
90006
90007
90010
90012
90013
90014
90015
90016
90017
90019
90020
90030
90032
90033
90034
90037
90050
90052
90054
90055
90056
90058
90060
90061
90062
90063
90064
90066
90069
90070
90072
90077
90079
90084
90086
90087
90089
90090
90095
90096
90098
90099
90101
90103
90105
90106
90110
90111
90114
90116
90117
90119
90120
90121
90123
90124
90126
90127
90129
90130
90131
90133
90135
90136
90137
90140
90141
90142
90146
90150
90151
90152
90154
90156
90158
90162
90163
90164
90165
90167
90168
90171
90177
90178
90180
90183
90185
90188
90190
90191
90193
90196
90197
90199
90202
90203
90204
90205
90208
90209
90210
90211
90213
90214
90215
90216
90218
90219
90220
90224
90225
90226
90227
90231
90233
90234
90235
90236
90238
90239
90241
90242
90244
90246
90248
90249
90250
90251
90252
90253
90255
90258
90263
90270
90273
90274
90275
90277
90278
90280
90282
90283
90284
90285
90286
90290
90291
90292
90293
90294
90296
90300
90301
90302
90303
90305
90307
90309
90310
90311
90312
90313
90315
90318
90320
90322
90324
90325
90327
90329
90332
90334
90336
90342
90344
90345
90346
90349
90350
90352
90354
90356
90358
90360
90364
90368
90371
90372
90374
90375
90376
90377
90379
90381
90382
90383
90384
90385
90387
90389
90391
90392
90395
90396
90399
90400
90402
90403
90404
90405
90406
90407
90410
90414
90415
90416
90418
90419
90422
90423
90424
90426
90428
90430
90433
90434
90436
90437
90439
90440
90443
90444
90448
90451
90452
90453
90454
90455
90456
90457
90458
90459
90461
90463
90464
90467
90468
90470
90471
90472
90473
90474
90479
90480
90481
90482
90483
90485
90486
90487
90488
90489
90493
90494
90495
90496
90497
90499
90504
90505
90509
90514
90515
90519
90520
90522
90524
90526
90527
90529
90532
90533
90534
90535
90536
90538
90540
90544
90545
90549
90551
90552
90554
90556
90559
90560
90564
90566
90568
90569
90571
90572
90574
90575
90576
90577
90578
90579
90580
90582
90586
90588
90592
90594
90595
90596
90597
90599
90600
90601
90602
90603
90605
90606
90607
90608
90610
90612
90613
90615
90618
90622
90625
90626
90627
90629
90630
90631
90634
90636
90637
90638
90639
90642
90643
90646
90647
90648
90649
90651
90656
90658
90659
90661
90663
90664
90665
90669
90670
90673
90674
90675
90677
90679
90680
90681
90682
90685
90687
90688
90690
90691
90692
90699
90700
90701
90702
90703
90705
90706
90707
90710
90711
90712
90714
90715
90716
90717
90718
90719
90720
90722
90727
90729
90730
90731
90733
90734
90736
90738
90740
90742
90743
90744
90745
90750
90758
90759
90763
90765
90767
90769
90771
90773
90774
90776
90777
90779
90781
90782
90790
90791
90793
90796
90801
90805
90808
90809
90810
90811
90812
90813
90814
90817
90818
90821
90824
90825
90826
90829
90830
90832
90833
90835
90836
90838
90841
90842
90844
90846
90847
90853
90854
90856
90857
90861
90863
90866
90867
90871
90874
90875
90880
90881
90882
90884
90885
90886
90890
90892
90895
90896
90898
90900
90903
90904
90905
90906
90908
90909
90912
90914
90916
90917
90918
90922
90930
90934
90936
90937
90938
90939
90941
90942
90944
90946
90949
90950
90953
90955
90956
90958
90959
90960
90963
90964
90966
90968
90971
90972
90973
90977
90979
90981
90982
90983
90984
90985
90987
90988
90989
90997
90998
91001
91005
91006
91007
91009
91015
91016
91019
91020
91031
91032
91034
91036
91037
91038
91039
91041
91044
91045
91048
91050
91051
91052
91056
91058
91061
91062
91063
91064
91066
91067
91068
91070
91073
91078
91079
91083
91087
91089
91090
91092
91093
91094
91096
91097
91098
91100
91101
91102
91103
91106
91107
91108
91111
91112
91114
91119
91120
91121
91124
91126
91135
91139
91142
91143
91144
91149
91152
91154
91155
91156
91157
91159
91160
91166
91169
91170
91174
91175
91176
91179
91182
91184
91187
91188
91189
91191
91194
91195
91197
91198
91200
91201
91202
91204
91206
91207
91208
91210
91213
91215
91216
91220
91221
91223
91224
91225
91226
91229
91231
91232
91233
91236
91237
91240
91243
91248
91249
91252
91253
91254
91255
91256
91258
91259
91261
91262
91266
91268
91269
91271
91272
91274
91275
91276
91287
91289
91291
91292
91293
91294
91298
91299
91300
91301
91303
91305
91306
91307
91309
91310
91311
91313
91316
91317
91318
91320
91321
91324
91326
91330
91334
91336
91338
91339
91340
91341
91359
91364
91366
91367
91368
91370
91373
91374
91377
91379
91380
91381
91383
91386
91388
91389
91392
91398
91400
91401
91402
91406
91407
91408
91409
91410
91412
91413
91414
91415
91416
91418
91419
91420
91424
91425
91427
91428
91431
91432
91433
91434
91435
91436
91437
91438
91439
91440
91443
91444
91447
91449
91451
91453
91454
91456
91457
91459
91460
91463
91465
91466
91467
91468
91469
91472
91475
91479
91483
91484
91485
91489
91491
91492
91494
91496
91497
91499
91500
91502
91503
91508
91511
91512
91513
91515
91517
91518
91519
91520
91521
91522
91523
91525
91527
91530
91533
91534
91536
91539
91541
91542
91543
91545
91548
91551
91552
91554
91555
91559
91560
91561
91564
91565
91568
91570
91572
91573
91574
91575
91576
91578
91580
91582
91583
91584
91589
91593
91594
91595
91596
91597
91600
91603
91604
91605
91608
91610
91611
91613
91614
91615
91616
91617
91624
91627
91631
91633
91634
91635
91636
91638
91640
91641
91642
91644
91648
91651
91652
91655
91657
91660
91662
91670
91676
91677
91678
91679
91682
91684
91687
91689
91690
91691
91696
91698
91700
91703
91704
91707
91708
91711
91715
91716
91717
91720
91721
91723
91724
91726
91728
91729
91730
91733
91734
91738
91742
91746
91747
91748
91749
91753
91759
91760
91765
91767
91768
91770
91772
91775
91776
91778
91780
91781
91784
91787
91792
91794
91795
91796
91797
91802
91803
91805
91806
91807
91808
91811
91818
91823
91824
91825
91826
91827
91829
91834
91835
91836
91838
91839
91841
91843
91845
91846
91847
91848
91849
91851
91852
91853
91855
91857
91858
91860
91861
91862
91863
91864
91865
91866
91867
91869
91872
91873
91876
91880
91881
91882
91886
91887
91889
91891
91892
91893
91894
91896
91897
91900
91901
91902
91903
91904
91909
91910
91913
91916
91917
91918
91919
91920
91921
91922
91925
91926
91927
91929
91930
91932
91933
91934
91935
91936
91937
91938
91940
91944
91945
91946
91947
91950
91951
91952
91954
91955
91956
91957
91958
91963
91964
91965
91966
91967
91968
91970
91972
91974
91976
91979
91982
91983
91986
91988
91991
91993
91994
91996
91997
92001
92002
92003
92004
92005
92007
92008
92011
92012
92014
92015
92016
92017
92018
92019
92020
92023
92024
92025
92027
92028
92029
92033
92035
92036
92038
92041
92042
92043
92044
92045
92047
92049
92051
92054
92055
92059
92060
92061
92062
92064
92066
92068
92069
92071
92074
92075
92076
92079
92080
92084
92089
92091
92094
92095
92096
92098
92102
92103
92108
92114
92115
92117
92118
92119
92120
92121
92124
92125
92126
92128
92129
92131
92132
92135
92137
92140
92142
92145
92146
92148
92149
92150
92152
92154
92155
92156
92159
92161
92162
92167
92169
92172
92173
92176
92186
92187
92191
92192
92193
92195
92197
92199
92200
92202
92203
92204
92205
92206
92207
92211
92212
92213
92214
92215
92217
92218
92219
92222
92225
92226
92227
92228
92229
92230
92233
92234
92236
92238
92239
92244
92245
92247
92249
92250
92251
92253
92254
92256
92258
92260
92261
92262
92264
92268
92270
92273
92274
92277
92280
92283
92284
92285
92287
92288
92290
92292
92293
92297
92298
92303
92305
92306
92307
92309
92311
92312
92313
92314
92315
92316
92320
92321
92322
92323
92325
92326
92328
92329
92334
92335
92340
92341
92342
92344
92345
92348
92349
92355
92356
92357
92359
92362
92364
92365
92369
92371
92372
92373
92375
92377
92379
92386
92387
92390
92391
92392
92393
92394
92395
92396
92397
92399
92400
92402
92403
92407
92409
92410
92411
92416
92417
92420
92421
92422
92423
92425
92428
92431
92435
92436
92439
92442
92445
92446
92447
92456
92459
92463
92465
92466
92467
92468
92469
92471
92474
92475
92477
92478
92480
92481
92482
92486
92488
92497
92498
92500
92502
92503
92507
92509
92510
92511
92512
92517
92522
92525
92526
92531
92536
92538
92539
92541
92542
92544
92546
92549
92551
92552
92554
92556
92557
92559
92564
92568
92570
92571
92572
92576
92578
92579
92580
92582
92584
92585
92586
92588
92590
92592
92594
92595
92598
92600
92601
92603
92605
92606
92609
92610
92612
92618
92619
92621
92622
92624
92626
92627
92628
92629
92630
92631
92632
92635
92636
92639
92641
92642
92644
92645
92647
92649
92653
92654
92657
92658
92659
92663
92664
92665
92666
92668
92669
92670
92674
92675
92676
92680
92683
92684
92685
92686
92687
92688
92690
92692
92694
92695
92697
92698
92701
92702
92709
92710
92713
92714
92719
92726
92728
92729
92730
92733
92735
92736
92739
92741
92744
92745
92746
92747
92748
92749
92751
92754
92758
92759
92760
92761
92762
92764
92765
92768
92769
92771
92772
92773
92775
92776
92777
92778
92781
92785
92787
92788
92791
92795
92796
92797
92798
92799
92802
92803
92804
92805
92807
92809
92814
92815
92816
92818
92820
92821
92822
92824
92825
92829
92831
92832
92833
92834
92836
92838
92839
92840
92842
92843
92844
92845
92846
92849
92850
92853
92854
92855
92857
92858
92859
92860
92861
92862
92863
92867
92868
92869
92870
92872
92874
92876
92879
92880
92881
92883
92886
92887
92888
92899
92903
92904
92905
92906
92910
92911
92913
92914
92915
92916
92918
92921
92923
92926
92927
92929
92930
92933
92934
92935
92936
92944
92946
92947
92948
92951
92952
92954
92955
92958
92959
92960
92961
92966
92967
92968
92969
92970
92971
92973
92974
92975
92978
92979
92980
92981
92986
92987
92988
92989
92990
92992
92993
92994
92998
92999
93001
93004
93007
93008
93013
93014
93015
93016
93017
93022
93025
93026
93027
93028
93032
93033
93034
93035
93038
93039
93040
93041
93042
93046
93048
93049
93050
93051
93052
93055
93056
93058
93060
93062
93064
93065
93067
93068
93069
93071
93073
93074
93075
93077
93078
93079
93080
93081
93082
93088
93090
93095
93096
93097
93099
93101
93106
93107
93111
93114
93115
93116
93117
93118
93121
93124
93126
93127
93129
93131
93133
93136
93137
93139
93141
93142
93144
93145
93146
93149
93150
93152
93154
93155
93156
93159
93161
93163
93165
93166
93168
93169
93170
93171
93172
93173
93177
93178
93182
93183
93184
93185
93186
93188
93190
93193
93194
93195
93196
93201
93202
93203
93207
93209
93210
93213
93216
93217
93219
93220
93221
93223
93227
93228
93229
93231
93233
93234
93237
93238
93239
93240
93245
93247
93248
93249
93250
93251
93252
93253
93254
93255
93258
93261
93262
93263
93265
93268
93269
93274
93275
93277
93280
93283
93287
93289
93290
93295
93297
93299
93302
93304
93306
93307
93308
93309
93310
93312
93315
93317
93319
93321
93322
93324
93326
93332
93333
93335
93338
93341
93342
93343
93346
93348
93349
93351
93352
93353
93354
93355
93357
93360
93363
93366
93369
93370
93372
93374
93375
93376
93378
93380
93382
93384
93391
93393
93394
93396
93398
93400
93401
93405
93406
93407
93408
93410
93412
93413
93415
93418
93420
93422
93424
93425
93428
93431
93432
93433
93434
93436
93437
93440
93448
93449
93450
93451
93456
93461
93465
93467
93468
93471
93472
93473
93477
93478
93480
93484
93485
93486
93488
93493
93494
93495
93497
93499
93500
93501
93502
93503
93506
93509
93510
93511
93513
93516
93518
93519
93521
93523
93526
93527
93528
93530
93531
93532
93533
93534
93536
93538
93540
93541
93542
93544
93545
93546
93550
93555
93558
93559
93564
93565
93570
93571
93572
93574
93575
93577
93578
93580
93581
93582
93583
93584
93587
93588
93590
93591
93592
93593
93595
93598
93600
93602
93604
93607
93608
93611
93612
93613
93614
93615
93619
93622
93623
93627
93629
93630
93632
93633
93635
93637
93639
93642
93643
93644
93646
93648
93654
93659
93660
93662
93664
93666
93667
93669
93674
93676
93677
93678
93681
93682
93686
93687
93688
93689
93692
93695
93696
93697
93698
93699
93701
93702
93706
93708
93709
93711
93717
93718
93719
93726
93727
93730
93732
93733
93734
93740
93741
93742
93744
93745
93751
93752
93753
93754
93755
93757
93759
93760
93761
93762
93763
93766
93767
93772
93775
93776
93777
93784
93788
93789
93790
93798
93800
93801
93802
93804
93806
93807
93809
93810
93811
93812
93813
93815
93817
93818
93822
93823
93824
93827
93828
93829
93833
93834
93835
93836
93844
93847
93851
93853
93854
93855
93859
93861
93864
93866
93868
93869
93874
93875
93878
93880
93884
93886
93889
93891
93895
93896
93899
93900
93901
93902
93904
93906
93908
93909
93911
93915
93916
93919
93921
93922
93923
93924
93926
93927
93929
93930
93931
93932
93933
93934
93937
93938
93939
93940
93943
93945
93946
93947
93948
93952
93953
93954
93958
93959
93960
93964
93966
93968
93970
93971
93974
93976
93980
93981
93982
93983
93984
93986
93987
93988
93991
93992
93995
93996
93999
94000
94002
94005
94006
94007
94009
94010
94016
94018
94020
94026
94027
94030
94031
94032
94033
94034
94036
94037
94038
94039
94041
94042
94044
94045
94046
94047
94049
94051
94052
94053
94059
94060
94061
94062
94063
94064
94065
94067
94068
94071
94072
94073
94075
94077
94079
94080
94082
94084
94085
94086
94088
94089
94090
94092
94093
94094
94095
94096
94098
94102
94103
94104
94106
94107
94113
94114
94115
94118
94119
94120
94121
94123
94124
94125
94126
94127
94132
94133
94136
94137
94138
94139
94141
94142
94144
94146
94147
94149
94152
94155
94157
94159
94162
94164
94165
94166
94168
94170
94171
94172
94174
94175
94176
94177
94178
94179
94180
94181
94182
94184
94187
94189
94192
94193
94195
94196
94199
94200
94201
94202
94203
94205
94207
94208
94209
94210
94212
94213
94214
94216
94218
94221
94222
94225
94227
94229
94230
94234
94236
94238
94240
94242
94243
94244
94247
94250
94251
94252
94256
94258
94261
94263
94266
94268
94269
94270
94271
94273
94277
94280
94281
94282
94285
94287
94291
94292
94294
94295
94296
94297
94298
94299
94302
94305
94306
94310
94313
94315
94317
94318
94320
94323
94324
94327
94331
94334
94335
94338
94339
94340
94343
94344
94345
94351
94354
94355
94358
94360
94361
94362
94363
94365
94370
94371
94372
94374
94375
94376
94377
94378
94381
94386
94387
94388
94389
94391
94392
94394
94397
94398
94399
94400
94401
94403
94408
94409
94410
94411
94413
94416
94418
94419
94421
94423
94427
94428
94429
94434
94435
94436
94437
94442
94443
94447
94449
94450
94452
94453
94454
94455
94456
94457
94458
94462
94463
94465
94471
94474
94475
94476
94478
94480
94482
94484
94491
94492
94493
94494
94495
94496
94498
94499
94501
94503
94504
94505
94506
94507
94508
94511
94512
94513
94514
94516
94517
94519
94520
94521
94522
94525
94526
94527
94528
94533
94534
94535
94536
94537
94538
94542
94544
94546
94547
94549
94550
94553
94554
94555
94561
94562
94563
94564
94565
94567
94570
94571
94573
94576
94577
94579
94585
94586
94587
94589
94592
94595
94596
94597
94601
94603
94605
94606
94607
94612
94616
94617
94618
94621
94623
94624
94625
94626
94631
94632
94635
94636
94638
94639
94640
94641
94642
94643
94644
94646
94647
94650
94652
94653
94655
94657
94658
94659
94663
94667
94673
94674
94675
94676
94677
94679
94680
94682
94687
94689
94690
94691
94692
94693
94694
94695
94696
94697
94698
94699
94700
94703
94704
94705
94706
94708
94709
94714
94715
94716
94718
94720
94722
94723
94725
94729
94733
94734
94736
94737
94742
94743
94745
94746
94750
94751
94755
94756
94757
94758
94766
94769
94770
94772
94773
94774
94776
94777
94778
94780
94783
94784
94786
94787
94790
94791
94793
94795
94799
94802
94803
94805
94812
94813
94815
94818
94820
94821
94824
94827
94828
94833
94835
94836
94838
94839
94842
94845
94846
94847
94848
94850
94853
94854
94855
94856
94858
94860
94861
94862
94864
94865
94867
94869
94870
94872
94874
94876
94877
94878
94880
94881
94882
94887
94888
94890
94892
94894
94895
94898
94902
94905
94906
94907
94912
94913
94914
94916
94918
94919
94920
94922
94923
94924
94926
94928
94931
94934
94935
94937
94938
94939
94941
94944
94947
94951
94954
94955
94958
94962
94964
94965
94971
94972
94973
94975
94978
94980
94983
94984
94988
94990
94992
94993
94995
94997
95001
95004
95005
95006
95008
95010
95011
95012
95013
95015
95016
95018
95023
95025
95026
95027
95028
95029
95032
95037
95039
95041
95042
95043
95044
95045
95046
95049
95050
95052
95055
95057
95062
95063
95064
95066
95067
95069
95070
95072
95073
95074
95075
95079
95081
95083
95085
95086
95087
95089
95090
95091
95094
95095
95097
95098
95102
95104
95105
95108
95109
95115
95117
95119
95123
95125
95127
95129
95131
95133
95134
95136
95137
95140
95142
95146
95147
95151
95152
95155
95156
95160
95161
95164
95166
95168
95169
95170
95172
95177
95178
95180
95181
95182
95183
95185
95187
95190
95191
95193
95194
95196
95197
95198
95199
95200
95202
95206
95207
95208
95209
95211
95214
95216
95218
95220
95221
95222
95223
95225
95226
95227
95228
95231
95233
95236
95238
95239
95240
95241
95243
95244
95245
95247
95248
95249
95250
95251
95252
95253
95254
95257
95260
95262
95263
95264
95266
95267
95269
95270
95271
95272
95275
95280
95285
95289
95290
95293
95295
95296
95297
95299
95306
95307
95313
95314
95316
95317
95318
95319
95322
95324
95326
95329
95330
95331
95333
95338
95341
95349
95350
95352
95353
95354
95355
95359
95360
95361
95364
95365
95366
95369
95370
95371
95374
95376
95377
95380
95382
95384
95385
95388
95389
95390
95392
95393
95395
95397
95401
95404
95405
95406
95407
95412
95413
95414
95416
95417
95418
95420
95421
95422
95426
95427
95430
95433
95435
95439
95440
95442
95443
95444
95447
95448
95450
95451
95455
95456
95458
95462
95464
95465
95466
95467
95469
95470
95471
95473
95475
95482
95484
95491
95493
95495
95497
95498
95500
95501
95502
95508
95509
95510
95513
95515
95516
95518
95522
95523
95524
95525
95528
95529
95532
95534
95535
95536
95537
95539
95540
95541
95542
95545
95546
95547
95548
95549
95550
95552
95553
95554
95555
95557
95559
95569
95571
95573
95574
95578
95579
95580
95581
95582
95583
95585
95588
95589
95593
95596
95599
95603
95605
95607
95609
95610
95611
95613
95614
95615
95617
95621
95625
95627
95631
95633
95634
95635
95636
95638
95639
95640
95641
95643
95645
95646
95648
95649
95650
95651
95655
95659
95662
95664
95671
95674
95675
95676
95679
95681
95682
95683
95684
95685
95686
95691
95692
95693
95694
95695
95696
95698
95701
95702
95704
95705
95708
95709
95711
95712
95716
95717
95720
95722
95723
95725
95726
95727
95728
95729
95738
95741
95742
95744
95752
95753
95756
95758
95759
95761
95762
95765
95766
95768
95771
95772
95779
95785
95786
95787
95789
95793
95800
95802
95804
95805
95810
95812
95813
95814
95815
95816
95817
95820
95822
95824
95825
95826
95827
95828
95835
95836
95841
95842
95844
95845
95846
95847
95849
95850
95852
95855
95856
95858
95859
95860
95862
95866
95869
95870
95871
95872
95873
95874
95875
95876
95877
95879
95880
95881
95882
95883
95886
95887
95890
95892
95896
95899
95901
95902
95904
95905
95909
95910
95911
95912
95913
95914
95915
95916
95917
95921
95924
95926
95927
95929
95930
95933
95936
95938
95939
95941
95942
95944
95945
95947
95949
95952
95953
95954
95956
95958
95960
95962
95964
95967
95969
95971
95972
95973
95974
95975
95980
95981
95983
95984
95986
95988
95990
95991
95992
95995
95996
95997
95999
96001
96002
96004
96007
96009
96010
96011
96012
96013
96015
96016
96017
96018
96019
96022
96023
96025
96026
96029
96032
96038
96041
96043
96047
96048
96049
96052
96053
96059
96060
96061
96062
96063
96066
96067
96070
96071
96074
96075
96076
96077
96078
96081
96083
96085
96087
96088
96089
96092
96093
96096
96098
96102
96103
96105
96110
96111
96112
96113
96114
96116
96119
96120
96123
96127
96129
96130
96133
96135
96137
96138
96139
96140
96141
96143
96144
96151
96153
96154
96157
96158
96159
96160
96161
96162
96163
96165
96168
96169
96171
96183
96184
96185
96186
96187
96188
96191
96192
96193
96194
96196
96197
96199
96203
96204
96209
96211
96212
96214
96217
96218
96219
96223
96226
96233
96235
96238
96242
96245
96246
96247
96248
96250
96251
96254
96255
96256
96257
96261
96265
96268
96271
96273
96274
96275
96277
96278
96281
96284
96285
96287
96288
96292
96294
96295
96301
96303
96305
96306
96308
96310
96311
96312
96314
96319
96321
96322
96328
96331
96333
96336
96342
96345
96346
96350
96351
96352
96355
96356
96357
96358
96359
96361
96365
96375
96378
96381
96382
96384
96386
96387
96389
96390
96391
96392
96393
96394
96398
96399
96400
96402
96403
96404
96405
96406
96409
96410
96412
96414
96415
96416
96418
96419
96421
96427
96429
96433
96434
96435
96439
96440
96443
96446
96449
96452
96453
96454
96457
96460
96463
96466
96467
96468
96469
96471
96477
96480
96482
96484
96485
96490
96491
96493
96498
96500
96502
96504
96506
96507
96509
96510
96511
96512
96513
96514
96515
96516
96517
96518
96523
96527
96529
96533
96535
96543
96545
96548
96549
96550
96551
96552
96554
96556
96562
96565
96566
96568
96569
96572
96574
96575
96578
96579
96582
96584
96589
96592
96594
96595
96596
96597
96599
96603
96605
96609
96611
96614
96617
96623
96630
96631
96638
96639
96640
96641
96642
96643
96647
96654
96655
96659
96661
96662
96664
96669
96674
96675
96677
96678
96680
96681
96683
96684
96686
96688
96690
96692
96694
96696
96698
96702
96703
96704
96705
96707
96708
96715
96717
96726
96727
96728
96729
96730
96731
96732
96734
96735
96736
96742
96743
96748
96751
96752
96753
96754
96758
96763
96764
96765
96771
96774
96776
96779
96780
96782
96783
96784
96787
96788
96792
96794
96797
96798
96801
96802
96804
96812
96816
96818
96819
96820
96822
96824
96827
96831
96833
96835
96836
96838
96855
96861
96862
96863
96864
96865
96866
96869
96870
96879
96884
96887
96888
96892
96895
96896
96897
96911
96913
96915
96921
96927
96928
96930
96933
96937
96939
96941
96942
96948
96952
96960
96963
96966
96968
96969
96970
96971
96972
96973
96979
96980
96981
96985
96992
96995
96998
97001
97003
97006
97007
97008
97009
97013
97017
97022
97024
97026
97027
97029
97050
97051
97052
97054
97055
97056
97058
97059
97060
97061
97062
97065
97066
97068
97069
97074
97082
97084
97086
97088
97093
97098
97099
97104
97106
97110
97112
97131
97133
97136
97137
97139
97149
97159
97161
97163
97165
97166
97175
97180
97181
97182
97183
97185
97186
97198
97199
97201
97202
97203
97204
97205
97207
97209
97211
97220
97221
97222
97230
97245
97248
97249
97250
97252
97254
97257
97261
97262
97263
97266
97267
97268
97274
97281
97293
97296
97306
97310
97313
97315
97321
97333
97337
97341
97342
97344
97345
97352
97356
97358
97359
97363
97364
97368
97369
97389
97391
97392
97394
97395
97398
97399
97408
97409
97410
97412
97420
97442
97458
97462
97463
97464
97468
97474
97475
97509
97511
97514
97517
97520
97522
97524
97526
97528
97532
97533
97541
97575
97578
97579
97590
97592
97594
97595
97596
97602
97607
97609
97612
97632
97648
97649
97651
97660
97663
97670
97674
97676
97680
97681
97682
97693
97695
97712
97718
97729
97740
97742
97743
97744
97746
97748
97753
97755
97757
97759
97769
97770
97771
97778
97779
97783
97820
97829
97831
97837
97838
97840
97841
97844
97845
97846
97851
97855
97857
97858
97859
97863
97864
97868
97876
97882
97888
97907
97913
97916
97937
97940
97941
97943
97945
97946
97947
97949
97952
97953
97954
97958
97959
97965
97971
97972
97974
97975
97976
97981
97982
98006
98025
98039
98048
98051
98052
98055
98056
98058
98059
98069
98072
98076
98079
98083
98087
98091
98094
98096
98098
98105
98108
98110
98112
98115
98116
98178
98182
98183
98187
98190
98191
98194
98199
98214
98215
98216
98217
98227
98228
98230
98234
98242
98243
98244
98248
98267
98286
98311
98320
98332
98333
98335
98340
98347
98348
98349
98351
98353
98354
98358
98359
98363
98369
98371
98375
98385
98386
98387
98389
98390
98395
98401
98430
98436
98494
98495
98497
98500
98503
98504
98506
98507
98508
98509
98514
98520
98521
98522
98523
98524
98525
98528
98530
98531
98532
98536
98538
98539
98540
98546
98550
98555
98562
98563
98567
98572
98574
98585
98588
98599
98602
98603
98616
98650
98654
98663
98680
98682
98711
98712
98713
98714
98715
98717
98721
98728
98730
98732
98736
98737
98738
98739
98745
98748
98751
98762
98763
98764
98765
98766
98769
98774
98779
98783
98794
98799
98801
98805
98808
98813
98817
98821
98823
98860
98878
98886
98979
98980
98983
98984
98987
98989
98992
98994
98997
99005
99007
99010
99017
99019
99021
99025
99026
99027
99029
99032
99038
99042
99045
99047
99050
99051
99056
99058
99059
99067
99068
99069
99071
99072
99075
99079
99085
99086
99090
99094
99115
99188
99274
99275
99276
99277
99279
99280
99284
99285
99286
99287
99289
99295
99299
99305
99309
99313
99315
99320
99322
99324
99325
99327
99328
99335
99340
99344
99348
99353
99357
99363
99373
99378
99380
99395
99399
99400
99422
99424
99425
99441
99570
99584
99605
99652
99699
99704
99705
99708
99710
99711
99713
99714
99715
99716
99718
99724
99726
99729
99731
99737
99739
99744
99752
99756
99761
99762
99771
99772
99773
99780
99788
99793
99794
99796
99799
99800
99802
99804
99809
99810
99814
99816
99820
99827
99829
99840
99848
99850
99852
99859
99867
99893
99900
99903
99917
99920
99935
99943
99986
99992
100006
100024
100048
100049
100071
100099
100191
100215
100216
100227
100229
100231
100239
100245
100246
100249
100251
100253
100254
100260
100261
100264
100271
100272
100273
100276
100279
100283
100287
100291
100292
100293
100306
100312
100314
100320
100321
100327
100330
100341
100345
100346
100347
100349
100351
100352
100353
100364
100375
100377
100380
100383
100406
100411
100412
100414
100417
100434
100441
100445
100448
100449
100466
100492
100495
100505
100562
100568
100605
100608
100636
100646
100676
100704
100784
100790
100794
100819
100941
100992
101002
101035
101103
101122
101123
101125
101126
101127
101128
101129
101131
101134
101135
101137
101138
101139
101143
101144
101148
101149
101150
101154
101155
101158
101160
101162
101164
101166
101169
101172
101175
101180
101184
101194
101195
101196
101198
101201
101204
101205
101208
101222
101227
101230
101235
101236
101246
101251
101263
101276
101278
101279
101281
101291
101292
101294
101295
101303
101305
101306
101308
101320
101324
101326
101328
101335
101337
101351
101355
101361
101362
101366
101368
101383
101400
101419
101430
101432
101450
101484
101486
101489
101524
101539
101590
101592
101599
101611
101621
101628
101677
101708
101715
101768
101786
101840
101850
101870
101878
101936
101965
101983
101985
101986
102018
102068
102082
102108
102138
102159
102301
102390
102435
102537
102687
102690
102895
102896
102900
102901
102902
102905
102907
102909
102911
102916
102921
102922
102927
102928
102929
102932
102942
102945
102950
102954
102955
102959
102963
102965
102967
102971
102976
102978
102996
103000
103004
103005
103008
103012
103015
103019
103022
103023
103024
103025
103026
103027
103037
103039
103043
103045
103050
103057
103058
103076
103084
103086
103113
103114
103144
103149
103157
103160
103166
103173
103189
103196
103200
103202
103211
103217
103232
103250
103261
103269
103277
103279
103280
103293
103300
103305
103311
103353
103380
103402
103407
103418
103428
103435
103462
103477
103489
103502
103512
103514
103516
103521
103533
103559
103573
103583
103609
103621
103705
103707
103714
103724
103735
103760
103767
103827
103861
103928
103932
103938
103978
104058
104104
104139
104180
104236
104240
104301
104336
104399
104423
104470
104505
104536
104607
104637
104654
104715
104794
104836
104899
105000
105104
105184
105292
105405
105436
105481
105552
105571
105637
105685
105759
105780
105861
105958
106127
106136
106147
106180
106402
106409
106543
106761
106923
107447
107670
107671
107678
107681
107682
107684
107689
107694
107696
107697
107700
107702
107703
107704
107706
107707
107708
107710
107712
107717
107719
107721
107727
107730
107737
107738
107748
107750
107752
107755
107759
107767
107778
107780
107786
107789
107794
107802
107803
107809
107814
107823
107826
107828
107838
107840
107846
107848
107851
107866
107867
107871
107876
107877
107918
107942
107956
107960
107971
107974
107978
107993
108007
108008
108010
108014
108018
108021
108024
108027
108045
108046
108049
108068
108072
108084
108086
108087
108095
108128
108139
108141
108198
108200
108211
108215
108226
108234
108235
108240
108241
108256
108270
108273
108294
108301
108319
108376
108470
108555
108591
108818
108836
108856
108882
108993
109010
109054
109091
109120
109204
109266
109349
109453
109464
109476
109524
109531
109596
109748
109924
109987
109992
110028
110039
110132
110161
110174
110185
110195
110318
110326
110449
110617
110647
110703
111099
111100
111134
111223
111230
111335
111378
111414
111476
111817
111913
111932
111988
112111
112176
112222
112281
112374
112548
112632
112964
113116
113117
113171
113454
113632
113686
113758
113938
114109
114186
114211
114316
114428
114650
114738
114740
114931
115081
115090
115197
115429
115516
115557
115598
115776
115886
115977
116036
116096
116436
116453
116480
116673
116771
116802
116911
116994
117155
117298
117701
117757
117807
117920
118119
118148
118416
118442
118469
118480
118498
118504
118636
118735
118951
119084
119341
119362
119427
119603
119718
120020
120205
120573
120680
120682
120802
120964
121073
121326
121447
121455
121504
121612
121746
121784
121854
121951
122098
122590
122741
122789
122935
123171
123888
124163
124442
124512
124613
124668
124897
124970
125028
125494
125735
126153
126228
126410
126431
126487
126912
126979
127113
127291
127433
127588
127679
127865
127914
127937
128150
128256
128385
128627
128670
128754
128768
129645
129858
129960
130326
130410
130510
130847
130857
131182
131218
131227
131939
132215
132265
132429
133547
133729
133906
134378
134461
134470
134501
134607
134608
134933
135025
135065
135443
135835
135974
135975
136281
136292
136909
137008
137063
137300
137914
138420
138857
138907
139073
139206
139207
139495
140103
140161
140376
140627
140697
141091
141878
142060
142295
143011
143124
143291
143826
144485
144963
145336
145580
145682
145826
145867
145952
145960
146221
146772
146996
148032
148275
148276
148277
148278
148279
148280
148281
148282
148283
148284
148286
148288
148289
148290
148291
148292
148293
148294
148295
148296
148297
148298
148300
148301
148302
148303
148304
148305
148307
148308
148309
148310
148311
148314
148316
148317
148318
148319
148320
148322
148324
148325
148326
148327
148328
148330
148331
148332
148333
148334
148335
148336
148337
148338
148339
148340
148341
148342
148343
148344
148352
148353
148354
148355
148356
148357
148358
148360
148362
148366
148367
148368
148369
148371
148373
148374
148375
148376
148377
148378
148380
148381
148382
148386
148387
148388
148389
148390
148391
148392
148393
148394
148395
148396
148397
148398
148399
148400
148401
148403
148404
148405
148407
148408
148409
148411
148412
148413
148414
148415
148419
148420
148421
148424
148425
148426
148427
148428
148430
148432
148435
148437
148439
148440
148441
148444
148445
148446
148447
148448
148449
148452
148453
148454
148455
148457
148458
148461
148462
148464
148465
148466
148467
148469
148470
148471
148472
148473
148474
148477
148481
148483
148486
148487
148489
148490
148491
148492
148493
148494
148496
148497
148498
148499
148500
148502
148503
148504
148505
148509
148510
148511
148513
148514
148516
148517
148518
148519
148520
148524
148526
148527
148530
148532
148535
148537
148538
148539
148540
148542
148543
148546
148548
148551
148554
148555
148556
148557
148558
148559
148561
148562
148564
148566
148567
148568
148569
148574
148577
148579
148581
148582
148583
148584
148587
148590
148592
148593
148594
148595
148598
148599
148601
148603
148604
148606
148607
148609
148610
148611
148612
148613
148614
148618
148621
148622
148623
148624
148625
148627
148628
148629
148631
148632
148634
148636
148637
148638
148639
148643
148644
148645
148646
148648
148651
148652
148653
148654
148655
148658
148659
148660
148661
148666
148669
148672
148673
148675
148676
148677
148678
148679
148681
148682
148683
148684
148685
148686
148687
148690
148691
148695
148696
148698
148699
148700
148701
148702
148703
148704
148705
148706
148707
148708
148709
148712
148714
148715
148716
148717
148718
148719
148721
148723
148724
148725
148726
148728
148729
148732
148733
148735
148737
148738
148739
148740
148742
148743
148744
148745
148748
148750
148752
148754
148757
148758
148760
148761
148762
148763
148766
148767
148768
148769
148771
148772
148773
148774
148776
148778
148779
148782
148784
148788
148791
148792
148794
148795
148797
148799
148800
148801
148802
148803
148804
148805
148807
148809
148811
148812
148814
148815
148816
148817
148820
148823
148824
148825
148826
148827
148828
148829
148831
148832
148833
148835
148837
148839
148841
148843
148845
148848
148850
148852
148853
148856
148858
148859
148860
148861
148863
148864
148865
148867
148870
148873
148874
148875
148877
148878
148879
148880
148881
148882
148883
148886
148887
148888
148889
148890
148891
148892
148895
148896
148898
148900
148903
148905
148907
148909
148910
148912
148913
148914
148915
148916
148917
148919
148920
148921
148922
148923
148924
148926
148927
148928
148929
148933
148934
148935
148937
148938
148939
148940
148942
148943
148948
148953
148954
148956
148957
148958
148959
148962
148963
148964
148965
148967
148969
148971
148972
148973
148975
148976
148977
148978
148979
148981
148982
148983
148984
148985
148986
148987
148988
148990
148991
148992
148993
148994
148995
148996
148997
148998
149001
149002
149003
149004
149005
149007
149009
149010
149012
149013
149014
149015
149017
149019
149021
149024
149026
149029
149031
149032
149033
149035
149036
149037
149038
149040
149042
149043
149044
149047
149048
149049
149050
149052
149053
149054
149055
149056
149057
149058
149059
149061
149063
149064
149065
149066
149067
149068
149070
149071
149074
149075
149076
149078
149079
149080
149081
149082
149083
149086
149087
149089
149090
149091
149092
149093
149095
149096
149097
149098
149099
149100
149103
149104
149105
149106
149107
149111
149112
149113
149115
149118
149120
149122
149123
149127
149128
149129
149130
149131
149132
149133
149137
149142
149145
149147
149151
149152
149153
149155
149156
149157
149165
149166
149167
149168
149169
149171
149172
149173
149175
149176
149177
149179
149182
149185
149186
149188
149189
149190
149191
149193
149195
149197
149198
149199
149201
149204
149207
149208
149209
149211
149213
149215
149219
149221
149222
149224
149225
149226
149227
149228
149229
149232
149233
149236
149237
149238
149243
149244
149247
149248
149252
149253
149254
149255
149257
149259
149260
149261
149262
149263
149265
149269
149273
149274
149275
149276
149277
149278
149280
149282
149285
149288
149290
149292
149293
149294
149295
149297
149299
149300
149302
149303
149306
149307
149312
149314
149318
149320
149326
149328
149329
149330
149331
149333
149335
149337
149338
149339
149345
149349
149350
149351
149352
149353
149355
149358
149359
149360
149362
149364
149365
149367
149368
149370
149373
149378
149380
149381
149382
149383
149387
149389
149390
149391
149393
149397
149398
149399
149400
149402
149403
149404
149405
149407
149408
149409
149411
149413
149414
149419
149421
149422
149423
149426
149427
149428
149430
149432
149437
149438
149439
149443
149447
149449
149450
149451
149452
149453
149454
149455
149458
149460
149462
149464
149465
149466
149467
149469
149475
149477
149479
149481
149486
149487
149488
149489
149490
149491
149492
149495
149497
149499
149501
149504
149507
149509
149512
149513
149515
149518
149519
149521
149525
149527
149530
149537
149538
149544
149550
149552
149553
149557
149559
149560
149562
149565
149566
149568
149572
149574
149575
149576
149577
149578
149579
149581
149583
149585
149586
149589
149590
149591
149592
149595
149600
149601
149602
149603
149604
149605
149607
149608
149609
149611
149612
149613
149615
149617
149619
149622
149623
149624
149628
149631
149632
149633
149636
149637
149640
149642
149643
149644
149647
149648
149649
149650
149654
149657
149661
149662
149663
149664
149665
149667
149668
149669
149670
149673
149679
149681
149682
149684
149686
149691
149693
149694
149700
149703
149704
149705
149706
149709
149711
149712
149717
149718
149720
149721
149724
149727
149734
149741
149742
149743
149744
149746
149747
149748
149749
149753
149755
149756
149757
149759
149762
149765
149767
149770
149771
149772
149773
149774
149775
149778
149783
149788
149796
149799
149800
149801
149804
149806
149809
149810
149818
149821
149822
149823
149826
149827
149828
149831
149833
149834
149837
149840
149843
149844
149848
149849
149851
149854
149855
149858
149860
149861
149862
149863
149864
149867
149868
149869
149871
149876
149877
149880
149882
149885
149888
149889
149890
149891
149892
149894
149896
149900
149901
149904
149907
149911
149912
149918
149921
149925
149926
149927
149928
149931
149932
149933
149935
149937
149940
149942
149943
149945
149948
149949
149954
149956
149957
149958
149959
149961
149962
149965
149966
149968
149970
149971
149973
149979
149980
149982
149983
149984
149988
149989
149990
149991
149992
149993
149994
149999
150002
150006
150007
150009
150010
150011
150013
150017
150018
150020
150022
150024
150027
150028
150029
150031
150033
150034
150035
150039
150040
150041
150044
150047
150052
150058
150059
150062
150065
150066
150067
150069
150071
150074
150075
150079
150080
150082
150083
150087
150094
150095
150097
150098
150100
150101
150102
150103
150104
150106
150107
150109
150110
150111
150113
150115
150116
150117
150120
150127
150129
150130
150134
150139
150140
150141
150145
150151
150152
150153
150155
150156
150165
150166
150167
150172
150173
150174
150175
150178
150179
150180
150181
150182
150183
150184
150188
150189
150190
150192
150193
150194
150195
150198
150200
150202
150204
150208
150209
150213
150214
150216
150218
150219
150220
150221
150226
150227
150229
150232
150235
150236
150237
150239
150240
150243
150246
150247
150250
150252
150256
150258
150259
150261
150263
150264
150266
150267
150268
150270
150272
150273
150275
150281
150282
150283
150287
150290
150291
150295
150297
150298
150301
150303
150306
150307
150308
150310
150312
150313
150316
150322
150324
150325
150326
150331
150333
150334
150342
150343
150345
150346
150347
150348
150349
150350
150352
150355
150356
150359
150365
150366
150370
150371
150372
150375
150379
150386
150387
150391
150394
150396
150399
150400
150401
150404
150405
150409
150410
150412
150413
150419
150420
150422
150423
150424
150425
150427
150429
150431
150438
150439
150441
150442
150443
150446
150449
150452
150453
150456
150457
150464
150466
150467
150469
150470
150471
150472
150474
150475
150476
150477
150478
150479
150482
150484
150485
150488
150491
150492
150493
150494
150501
150502
150503
150508
150510
150511
150512
150516
150517
150518
150528
150530
150531
150532
150533
150536
150539
150541
150542
150544
150545
150546
150547
150558
150559
150564
150565
150567
150569
150571
150573
150577
150580
150581
150584
150585
150587
150590
150591
150595
150599
150606
150608
150612
150614
150618
150620
150621
150635
150637
150641
150643
150647
150648
150649
150650
150652
150657
150659
150661
150666
150671
150673
150674
150676
150682
150686
150689
150690
150694
150702
150703
150704
150705
150706
150707
150715
150718
150720
150723
150728
150733
150734
150735
150737
150738
150739
150741
150742
150744
150745
150749
150756
150757
150761
150763
150764
150771
150772
150776
150777
150779
150783
150784
150785
150792
150793
150799
150800
150803
150804
150808
150810
150813
150815
150821
150823
150825
150827
150830
150832
150833
150834
150835
150836
150842
150843
150845
150849
150852
150853
150854
150855
150857
150858
150859
150861
150863
150865
150866
150869
150870
150872
150874
150875
150876
150882
150884
150889
150895
150898
150901
150902
150907
150913
150914
150916
150917
150919
150920
150922
150923
150926
150928
150931
150937
150938
150939
150941
150945
150947
150949
150950
150954
150957
150958
150967
150968
150969
150971
150974
150975
150977
150981
150983
150985
150986
150988
150992
150993
150998
150999
151001
151006
151008
151009
151011
151014
151015
151018
151019
151023
151024
151025
151027
151029
151032
151035
151036
151037
151043
151044
151053
151054
151057
151058
151063
151064
151066
151069
151071
151073
151075
151079
151087
151093
151096
151098
151099
151100
151102
151103
151104
151105
151106
151110
151111
151112
151117
151121
151122
151123
151128
151137
151140
151144
151146
151149
151150
151152
151156
151161
151163
151168
151170
151172
151173
151174
151175
151177
151183
151185
151186
151187
151188
151189
151194
151196
151197
151198
151201
151204
151205
151207
151208
151211
151213
151214
151216
151220
151221
151223
151224
151229
151234
151236
151243
151244
151245
151246
151247
151252
151257
151262
151265
151266
151271
151272
151273
151274
151275
151278
151281
151283
151284
151285
151286
151287
151290
151291
151292
151293
151300
151301
151302
151303
151308
151309
151310
151311
151315
151319
151321
151323
151326
151330
151331
151334
151339
151342
151343
151346
151348
151351
151356
151359
151362
151367
151374
151376
151377
151378
151379
151380
151383
151385
151386
151387
151391
151394
151395
151398
151399
151401
151402
151405
151406
151407
151408
151409
151411
151412
151415
151418
151421
151427
151430
151432
151438
151439
151440
151443
151445
151446
151447
151448
151450
151455
151458
151459
151464
151465
151466
151467
151470
151472
151475
151476
151480
151483
151484
151486
151487
151498
151499
151503
151504
151508
151509
151514
151519
151522
151525
151529
151538
151545
151552
151553
151557
151558
151561
151566
151567
151568
151570
151572
151573
151580
151582
151583
151585
151596
151597
151598
151600
151601
151607
151611
151612
151614
151617
151619
151620
151623
151626
151629
151631
151633
151634
151637
151638
151639
151642
151644
151647
151652
151658
151659
151660
151663
151665
151666
151673
151674
151676
151677
151680
151682
151683
151685
151686
151687
151689
151696
151697
151706
151708
151709
151710
151713
151714
151716
151717
151718
151721
151726
151728
151732
151733
151735
151743
151744
151748
151751
151753
151755
151762
151774
151775
151783
151787
151788
151791
151794
151795
151796
151798
151800
151802
151803
151806
151807
151808
151812
151817
151821
151827
151828
151829
151831
151834
151838
151839
151841
151844
151846
151849
151853
151854
151857
151858
151859
151861
151862
151865
151868
151870
151883
151888
151891
151893
151896
151901
151903
151907
151909
151914
151919
151921
151924
151926
151931
151932
151933
151937
151946
151947
151951
151952
151954
151960
151963
151967
151969
151975
151977
151978
151979
151982
151985
151986
151988
151990
151993
152003
152004
152006
152009
152012
152015
152018
152019
152021
152023
152024
152026
152027
152028
152029
152030
152031
152034
152036
152038
152040
152041
152042
152045
152053
152057
152059
152062
152070
152072
152080
152081
152089
152090
152091
152098
152099
152104
152108
152114
152116
152121
152122
152125
152127
152130
152131
152134
152137
152138
152139
152141
152142
152143
152147
152148
152149
152151
152154
152155
152157
152159
152162
152163
152165
152168
152172
152174
152175
152176
152178
152179
152180
152182
152183
152185
152193
152194
152195
152196
152201
152202
152206
152208
152209
152210
152211
152214
152215
152217
152218
152219
152220
152221
152222
152224
152236
152238
152242
152253
152255
152257
152265
152267
152276
152278
152282
152283
152285
152287
152288
152293
152294
152297
152298
152299
152300
152304
152305
152310
152311
152318
152320
152324
152326
152331
152333
152335
152350
152353
152355
152357
152358
152361
152362
152363
152368
152372
152377
152378
152383
152386
152389
152390
152393
152399
152405
152406
152408
152409
152411
152412
152415
152417
152422
152425
152431
152433
152439
152440
152443
152445
152446
152451
152460
152462
152463
152464
152465
152468
152472
152474
152478
152481
152484
152485
152487
152489
152490
152492
152498
152499
152501
152502
152505
152508
152510
152525
152528
152530
152531
152534
152535
152536
152539
152543
152545
152549
152550
152552
152553
152555
152559
152568
152569
152570
152571
152573
152578
152580
152583
152584
152585
152586
152587
152590
152591
152598
152599
152600
152607
152611
152613
152615
152616
152617
152619
152620
152621
152626
152628
152636
152637
152639
152642
152644
152645
152646
152649
152650
152653
152655
152656
152657
152664
152665
152668
152670
152675
152680
152681
152687
152688
152689
152690
152691
152695
152696
152701
152702
152703
152704
152707
152709
152711
152712
152717
152719
152724
152728
152731
152734
152737
152738
152740
152745
152748
152755
152759
152776
152777
152780
152781
152785
152786
152787
152797
152799
152806
152807
152808
152811
152812
152814
152818
152819
152820
152822
152824
152826
152827
152833
152836
152837
152838
152840
152847
152850
152851
152852
152853
152855
152862
152863
152864
152865
152872
152876
152879
152886
152887
152890
152893
152894
152897
152898
152900
152903
152904
152905
152910
152914
152915
152927
152930
152932
152933
152937
152941
152942
152944
152946
152950
152953
152954
152955
152959
152961
152962
152963
152965
152967
152968
152969
152970
152973
152974
152977
152983
152985
152993
152994
152995
152996
152999
153001
153002
153004
153005
153006
153009
153010
153011
153014
153015
153016
153018
153020
153021
153022
153027
153034
153036
153038
153039
153040
153045
153046
153048
153049
153051
153053
153054
153055
153056
153057
153059
153061
153062
153064
153065
153066
153068
153069
153074
153077
153080
153083
153084
153086
153087
153089
153094
153095
153096
153098
153100
153106
153107
153113
153117
153121
153124
153125
153128
153135
153146
153148
153150
153152
153154
153155
153156
153159
153160
153161
153162
153164
153167
153168
153174
153175
153179
153180
153181
153182
153183
153185
153187
153188
153191
153194
153195
153196
153198
153199
153202
153206
153209
153210
153211
153212
153213
153215
153217
153218
153219
153222
153226
153227
153228
153230
153232
153233
153238
153241
153243
153244
153250
153254
153255
153256
153258
153259
153260
153262
153267
153271
153272
153277
153278
153281
153282
153294
153297
153298
153300
153303
153305
153306
153309
153310
153311
153312
153313
153316
153317
153318
153320
153324
153325
153327
153328
153331
153333
153337
153340
153341
153342
153348
153350
153353
153355
153359
153362
153366
153369
153370
153372
153373
153374
153376
153379
153381
153382
153386
153389
153390
153393
153399
153400
153402
153403
153404
153409
153413
153414
153415
153417
153418
153421
153425
153429
153430
153434
153435
153437
153439
153448
153453
153456
153457
153460
153462
153464
153468
153471
153474
153475
153477
153479
153486
153492
153493
153495
153500
153503
153504
153505
153506
153510
153511
153514
153515
153516
153517
153521
153523
153529
153530
153532
153533
153534
153535
153540
153544
153545
153555
153557
153560
153563
153566
153568
153570
153571
153573
153574
153582
153584
153587
153589
153591
153593
153595
153597
153598
153602
153604
153606
153607
153611
153624
153625
153626
153628
153629
153638
153645
153646
153651
153654
153662
153663
153667
153675
153677
153682
153683
153686
153693
153702
153703
153705
153706
153707
153710
153718
153722
153727
153733
153740
153743
153746
153750
153755
153756
153759
153760
153761
153763
153775
153781
153783
153785
153786
153793
153796
153798
153800
153802
153803
153807
153815
153817
153819
153820
153822
153824
153825
153832
153833
153836
153838
153841
153843
153846
153854
153859
153860
153863
153864
153865
153866
153868
153870
153872
153876
153878
153883
153887
153891
153894
153901
153908
153913
153915
153917
153918
153919
153922
153923
153926
153931
153932
153934
153935
153944
153950
153958
153960
153962
153963
153966
153967
153983
153984
153985
153987
154001
154005
154006
154009
154011
154016
154019
154030
154031
154036
154038
154042
154043
154051
154053
154057
154058
154059
154060
154063
154064
154071
154073
154074
154075
154077
154080
154085
154087
154089
154099
154100
154102
154103
154104
154106
154111
154122
154131
154134
154138
154148
154149
154150
154151
154152
154155
154157
154158
154161
154162
154164
154170
154173
154175
154176
154177
154179
154182
154183
154189
154191
154192
154193
154194
154199
154200
154209
154215
154228
154229
154230
154231
154233
154235
154236
154237
154238
154242
154243
154245
154249
154251
154252
154256
154257
154259
154263
154265
154269
154271
154272
154276
154285
154286
154288
154291
154293
154295
154297
154299
154314
154315
154317
154318
154324
154326
154330
154334
154337
154338
154340
154341
154343
154345
154346
154349
154350
154351
154352
154355
154356
154357
154358
154369
154373
154374
154377
154380
154381
154384
154390
154391
154392
154399
154401
154402
154404
154407
154408
154409
154413
154419
154420
154421
154422
154424
154440
154441
154444
154446
154451
154456
154460
154462
154463
154467
154470
154471
154472
154474
154475
154478
154479
154483
154484
154485
154487
154488
154489
154491
154494
154495
154496
154500
154501
154506
154507
154510
154512
154514
154515
154516
154521
154524
154527
154528
154529
154530
154532
154533
154534
154540
154541
154543
154546
154548
154550
154555
154557
154562
154566
154568
154569
154571
154572
154573
154577
154580
154581
154586
154589
154591
154593
154595
154596
154597
154598
154599
154601
154606
154611
154616
154617
154618
154625
154626
154627
154630
154636
154637
154639
154642
154644
154645
154646
154652
154654
154660
154662
154663
154664
154665
154667
154669
154670
154671
154674
154675
154676
154678
154681
154682
154684
154688
154689
154691
154693
154697
154700
154703
154704
154705
154706
154708
154709
154713
154714
154716
154721
154724
154727
154729
154731
154732
154734
154738
154739
154749
154750
154752
154755
154756
154760
154762
154766
154767
154768
154770
154773
154775
154776
154777
154780
154782
154784
154788
154789
154791
154792
154793
154795
154797
154798
154800
154803
154804
154809
154811
154812
154815
154816
154819
154822
154823
154824
154825
154828
154831
154833
154838
154841
154846
154848
154849
154858
154862
154866
154867
154874
154876
154877
154883
154884
154885
154886
154889
154890
154895
154896
154898
154899
154905
154913
154917
154924
154935
154938
154939
154942
154944
154957
154960
154964
154976
154984
154987
154988
154990
154994
154995
154999
155002
155012
155013
155014
155015
155016
155018
155019
155023
155024
155025
155027
155029
155031
155035
155037
155038
155039
155041
155042
155043
155044
155045
155046
155048
155049
155050
155055
155058
155059
155062
155065
155066
155070
155072
155074
155075
155076
155077
155080
155081
155082
155087
155090
155092
155093
155095
155096
155097
155099
155100
155105
155107
155109
155110
155116
155117
155119
155124
155126
155129
155130
155131
155132
155139
155140
155143
155145
155146
155148
155149
155151
155153
155163
155164
155165
155167
155170
155171
155173
155174
155178
155183
155184
155189
155196
155198
155204
155208
155209
155211
155214
155217
155218
155220
155221
155223
155224
155228
155232
155237
155238
155241
155248
155249
155251
155260
155261
155264
155268
155269
155277
155280
155281
155286
155287
155288
155294
155295
155297
155298
155300
155303
155304
155305
155307
155311
155312
155317
155320
155322
155323
155330
155334
155336
155342
155347
155353
155355
155359
155360
155361
155364
155366
155368
155371
155374
155376
155377
155379
155382
155389
155391
155399
155404
155405
155410
155413
155414
155415
155418
155421
155422
155425
155426
155431
155433
155434
155436
155438
155445
155448
155451
155453
155454
155455
155461
155462
155463
155465
155467
155469
155473
155475
155478
155479
155486
155487
155489
155501
155505
155508
155510
155511
155512
155513
155514
155516
155519
155520
155529
155535
155539
155542
155543
155544
155547
155548
155549
155550
155552
155557
155559
155560
155562
155565
155567
155569
155581
155585
155588
155594
155596
155598
155603
155604
155606
155608
155610
155611
155613
155614
155616
155621
155622
155623
155624
155625
155626
155628
155632
155633
155638
155645
155648
155652
155655
155659
155661
155666
155668
155669
155672
155676
155678
155679
155681
155684
155687
155688
155692
155695
155696
155697
155700
155701
155702
155705
155707
155708
155712
155714
155718
155719
155721
155723
155727
155728
155729
155738
155741
155745
155747
155753
155755
155763
155768
155769
155772
155773
155779
155780
155782
155784
155785
155792
155793
155794
155795
155796
155800
155802
155803
155806
155807
155808
155812
155817
155818
155819
155821
155823
155825
155827
155830
155833
155834
155835
155837
155841
155845
155846
155849
155851
155854
155855
155863
155865
155867
155869
155875
155876
155880
155881
155883
155884
155893
155898
155899
155906
155908
155909
155914
155915
155919
155923
155927
155930
155943
155946
155947
155949
155953
155954
155959
155960
155961
155962
155963
155965
155970
155972
155979
155983
155984
155985
155986
155992
155996
155997
155998
155999
156004
156007
156013
156015
156021
156022
156023
156025
156028
156029
156032
156033
156036
156039
156041
156043
156049
156052
156056
156058
156059
156061
156062
156063
156066
156067
156068
156069
156073
156078
156086
156089
156091
156093
156094
156095
156096
156098
156100
156102
156103
156108
156114
156124
156128
156129
156133
156138
156144
156147
156164
156166
156168
156169
156171
156177
156179
156181
156184
156189
156195
156197
156204
156206
156211
156212
156216
156217
156223
156224
156228
156229
156232
156233
156234
156236
156240
156242
156245
156250
156254
156257
156262
156264
156265
156267
156272
156276
156285
156286
156288
156292
156293
156297
156300
156301
156306
156308
156310
156311
156312
156318
156319
156327
156329
156331
156333
156334
156337
156338
156341
156342
156344
156347
156348
156351
156352
156353
156356
156357
156363
156371
156377
156383
156389
156390
156391
156399
156402
156404
156406
156408
156412
156413
156421
156422
156423
156425
156427
156428
156429
156432
156433
156435
156439
156442
156444
156447
156451
156453
156454
156455
156456
156457
156458
156462
156463
156466
156470
156473
156474
156476
156480
156486
156490
156491
156495
156496
156505
156507
156508
156510
156521
156524
156525
156528
156532
156534
156536
156538
156542
156543
156544
156545
156546
156549
156552
156555
156556
156563
156565
156568
156570
156571
156574
156576
156580
156587
156595
156606
156610
156613
156615
156618
156621
156622
156623
156626
156634
156639
156640
156643
156649
156656
156660
156662
156663
156666
156669
156670
156671
156672
156675
156676
156682
156685
156691
156698
156707
156709
156715
156717
156719
156721
156723
156724
156729
156733
156739
156740
156744
156746
156749
156756
156760
156764
156767
156770
156773
156780
156783
156785
156787
156795
156797
156798
156800
156801
156802
156804
156806
156812
156819
156829
156831
156833
156834
156836
156840
156841
156844
156851
156856
156857
156858
156864
156865
156866
156868
156869
156872
156876
156877
156878
156879
156881
156884
156885
156888
156893
156898
156900
156901
156905
156908
156909
156910
156915
156916
156922
156923
156926
156930
156931
156932
156933
156937
156939
156940
156941
156947
156949
156954
156955
156960
156961
156967
156970
156977
156978
156982
156983
156988
156994
156995
156998
156999
157002
157003
157006
157009
157010
157016
157017
157022
157023
157030
157034
157036
157038
157040
157041
157042
157044
157046
157047
157050
157053
157057
157060
157061
157062
157067
157071
157085
157088
157093
157096
157097
157102
157105
157107
157115
157117
157119
157121
157131
157132
157136
157139
157140
157141
157143
157146
157149
157150
157152
157153
157156
157159
157160
157161
157163
157167
157168
157169
157176
157177
157182
157183
157184
157185
157187
157188
157193
157194
157195
157201
157213
157214
157215
157216
157218
157225
157230
157244
157253
157255
157256
157258
157260
157262
157266
157268
157274
157275
157276
157279
157285
157288
157290
157293
157296
157299
157307
157308
157309
157312
157314
157316
157321
157326
157332
157342
157345
157347
157348
157349
157351
157353
157354
157357
157359
157360
157362
157363
157364
157365
157371
157375
157378
157379
157385
157387
157389
157391
157393
157397
157398
157399
157401
157402
157404
157405
157415
157416
157419
157420
157422
157423
157424
157427
157428
157430
157432
157443
157448
157449
157456
157457
157463
157470
157471
157478
157481
157482
157486
157489
157491
157492
157493
157498
157499
157502
157503
157504
157517
157526
157531
157533
157536
157537
157539
157546
157547
157548
157550
157551
157552
157561
157564
157581
157586
157591
157594
157597
157598
157599
157601
157604
157610
157611
157612
157617
157621
157622
157625
157626
157627
157628
157632
157633
157640
157647
157648
157649
157653
157657
157664
157666
157671
157673
157675
157676
157679
157681
157684
157685
157687
157691
157692
157693
157695
157698
157702
157703
157705
157706
157707
157711
157715
157723
157724
157727
157729
157731
157732
157734
157736
157738
157741
157744
157746
157748
157750
157753
157755
157757
157758
157761
157765
157767
157777
157783
157785
157790
157794
157795
157805
157806
157807
157809
157810
157817
157822
157826
157827
157828
157829
157830
157832
157836
157843
157846
157848
157849
157855
157857
157859
157864
157866
157867
157870
157872
157873
157875
157896
157897
157898
157902
157903
157907
157909
157912
157916
157918
157925
157927
157931
157932
157933
157939
157943
157945
157946
157949
157952
157957
157958
157959
157962
157965
157966
157970
157971
157972
157973
157976
157978
157980
157981
157983
157985
157987
157988
157989
157991
157993
157997
157999
158000
158004
158006
158007
158009
158013
158017
158019
158020
158021
158023
158032
158034
158035
158039
158040
158047
158048
158052
158053
158054
158055
158057
158069
158082
158090
158093
158094
158095
158098
158102
158104
158105
158108
158118
158121
158125
158129
158130
158134
158135
158138
158139
158140
158143
158145
158148
158153
158154
158158
158159
158166
158168
158171
158182
158187
158190
158194
158196
158198
158200
158203
158213
158216
158217
158219
158222
158231
158238
158243
158245
158246
158253
158254
158259
158260
158261
158270
158274
158275
158277
158279
158282
158283
158286
158287
158288
158289
158290
158291
158300
158303
158306
158310
158313
158318
158321
158322
158323
158334
158335
158339
158343
158344
158346
158347
158348
158350
158351
158352
158359
158367
158369
158381
158383
158388
158391
158394
158401
158406
158407
158408
158410
158411
158416
158417
158418
158419
158421
158424
158425
158426
158429
158433
158434
158435
158436
158442
158444
158455
158456
158457
158459
158461
158463
158464
158466
158467
158470
158472
158475
158489
158491
158492
158496
158497
158499
158504
158511
158514
158515
158518
158519
158520
158524
158525
158526
158534
158537
158545
158547
158548
158553
158554
158555
158558
158559
158561
158563
158564
158568
158573
158576
158577
158578
158579
158581
158582
158584
158585
158587
158589
158591
158592
158593
158596
158605
158606
158609
158617
158620
158624
158626
158627
158628
158630
158632
158634
158638
158641
158649
158650
158655
158660
158663
158668
158670
158671
158674
158676
158677
158679
158684
158685
158687
158689
158692
158693
158699
158702
158703
158704
158705
158707
158717
158718
158719
158722
158723
158731
158732
158734
158740
158741
158742
158743
158745
158748
158749
158751
158752
158753
158754
158755
158756
158759
158761
158764
158765
158782
158785
158795
158800
158803
158805
158808
158809
158810
158812
158815
158816
158822
158825
158827
158838
158844
158847
158849
158856
158858
158860
158865
158868
158872
158880
158893
158903
158907
158912
158913
158916
158923
158926
158927
158931
158934
158936
158947
158956
158959
158962
158969
158981
158992
158998
159001
159003
159016
159024
159029
159030
159031
159032
159033
159034
159035
159039
159041
159042
159045
159046
159050
159051
159052
159053
159054
159056
159059
159061
159067
159069
159070
159071
159072
159074
159075
159076
159079
159080
159082
159084
159089
159090
159091
159093
159095
159096
159097
159098
159099
159101
159102
159103
159104
159105
159115
159117
159118
159122
159123
159126
159127
159128
159130
159131
159132
159133
159134
159136
159140
159141
159142
159143
159144
159146
159148
159149
159153
159154
159155
159156
159160
159161
159163
159164
159165
159170
159174
159175
159176
159178
159182
159183
159190
159193
159194
159198
159202
159206
159207
159210
159211
159213
159216
159217
159218
159220
159221
159222
159223
159226
159230
159233
159234
159235
159236
159241
159242
159248
159249
159251
159254
159255
159261
159264
159265
159266
159269
159270
159274
159275
159277
159284
159286
159288
159290
159292
159293
159295
159296
159297
159298
159301
159303
159305
159310
159313
159314
159315
159317
159320
159322
159324
159327
159329
159330
159332
159337
159341
159342
159344
159349
159351
159353
159358
159362
159365
159366
159370
159374
159375
159378
159380
159383
159386
159391
159393
159395
159397
159400
159401
159404
159405
159406
159409
159410
159412
159415
159416
159418
159424
159429
159431
159436
159438
159439
159440
159447
159448
159453
159455
159456
159458
159460
159463
159467
159470
159471
159472
159475
159477
159478
159479
159482
159484
159487
159489
159491
159496
159497
159499
159503
159505
159507
159511
159518
159521
159525
159527
159529
159531
159534
159537
159538
159539
159541
159542
159543
159544
159545
159546
159547
159548
159550
159551
159553
159555
159557
159561
159565
159567
159572
159573
159574
159575
159576
159578
159582
159584
159590
159593
159594
159598
159599
159601
159602
159603
159607
159608
159609
159612
159615
159619
159625
159628
159632
159636
159637
159639
159647
159648
159649
159653
159655
159656
159659
159666
159668
159670
159677
159678
159679
159680
159681
159682
159688
159689
159690
159691
159692
159695
159698
159699
159702
159705
159706
159712
159714
159717
159720
159722
159723
159725
159726
159731
159733
159737
159743
159746
159751
159754
159758
159759
159763
159764
159765
159767
159769
159772
159778
159779
159784
159788
159789
159791
159796
159799
159805
159806
159808
159809
159810
159813
159814
159815
159816
159820
159821
159822
159823
159824
159825
159827
159829
159833
159834
159835
159836
159837
159838
159840
159843
159849
159852
159856
159860
159861
159866
159867
159870
159874
159878
159879
159880
159881
159883
159885
159889
159893
159896
159900
159902
159906
159909
159910
159911
159913
159915
159917
159920
159926
159927
159928
159929
159931
159936
159940
159942
159948
159952
159954
159957
159959
159962
159963
159969
159977
159984
159985
159986
159989
159993
159997
159999
160002
160003
160014
160015
160017
160022
160023
160025
160027
160031
160032
160034
160040
160045
160046
160050
160053
160054
160056
160058
160059
160066
160069
160076
160078
160082
160085
160086
160089
160091
160092
160099
160102
160103
160104
160105
160106
160115
160116
160119
160127
160128
160131
160133
160134
160136
160138
160142
160143
160145
160147
160148
160149
160152
160153
160154
160161
160162
160166
160171
160173
160174
160175
160176
160178
160182
160187
160188
160191
160195
160199
160200
160202
160205
160211
160212
160215
160218
160219
160221
160226
160227
160234
160235
160237
160238
160242
160243
160245
160249
160251
160253
160255
160256
160257
160259
160263
160265
160267
160268
160270
160271
160272
160276
160277
160281
160283
160285
160289
160291
160292
160295
160297
160305
160306
160307
160311
160313
160316
160317
160318
160319
160329
160330
160335
160341
160342
160347
160349
160350
160351
160352
160356
160357
160358
160361
160364
160365
160368
160370
160374
160383
160384
160385
160386
160390
160393
160395
160398
160399
160400
160401
160408
160411
160413
160417
160419
160420
160422
160425
160427
160434
160435
160442
160443
160444
160448
160450
160453
160454
160455
160457
160459
160462
160463
160468
160473
160474
160480
160481
160488
160490
160492
160496
160497
160502
160503
160512
160513
160519
160522
160529
160531
160536
160537
160540
160541
160545
160550
160552
160558
160562
160572
160573
160575
160577
160580
160583
160587
160591
160593
160594
160596
160597
160601
160605
160606
160607
160608
160609
160612
160613
160614
160617
160618
160624
160626
160628
160632
160639
160642
160645
160646
160649
160650
160656
160657
160666
160667
160668
160669
160671
160675
160678
160679
160680
160681
160685
160686
160687
160690
160691
160693
160694
160695
160696
160700
160701
160708
160714
160716
160719
160723
160725
160733
160737
160740
160741
160742
160743
160751
160757
160761
160762
160766
160769
160770
160773
160775
160776
160780
160781
160782
160783
160784
160789
160790
160792
160793
160795
160797
160799
160800
160801
160804
160805
160810
160812
160813
160816
160819
160823
160827
160828
160830
160834
160835
160836
160843
160845
160847
160849
160852
160854
160856
160857
160858
160861
160862
160864
160866
160867
160872
160877
160882
160883
160885
160886
160889
160891
160895
160896
160899
160900
160906
160907
160910
160912
160918
160923
160927
160931
160933
160935
160936
160939
160941
160946
160949
160950
160954
160957
160960
160961
160963
160965
160966
160972
160980
160981
160982
160983
160985
160986
160990
160992
160994
160999
161003
161005
161007
161008
161012
161014
161015
161018
161020
161032
161034
161035
161038
161041
161047
161054
161057
161058
161063
161068
161069
161071
161072
161074
161075
161076
161089
161090
161092
161095
161102
161109
161111
161116
161117
161118
161119
161125
161126
161128
161129
161131
161133
161134
161136
161140
161143
161151
161153
161154
161155
161157
161158
161159
161160
161162
161165
161166
161168
161169
161171
161172
161175
161176
161178
161179
161183
161186
161190
161192
161200
161201
161204
161205
161210
161212
161213
161216
161220
161221
161224
161228
161229
161233
161234
161236
161237
161239
161240
161241
161251
161253
161258
161260
161261
161263
161265
161269
161270
161272
161274
161276
161281
161282
161283
161284
161285
161286
161288
161289
161291
161293
161304
161305
161312
161314
161315
161319
161320
161321
161326
161327
161340
161343
161344
161347
161348
161349
161352
161359
161361
161362
161363
161365
161367
161369
161371
161372
161375
161377
161380
161381
161382
161384
161388
161393
161396
161398
161402
161403
161407
161408
161414
161419
161420
161421
161422
161423
161427
161431
161434
161435
161437
161438
161440
161444
161446
161448
161449
161460
161462
161464
161470
161476
161480
161484
161488
161489
161490
161491
161497
161499
161500
161504
161507
161508
161512
161513
161516
161519
161520
161525
161529
161530
161532
161533
161537
161538
161541
161543
161544
161547
161549
161551
161556
161557
161560
161563
161570
161572
161574
161576
161577
161586
161588
161589
161590
161592
161593
161595
161597
161599
161604
161608
161611
161612
161616
161619
161621
161624
161628
161629
161631
161632
161636
161637
161641
161642
161655
161657
161664
161666
161670
161672
161677
161679
161681
161686
161687
161688
161690
161701
161702
161703
161704
161705
161706
161707
161709
161714
161718
161723
161729
161732
161733
161737
161739
161741
161743
161746
161748
161750
161752
161756
161758
161760
161762
161765
161766
161771
161773
161774
161779
161780
161782
161783
161786
161789
161792
161795
161798
161799
161800
161803
161804
161805
161809
161811
161815
161816
161818
161821
161824
161826
161828
161829
161830
161832
161834
161835
161836
161837
161840
161842
161844
161847
161848
161850
161851
161854
161855
161859
161863
161864
161866
161868
161869
161872
161875
161876
161877
161880
161881
161888
161896
161898
161905
161909
161910
161912
161920
161921
161924
161927
161929
161931
161932
161934
161943
161946
161947
161948
161952
161955
161956
161959
161964
161968
161970
161974
161976
161978
161979
161981
161982
161983
161986
161991
161994
161995
161996
161999
162000
162004
162008
162014
162016
162017
162019
162020
162021
162027
162030
162033
162043
162045
162047
162048
162057
162058
162064
162068
162069
162074
162076
162079
162081
162084
162085
162089
162093
162096
162098
162104
162106
162114
162115
162118
162121
162122
162123
162124
162125
162126
162127
162130
162136
162148
162149
162151
162155
162158
162159
162163
162165
162166
162171
162172
162174
162175
162176
162177
162182
162183
162184
162186
162188
162191
162193
162196
162197
162199
162208
162209
162210
162211
162215
162217
162218
162223
162224
162228
162230
162231
162233
162235
162237
162239
162241
162248
162251
162254
162255
162257
162258
162259
162264
162265
162269
162270
162272
162273
162274
162276
162277
162278
162279
162281
162282
162285
162286
162288
162291
162292
162294
162296
162299
162303
162304
162308
162309
162310
162311
162317
162318
162319
162320
162321
162322
162323
162324
162326
162327
162329
162331
162340
162343
162345
162347
162357
162358
162359
162362
162365
162367
162368
162369
162371
162373
162374
162376
162380
162381
162385
162390
162391
162393
162395
162401
162405
162406
162415
162416
162419
162421
162423
162428
162432
162436
162437
162440
162445
162446
162447
162448
162451
162452
162455
162456
162460
162462
162464
162465
162470
162473
162478
162479
162480
162482
162484
162488
162490
162493
162494
162495
162496
162497
162498
162499
162508
162509
162531
162533
162536
162537
162538
162541
162544
162546
162548
162549
162551
162554
162555
162559
162561
162562
162564
162570
162572
162573
162580
162581
162582
162585
162586
162593
162594
162598
162600
162605
162608
162609
162610
162611
162612
162615
162616
162617
162619
162624
162626
162627
162631
162632
162638
162641
162648
162650
162651
162656
162657
162665
162666
162668
162674
162678
162679
162683
162687
162690
162691
162695
162704
162711
162712
162713
162714
162715
162719
162721
162722
162724
162725
162728
162730
162734
162735
162738
162741
162746
162750
162751
162754
162755
162756
162758
162759
162762
162764
162770
162772
162778
162780
162785
162792
162794
162795
162799
162804
162805
162806
162808
162813
162814
162816
162818
162822
162824
162826
162829
162831
162840
162842
162847
162848
162851
162852
162855
162856
162858
162861
162863
162865
162871
162874
162878
162879
162881
162886
162888
162889
162894
162898
162901
162905
162906
162908
162910
162912
162917
162918
162920
162922
162923
162924
162925
162929
162932
162935
162936
162941
162944
162948
162950
162956
162963
162967
162971
162974
162976
162980
162984
162989
162991
162993
162995
162997
162998
163002
163004
163010
163014
163016
163017
163025
163027
163028
163029
163031
163035
163037
163039
163041
163043
163044
163045
163046
163049
163050
163051
163052
163053
163054
163061
163064
163068
163069
163070
163071
163072
163074
163076
163082
163085
163091
163094
163095
163104
163105
163106
163112
163113
163114
163116
163119
163121
163128
163130
163139
163141
163142
163144
163147
163149
163152
163154
163160
163163
163166
163168
163169
163176
163177
163180
163186
163192
163195
163197
163199
163200
163205
163206
163207
163212
163218
163220
163228
163232
163235
163239
163244
163247
163258
163261
163262
163263
163264
163266
163269
163270
163272
163276
163280
163281
163282
163283
163296
163300
163307
163309
163310
163312
163313
163314
163316
163317
163318
163319
163321
163324
163325
163329
163331
163337
163338
163340
163341
163343
163344
163347
163353
163357
163360
163364
163368
163369
163372
163373
163376
163380
163382
163385
163390
163394
163396
163398
163401
163404
163405
163407
163409
163412
163414
163416
163421
163422
163430
163435
163439
163440
163442
163445
163446
163448
163449
163455
163457
163460
163464
163466
163467
163468
163471
163473
163477
163478
163481
163484
163485
163487
163488
163489
163492
163495
163501
163504
163512
163513
163514
163519
163526
163528
163534
163535
163536
163539
163542
163544
163553
163555
163557
163561
163565
163566
163569
163575
163576
163577
163579
163580
163581
163585
163587
163589
163590
163591
163598
163600
163610
163612
163613
163614
163615
163620
163622
163624
163626
163627
163628
163638
163641
163644
163645
163647
163649
163652
163656
163659
163660
163664
163669
163670
163679
163684
163685
163687
163689
163691
163694
163696
163697
163706
163710
163715
163717
163719
163721
163724
163726
163728
163729
163731
163742
163749
163752
163753
163754
163758
163759
163763
163764
163768
163770
163772
163776
163779
163780
163781
163782
163786
163788
163790
163794
163800
163803
163804
163808
163809
163812
163813
163820
163830
163836
163837
163841
163845
163849
163858
163861
163864
163866
163868
163870
163874
163877
163884
163888
163893
163896
163899
163904
163905
163910
163915
163918
163920
163926
163931
163933
163935
163938
163940
163941
163942
163950
163951
163956
163957
163961
163963
163964
163967
163973
163975
163978
163981
163983
163985
163987
163989
163990
163993
163999
164000
164002
164003
164004
164005
164007
164008
164010
164014
164016
164019
164020
164022
164023
164025
164033
164034
164037
164042
164045
164046
164049
164052
164055
164057
164059
164060
164061
164077
164081
164085
164086
164087
164088
164089
164090
164092
164095
164098
164100
164101
164102
164103
164104
164105
164106
164107
164114
164116
164119
164120
164126
164132
164135
164136
164137
164145
164148
164149
164153
164156
164158
164160
164162
164165
164167
164168
164172
164174
164176
164180
164181
164182
164189
164191
164196
164199
164205
164206
164211
164213
164218
164220
164224
164231
164235
164236
164237
164238
164239
164240
164241
164242
164250
164252
164258
164260
164263
164268
164271
164272
164273
164275
164277
164283
164287
164288
164289
164293
164295
164296
164300
164304
164306
164311
164324
164325
164326
164334
164337
164338
164339
164346
164351
164355
164356
164359
164362
164363
164365
164366
164367
164369
164370
164377
164378
164379
164381
164382
164385
164388
164389
164390
164392
164395
164397
164398
164401
164403
164406
164408
164411
164412
164417
164418
164419
164423
164424
164428
164432
164433
164435
164436
164437
164440
164443
164444
164445
164446
164447
164448
164449
164455
164460
164463
164465
164467
164469
164470
164472
164475
164480
164482
164483
164484
164486
164488
164489
164494
164495
164497
164498
164502
164504
164506
164509
164512
164515
164518
164519
164523
164528
164535
164536
164537
164541
164545
164546
164551
164553
164556
164559
164565
164569
164571
164573
164574
164575
164577
164579
164583
164589
164590
164594
164597
164599
164600
164601
164608
164614
164617
164620
164621
164628
164632
164635
164638
164639
164641
164643
164646
164657
164661
164662
164666
164669
164670
164675
164680
164684
164687
164690
164696
164699
164700
164701
164702
164707
164711
164712
164713
164720
164724
164725
164728
164734
164738
164740
164745
164746
164753
164754
164756
164757
164768
164771
164777
164779
164781
164782
164785
164786
164787
164788
164790
164801
164802
164807
164814
164815
164817
164818
164822
164823
164824
164827
164829
164831
164833
164834
164837
164840
164841
164843
164844
164847
164849
164850
164851
164856
164857
164860
164864
164869
164877
164878
164879
164881
164882
164883
164884
164889
164890
164891
164898
164899
164901
164902
164903
164904
164905
164908
164910
164915
164918
164925
164927
164930
164933
164936
164938
164940
164943
164946
164950
164951
164960
164962
164964
164966
164968
164969
164971
164972
164973
164975
164983
164984
164985
164986
164988
164989
164992
164993
164994
164995
164996
165005
165006
165008
165010
165023
165024
165025
165027
165028
165030
165031
165036
165037
165041
165046
165047
165049
165052
165057
165062
165076
165078
165084
165089
165091
165092
165093
165095
165096
165098
165103
165105
165116
165117
165119
165120
165126
165129
165131
165132
165138
165139
165141
165143
165149
165151
165153
165158
165165
165168
165171
165172
165174
165180
165181
165186
165187
165191
165192
165199
165203
165208
165209
165211
165224
165225
165227
165229
165230
165233
165234
165235
165236
165240
165241
165242
165243
165244
165245
165250
165252
165256
165261
165265
165267
165271
165272
165273
165274
165277
165281
165286
165296
165298
165302
165303
165305
165308
165313
165318
165319
165320
165322
165323
165326
165328
165329
165332
165338
165340
165342
165346
165350
165351
165352
165355
165357
165360
165363
165364
165366
165372
165375
165376
165382
165383
165384
165387
165393
165395
165399
165401
165403
165405
165408
165409
165410
165411
165412
165415
165416
165418
165420
165424
165429
165430
165431
165434
165435
165438
165439
165440
165441
165442
165444
165446
165448
165452
165453
165454
165461
165464
165465
165471
165472
165473
165475
165476
165477
165479
165484
165492
165497
165498
165499
165500
165501
165502
165503
165507
165508
165511
165512
165518
165519
165523
165525
165528
165530
165539
165540
165541
165546
165547
165552
165553
165554
165564
165567
165569
165571
165573
165576
165577
165581
165584
165587
165588
165602
165605
165608
165620
165627
165628
165629
165630
165632
165637
165639
165643
165644
165645
165646
165648
165659
165660
165663
165666
165676
165677
165679
165680
165681
165684
165685
165686
165691
165692
165693
165695
165696
165706
165708
165710
165711
165721
165726
165727
165731
165734
165739
165747
165748
165750
165759
165765
165768
165771
165776
165782
165786
165792
165794
165798
165799
165800
165803
165808
165809
165810
165812
165814
165816
165817
165819
165823
165833
165836
165837
165839
165841
165843
165847
165848
165853
165856
165857
165859
165867
165871
165873
165878
165879
165880
165886
165887
165888
165891
165894
165895
165897
165898
165899
165906
165907
165908
165910
165911
165920
165923
165924
165928
165929
165932
165936
165937
165939
165946
165949
165951
165954
165957
165959
165962
165964
165967
165969
165970
165972
165974
165979
165981
165984
165989
165992
166002
166007
166009
166012
166016
166017
166019
166020
166027
166028
166034
166035
166039
166040
166042
166044
166045
166047
166052
166057
166064
166067
166070
166071
166072
166073
166074
166076
166077
166082
166084
166085
166087
166090
166091
166096
166097
166102
166105
166106
166109
166112
166123
166127
166132
166133
166137
166140
166148
166152
166156
166161
166166
166167
166180
166182
166189
166190
166196
166197
166198
166202
166203
166205
166206
166208
166211
166212
166213
166215
166225
166228
166230
166231
166232
166233
166234
166235
166236
166244
166248
166251
166253
166255
166256
166258
166260
166264
166265
166266
166272
166276
166277
166280
166283
166284
166298
166300
166301
166302
166305
166306
166316
166320
166321
166326
166328
166329
166334
166336
166337
166341
166342
166347
166348
166349
166351
166353
166354
166357
166359
166360
166365
166367
166369
166375
166378
166386
166389
166392
166397
166398
166400
166406
166408
166413
166416
166418
166420
166422
166426
166427
166435
166437
166441
166444
166445
166449
166451
166452
166454
166456
166460
166462
166466
166467
166468
166470
166471
166472
166474
166477
166482
166488
166489
166492
166493
166500
166509
166511
166517
166519
166522
166525
166527
166532
166539
166544
166546
166552
166554
166555
166559
166561
166565
166569
166572
166573
166575
166577
166581
166588
166592
166594
166596
166597
166600
166602
166603
166605
166606
166608
166609
166611
166613
166616
166619
166621
166627
166635
166636
166645
166646
166648
166650
166656
166657
166659
166662
166663
166664
166666
166668
166672
166673
166674
166683
166689
166692
166693
166694
166704
166707
166715
166716
166719
166722
166724
166732
166735
166740
166741
166743
166756
166759
166762
166765
166771
166775
166776
166782
166784
166785
166791
166794
166800
166802
166804
166815
166818
166819
166826
166827
166830
166832
166839
166842
166844
166850
166852
166853
166857
166859
166863
166865
166867
166869
166870
166871
166874
166875
166876
166881
166883
166885
166892
166897
166900
166901
166906
166912
166915
166916
166925
166926
166927
166929
166933
166935
166937
166941
166945
166954
166955
166959
166960
166963
166970
166975
166978
166979
166980
166982
166985
166989
166991
166997
167000
167001
167002
167003
167005
167009
167011
167016
167018
167020
167021
167023
167024
167027
167028
167033
167035
167036
167040
167048
167050
167051
167054
167056
167060
167063
167073
167075
167076
167077
167079
167089
167096
167103
167108
167111
167114
167115
167116
167118
167120
167121
167122
167125
167126
167127
167129
167131
167133
167136
167137
167138
167142
167145
167156
167157
167159
167161
167164
167167
167173
167174
167187
167190
167191
167200
167202
167209
167213
167215
167217
167219
167220
167223
167231
167232
167233
167237
167239
167241
167242
167248
167250
167251
167267
167268
167270
167274
167281
167287
167293
167294
167295
167296
167300
167302
167319
167326
167329
167337
167345
167352
167354
167365
167368
167369
167373
167375
167376
167381
167389
167392
167393
167395
167396
167401
167409
167412
167413
167415
167417
167418
167421
167422
167424
167425
167426
167427
167428
167432
167438
167442
167446
167449
167455
167464
167465
167468
167474
167475
167479
167494
167495
167501
167505
167510
167518
167520
167522
167523
167524
167526
167532
167534
167535
167540
167542
167543
167549
167551
167558
167559
167564
167565
167567
167588
167596
167597
167598
167600
167602
167607
167608
167611
167614
167617
167620
167624
167633
167643
167647
167654
167661
167664
167665
167669
167673
167677
167681
167684
167690
167701
167704
167705
167709
167712
167713
167718
167719
167720
167721
167729
167737
167739
167749
167750
167751
167754
167760
167765
167768
167773
167774
167776
167782
167783
167785
167786
167791
167802
167807
167808
167815
167817
167818
167819
167820
167821
167822
167823
167834
167835
167836
167841
167849
167850
167851
167852
167854
167855
167856
167862
167863
167864
167868
167873
167883
167890
167897
167901
167902
167905
167906
167908
167914
167915
167917
167918
167922
167926
167929
167930
167933
167937
167947
167950
167956
167957
167961
167965
167967
167968
167969
167975
167979
167982
167994
168000
168001
168004
168014
168016
168018
168019
168024
168026
168029
168037
168038
168042
168043
168052
168053
168059
168060
168061
168068
168077
168082
168092
168097
168100
168101
168103
168106
168109
168117
168118
168120
168121
168125
168127
168130
168135
168136
168138
168143
168144
168145
168146
168151
168154
168157
168160
168165
168184
168186
168194
168195
168198
168206
168209
168210
168211
168212
168214
168217
168220
168227
168228
168237
168241
168242
168245
168251
168259
168262
168266
168279
168284
168285
168287
168291
168292
168293
168300
168303
168314
168315
168317
168321
168324
168329
168332
168333
168334
168336
168338
168343
168347
168351
168355
168362
168363
168370
168371
168372
168385
168390
168393
168397
168401
168402
168403
168406
168408
168412
168431
168436
168437
168445
168454
168455
168458
168460
168466
168467
168468
168475
168480
168493
168494
168497
168499
168510
168517
168518
168531
168533
168539
168544
168552
168553
168562
168566
168572
168575
168579
168589
168590
168594
168597
168598
168600
168616
168619
168621
168625
168634
168635
168639
168640
168641
168642
168651
168656
168657
168660
168661
168666
168668
168672
168673
168674
168675
168676
168678
168683
168684
168690
168691
168695
168696
168697
168700
168701
168703
168705
168706
168709
168714
168715
168717
168723
168726
168732
168737
168741
168746
168750
168752
168753
168757
168766
168778
168780
168782
168783
168793
168807
168811
168813
168815
168818
168823
168825
168827
168830
168833
168835
168838
168840
168845
168852
168853
168855
168858
168859
168861
168863
168867
168876
168879
168881
168884
168889
168890
168891
168892
168895
168896
168904
168909
168912
168914
168931
168934
168936
168937
168938
168941
168943
168948
168950
168952
168953
168956
168957
168958
168959
168964
168971
168975
168977
168979
168981
168988
168990
168991
168998
168999
169001
169002
169005
169006
169012
169014
169017
169019
169023
169026
169028
169031
169042
169043
169045
169050
169051
169053
169054
169056
169061
169068
169078
169081
169086
169088
169091
169092
169094
169100
169103
169111
169127
169132
169133
169134
169143
169151
169152
169156
169169
169173
169174
169182
169183
169189
169192
169195
169196
169200
169207
169210
169212
169219
169220
169227
169230
169234
169239
169246
169247
169249
169253
169254
169259
169275
169283
169286
169292
169299
169300
169309
169311
169312
169318
169319
169320
169346
169347
169352
169359
169381
169388
169389
169398
169404
169409
169411
169412
169425
169428
169438
169450
169453
169460
169462
169464
169469
169479
169489
169495
169508
169514
169521
169525
169528
169535
169536
169537
169542
169553
169554
169556
169574
169577
169581
169585
169594
169598
169600
169602
169615
169620
169622
169629
169632
169634
169637
169639
169650
169666
169675
169677
169682
169684
169693
169695
169711
169713
169716
169723
169724
169736
169748
169749
169752
169753
169762
169763
169764
169771
169784
169786
169788
169791
169800
169802
169808
169814
169822
169823
169826
169828
169832
169834
169838
169848
169859
169868
169875
169882
169887
169891
169892
169898
169899
169907
169917
169921
169928
169932
169936
169939
169941
169943
169946
169950
169951
169959
169961
169965
169968
169977
169978
169980
169982
169983
169984
169988
169998
170002
170014
170016
170025
170027
170031
170032
170034
170043
170044
170045
170046
170048
170051
170055
170057
170061
170064
170073
170074
170075
170080
170085
170086
170095
170099
170103
170108
170112
170115
170116
170121
170127
170130
170132
170135
170137
170139
170140
170143
170144
170147
170148
170149
170151
170153
170161
170162
170164
170166
170169
170173
170186
170189
170190
170191
170194
170196
170198
170202
170204
170205
170208
170211
170215
170218
170219
170220
170224
170231
170236
170242
170247
170248
170253
170257
170261
170264
170265
170266
170267
170280
170284
170285
170286
170291
170298
170303
170311
170312
170313
170320
170324
170330
170332
170334
170335
170340
170341
170342
170349
170356
170362
170363
170367
170371
170375
170378
170381
170382
170390
170391
170392
170393
170395
170398
170399
170400
170406
170409
170410
170413
170414
170417
170418
170425
170435
170437
170438
170443
170448
170449
170453
170458
170460
170463
170465
170467
170471
170472
170477
170480
170486
170492
170496
170497
170500
170509
170514
170515
170517
170519
170528
170530
170531
170533
170546
170550
170551
170559
170561
170566
170567
170568
170569
170570
170572
170573
170575
170577
170580
170582
170585
170587
170588
170591
170594
170596
170598
170599
170617
170618
170623
170627
170630
170631
170634
170636
170643
170646
170647
170651
170653
170658
170660
170661
170664
170667
170668
170674
170676
170686
170687
170689
170693
170712
170714
170719
170720
170721
170722
170728
170731
170740
170741
170744
170747
170750
170752
170758
170759
170760
170765
170767
170768
170770
170777
170779
170783
170785
170788
170789
170795
170800
170802
170803
170809
170812
170820
170821
170822
170824
170834
170838
170841
170848
170850
170852
170853
170855
170856
170859
170863
170866
170867
170872
170873
170875
170887
170888
170889
170890
170893
170894
170899
170905
170912
170917
170918
170929
170931
170939
170943
170946
170948
170954
170960
170967
170971
170976
170977
170981
170985
170990
170996
170997
171000
171001
171011
171014
171016
171017
171021
171022
171023
171024
171030
171033
171037
171041
171045
171047
171051
171057
171059
171062
171067
171069
171070
171071
171073
171075
171082
171089
171092
171093
171096
171097
171099
171100
171101
171111
171118
171119
171120
171123
171126
171131
171132
171133
171137
171144
171148
171149
171157
171158
171161
171168
171169
171176
171177
171184
171186
171193
171200
171202
171203
171204
171222
171224
171227
171228
171233
171237
171243
171251
171252
171253
171257
171270
171272
171274
171276
171277
171278
171291
171294
171297
171299
171300
171302
171303
171305
171309
171313
171316
171318
171325
171326
171328
171329
171338
171349
171354
171355
171356
171357
171359
171368
171372
171378
171381
171385
171386
171388
171392
171394
171396
171397
171401
171403
171405
171407
171408
171409
171413
171424
171432
171440
171442
171448
171449
171450
171454
171458
171460
171463
171464
171466
171470
171474
171477
171478
171479
171480
171484
171489
171492
171493
171501
171502
171506
171518
171520
171524
171529
171530
171532
171533
171541
171544
171546
171547
171551
171560
171567
171571
171573
171578
171579
171581
171583
171587
171588
171592
171597
171598
171601
171603
171604
171607
171613
171614
171622
171628
171629
171631
171632
171634
171635
171636
171640
171641
171643
171650
171654
171655
171656
171657
171658
171663
171664
171665
171670
171674
171680
171681
171682
171683
171685
171689
171690
171692
171694
171695
171698
171709
171714
171716
171717
171722
171723
171727
171728
171729
171730
171731
171739
171742
171743
171745
171746
171747
171748
171750
171753
171754
171759
171760
171762
171763
171769
171771
171773
171780
171782
171784
171786
171787
171801
171805
171806
171811
171812
171813
171817
171819
171820
171824
171827
171832
171834
171836
171837
171838
171841
171843
171846
171848
171855
171868
171870
171875
171878
171884
171885
171888
171892
171893
171902
171903
171905
171907
171908
171909
171912
171918
171921
171924
171925
171926
171931
171934
171938
171945
171949
171950
171961
171964
171968
171970
171972
171974
171976
171985
171988
171989
171994
171997
171998
172009
172011
172012
172013
172019
172020
172021
172023
172025
172027
172031
172037
172038
172042
172044
172048
172049
172053
172065
172066
172067
172069
172074
172080
172083
172088
172089
172094
172099
172100
172104
172105
172108
172113
172114
172117
172118
172129
172130
172131
172133
172135
172136
172138
172139
172141
172144
172145
172146
172147
172148
172152
172153
172157
172162
172163
172168
172174
172178
172179
172180
172185
172188
172192
172194
172195
172198
172199
172200
172202
172203
172204
172206
172209
172214
172218
172219
172225
172226
172231
172232
172236
172237
172239
172240
172242
172243
172249
172251
172253
172255
172256
172258
172262
172267
172271
172279
172281
172282
172284
172285
172286
172292
172293
172294
172300
172301
172304
172305
172306
172307
172308
172311
172312
172328
172330
172332
172336
172339
172341
172347
172351
172357
172359
172361
172363
172367
172368
172370
172373
172376
172378
172379
172380
172381
172383
172384
172388
172391
172392
172394
172396
172399
172400
172408
172411
172412
172414
172415
172419
172422
172427
172436
172437
172439
172442
172445
172453
172456
172459
172463
172465
172468
172469
172475
172476
172477
172488
172489
172493
172497
172498
172499
172501
172502
172503
172505
172508
172514
172517
172518
172522
172524
172527
172531
172540
172543
172545
172547
172553
172554
172555
172561
172565
172566
172567
172568
172575
172576
172581
172583
172584
172585
172588
172592
172605
172608
172610
172614
172617
172619
172621
172624
172628
172630
172637
172639
172640
172646
172649
172650
172651
172657
172659
172664
172665
172675
172677
172678
172679
172682
172685
172686
172690
172706
172707
172708
172715
172731
172732
172735
172738
172744
172748
172752
172753
172755
172756
172757
172763
172764
172767
172774
172778
172780
172781
172786
172788
172789
172791
172800
172803
172809
172812
172814
172823
172826
172830
172834
172836
172840
172841
172846
172856
172857
172858
172867
172871
172876
172880
172885
172889
172890
172892
172894
172895
172898
172903
172905
172909
172911
172915
172920
172930
172936
172941
172945
172950
172951
172953
172954
172955
172960
172962
172966
172979
172981
172982
172983
172984
172987
172988
172989
172990
172993
172996
173009
173014
173016
173017
173020
173024
173025
173029
173031
173038
173039
173041
173046
173047
173048
173049
173053
173054
173058
173061
173062
173064
173067
173068
173070
173072
173076
173078
173085
173089
173092
173097
173099
173103
173104
173105
173113
173114
173115
173122
173124
173127
173129
173131
173134
173137
173143
173144
173145
173147
173151
173155
173156
173162
173163
173164
173165
173169
173171
173174
173175
173177
173181
173182
173187
173191
173192
173196
173199
173200
173202
173206
173207
173209
173216
173222
173225
173227
173229
173234
173241
173242
173260
173264
173266
173273
173276
173279
173280
173282
173286
173288
173290
173291
173292
173293
173298
173300
173301
173303
173311
173312
173315
173316
173326
173327
173332
173334
173345
173348
173352
173358
173362
173363
173365
173366
173367
173371
173375
173388
173392
173395
173397
173398
173406
173407
173409
173417
173418
173424
173428
173431
173434
173439
173441
173442
173443
173445
173446
173448
173451
173456
173462
173464
173466
173477
173479
173488
173493
173494
173495
173498
173499
173503
173505
173506
173507
173516
173518
173519
173520
173526
173529
173530
173533
173534
173537
173542
173544
173545
173546
173547
173548
173556
173562
173566
173568
173571
173573
173574
173577
173580
173583
173584
173585
173587
173589
173597
173598
173600
173602
173608
173612
173618
173619
173620
173624
173625
173627
173630
173631
173633
173636
173638
173640
173647
173650
173655
173656
173659
173669
173670
173676
173681
173688
173695
173699
173700
173706
173712
173714
173719
173727
173735
173740
173741
173743
173745
173746
173748
173758
173759
173762
173772
173775
173776
173779
173780
173783
173787
173791
173792
173798
173802
173804
173807
173818
173819
173820
173823
173824
173825
173828
173830
173832
173835
173838
173839
173840
173844
173846
173848
173849
173850
173853
173854
173856
173870
173871
173873
173876
173878
173884
173891
173894
173902
173906
173910
173914
173917
173918
173919
173923
173924
173927
173929
173935
173938
173939
173941
173945
173946
173955
173958
173961
173964
173968
173969
173971
173972
173974
173976
173977
173980
173982
173983
173985
173992
173994
174000
174002
174005
174006
174007
174008
174010
174014
174018
174020
174022
174029
174035
174038
174039
174043
174048
174050
174056
174061
174063
174067
174069
174070
174073
174080
174082
174083
174092
174094
174095
174099
174100
174105
174107
174109
174117
174119
174120
174121
174132
174140
174143
174144
174147
174149
174151
174154
174158
174159
174162
174167
174168
174170
174171
174172
174176
174177
174179
174180
174183
174188
174194
174195
174198
174200
174213
174219
174220
174221
174222
174232
174239
174242
174243
174244
174246
174249
174251
174256
174258
174259
174262
174265
174267
174271
174272
174274
174278
174279
174282
174285
174286
174289
174293
174296
174299
174300
174302
174303
174305
174306
174309
174311
174317
174322
174332
174334
174338
174340
174341
174342
174344
174347
174348
174349
174353
174354
174355
174359
174361
174363
174364
174365
174366
174367
174375
174376
174378
174388
174389
174393
174395
174397
174399
174400
174402
174407
174410
174415
174416
174417
174424
174426
174430
174433
174435
174436
174437
174442
174448
174450
174452
174454
174457
174459
174461
174465
174467
174471
174476
174481
174482
174485
174486
174489
174497
174503
174504
174505
174507
174508
174510
174514
174518
174520
174521
174526
174527
174528
174529
174530
174531
174534
174538
174539
174541
174546
174548
174554
174555
174558
174560
174561
174562
174564
174566
174567
174569
174571
174574
174575
174577
174581
174582
174584
174589
174590
174591
174592
174593
174594
174596
174597
174605
174608
174609
174615
174617
174618
174628
174632
174634
174639
174640
174648
174650
174652
174655
174656
174659
174663
174664
174675
174677
174678
174679
174680
174682
174691
174695
174697
174705
174708
174709
174711
174713
174714
174716
174718
174725
174726
174731
174733
174735
174746
174749
174753
174755
174757
174759
174762
174763
174764
174769
174773
174776
174783
174784
174785
174786
174787
174789
174793
174795
174797
174798
174800
174806
174809
174810
174818
174820
174825
174827
174839
174843
174845
174852
174855
174862
174864
174870
174871
174873
174875
174877
174879
174889
174893
174895
174896
174898
174902
174903
174904
174908
174909
174910
174921
174924
174927
174936
174937
174938
174941
174945
174950
174951
174952
174956
174959
174965
174966
174968
174970
174971
174978
174979
174985
174986
174989
174990
174991
174999
175001
175004
175005
175014
175017
175018
175024
175026
175028
175030
175031
175032
175035
175038
175043
175050
175056
175061
175065
175066
175067
175068
175070
175079
175080
175081
175084
175085
175086
175088
175091
175093
175104
175107
175110
175111
175115
175116
175119
175120
175125
175126
175129
175130
175134
175137
175139
175142
175146
175148
175150
175152
175161
175166
175169
175177
175178
175184
175185
175191
175194
175196
175199
175203
175204
175206
175211
175215
175224
175226
175228
175230
175231
175236
175248
175250
175251
175257
175258
175259
175260
175261
175263
175264
175265
175267
175268
175269
175272
175273
175279
175284
175286
175288
175291
175292
175294
175297
175298
175301
175302
175303
175307
175309
175316
175318
175319
175321
175325
175331
175333
175334
175336
175345
175347
175351
175353
175355
175357
175360
175361
175365
175372
175375
175386
175389
175390
175391
175392
175393
175394
175395
175396
175400
175402
175403
175410
175412
175418
175421
175422
175428
175429
175432
175434
175435
175440
175446
175447
175452
175454
175466
175467
175471
175473
175475
175476
175480
175481
175484
175488
175491
175492
175493
175497
175499
175508
175509
175510
175512
175513
175514
175517
175522
175523
175525
175526
175527
175528
175532
175533
175534
175535
175536
175543
175546
175548
175559
175561
175565
175566
175570
175575
175576
175578
175579
175585
175589
175591
175592
175595
175596
175600
175613
175615
175622
175623
175626
175627
175636
175639
175646
175654
175655
175656
175660
175663
175664
175668
175671
175672
175673
175675
175678
175685
175688
175690
175691
175693
175694
175696
175701
175704
175705
175709
175710
175721
175722
175726
175727
175729
175730
175732
175736
175739
175740
175746
175749
175751
175752
175756
175757
175762
175763
175764
175765
175771
175779
175781
175783
175788
175792
175794
175796
175798
175799
175800
175804
175806
175809
175810
175815
175818
175820
175827
175829
175831
175834
175840
175842
175844
175851
175853
175854
175858
175862
175863
175864
175865
175866
175869
175871
175872
175873
175874
175875
175877
175878
175879
175880
175883
175884
175887
175891
175898
175900
175903
175904
175907
175917
175926
175930
175932
175937
175940
175941
175942
175943
175944
175949
175951
175956
175967
175970
175975
175978
175979
175987
175988
175994
175998
176001
176005
176008
176010
176013
176019
176028
176030
176031
176039
176041
176042
176046
176048
176050
176051
176053
176059
176061
176062
176064
176067
176070
176071
176077
176079
176082
176083
176084
176085
176087
176091
176109
176113
176119
176120
176124
176130
176133
176142
176144
176145
176149
176150
176153
176156
176162
176163
176164
176166
176170
176178
176187
176191
176193
176202
176203
176206
176207
176211
176212
176213
176214
176215
176216
176217
176219
176222
176224
176228
176230
176232
176234
176236
176241
176248
176249
176257
176259
176266
176268
176270
176282
176286
176290
176294
176308
176310
176313
176316
176318
176321
176332
176334
176335
176339
176340
176342
176347
176349
176353
176356
176357
176361
176363
176364
176365
176366
176368
176370
176371
176372
176376
176377
176384
176385
176390
176391
176396
176399
176401
176404
176405
176413
176415
176422
176423
176428
176431
176432
176436
176440
176441
176443
176446
176447
176452
176454
176455
176456
176457
176460
176469
176470
176472
176474
176476
176477
176480
176484
176498
176500
176501
176502
176505
176513
176517
176519
176520
176521
176523
176524
176526
176531
176533
176535
176539
176542
176544
176547
176549
176559
176563
176565
176567
176570
176574
176577
176578
176579
176580
176585
176586
176587
176590
176591
176594
176599
176603
176605
176606
176607
176608
176618
176621
176623
176634
176640
176644
176645
176646
176647
176650
176653
176654
176659
176662
176667
176668
176671
176672
176675
176681
176682
176685
176689
176690
176691
176694
176702
176703
176706
176707
176710
176713
176722
176727
176728
176729
176732
176733
176734
176742
176745
176748
176759
176768
176771
176772
176773
176774
176781
176782
176783
176789
176790
176791
176792
176793
176794
176797
176799
176813
176816
176817
176822
176823
176831
176833
176834
176838
176841
176844
176852
176854
176862
176865
176867
176870
176871
176872
176874
176881
176885
176888
176890
176891
176892
176900
176901
176904
176906
176907
176909
176911
176913
176914
176915
176916
176917
176921
176922
176925
176926
176929
176932
176935
176937
176941
176943
176946
176950
176955
176961
176963
176966
176972
176975
176982
176986
176991
176995
176996
176999
177001
177004
177005
177008
177020
177021
177024
177025
177026
177029
177031
177033
177034
177039
177049
177053
177067
177069
177072
177074
177082
177084
177091
177096
177098
177099
177107
177108
177121
177123
177129
177130
177140
177141
177144
177148
177153
177156
177158
177160
177161
177169
177170
177173
177174
177182
177189
177190
177192
177194
177195
177196
177197
177198
177200
177201
177203
177204
177206
177207
177208
177209
177214
177217
177218
177220
177224
177225
177228
177230
177234
177235
177237
177240
177241
177244
177250
177251
177257
177261
177264
177269
177270
177273
177274
177275
177280
177281
177285
177286
177289
177291
177292
177299
177301
177304
177305
177306
177307
177308
177311
177312
177315
177320
177324
177325
177327
177328
177329
177333
177338
177339
177340
177341
177344
177349
177351
177354
177355
177360
177363
177364
177369
177375
177376
177378
177382
177383
177385
177387
177388
177390
177393
177395
177398
177399
177403
177406
177407
177418
177420
177424
177425
177426
177432
177437
177441
177442
177445
177452
177453
177455
177456
177460
177461
177469
177470
177471
177472
177474
177478
177483
177484
177485
177495
177498
177500
177501
177507
177509
177512
177515
177519
177522
177523
177524
177529
177530
177532
177541
177542
177554
177556
177564
177565
177567
177572
177575
177576
177583
177595
177597
177601
177603
177604
177607
177620
177621
177623
177624
177625
177626
177628
177634
177636
177638
177640
177648
177650
177652
177653
177654
177655
177656
177661
177663
177666
177670
177683
177686
177688
177690
177694
177706
177707
177720
177721
177722
177724
177730
177735
177739
177749
177751
177752
177760
177766
177767
177775
177777
177778
177779
177783
177784
177785
177787
177791
177794
177799
177803
177811
177812
177813
177817
177823
177825
177833
177835
177838
177842
177843
177845
177849
177850
177853
177855
177857
177866
177870
177873
177874
177875
177877
177882
177883
177884
177885
177887
177888
177889
177891
177892
177893
177896
177897
177899
177902
177910
177911
177917
177919
177922
177927
177931
177932
177944
177949
177950
177951
177952
177955
177956
177957
177962
177963
177964
177967
177974
177977
177981
177982
177983
177987
177990
177992
177993
177995
177996
177997
178001
178005
178006
178007
178010
178011
178013
178014
178015
178019
178026
178030
178040
178042
178049
178050
178052
178054
178058
178060
178065
178066
178076
178080
178085
178086
178091
178093
178099
178102
178104
178106
178107
178109
178110
178114
178117
178121
178122
178124
178126
178128
178129
178131
178132
178135
178136
178140
178143
178145
178146
178157
178161
178162
178163
178167
178168
178171
178172
178175
178184
178187
178189
178190
178192
178193
178195
178196
178197
178198
178205
178210
178214
178216
178220
178233
178240
178250
178251
178253
178255
178256
178257
178259
178260
178262
178264
178266
178273
178280
178287
178288
178289
178291
178294
178296
178303
178304
178310
178323
178325
178326
178331
178335
178337
178344
178347
178349
178350
178351
178354
178358
178368
178370
178375
178376
178378
178379
178381
178393
178394
178395
178396
178398
178404
178407
178416
178420
178433
178438
178442
178444
178446
178448
178454
178456
178457
178458
178459
178461
178462
178463
178464
178466
178467
178469
178476
178478
178484
178489
178490
178491
178493
178497
178499
178504
178508
178511
178514
178518
178520
178522
178523
178525
178527
178532
178537
178542
178546
178549
178550
178552
178562
178563
178565
178568
178571
178573
178575
178583
178588
178589
178590
178595
178596
178599
178600
178606
178609
178610
178611
178612
178617
178623
178626
178630
178633
178642
178647
178649
178651
178652
178654
178655
178657
178665
178666
178668
178670
178672
178673
178674
178677
178681
178682
178685
178686
178687
178690
178691
178694
178695
178696
178697
178702
178703
178704
178706
178708
178709
178710
178721
178723
178730
178734
178736
178738
178747
178752
178758
178760
178764
178765
178767
178770
178773
178774
178775
178783
178787
178789
178792
178793
178800
178803
178807
178814
178816
178817
178831
178836
178837
178838
178840
178843
178847
178848
178854
178866
178867
178872
178873
178874
178877
178889
178890
178893
178895
178900
178903
178904
178911
178913
178917
178919
178920
178923
178924
178926
178930
178945
178946
178947
178950
178954
178955
178958
178959
178964
178965
178967
178969
178970
178973
178975
178976
178977
178980
178982
178985
178987
178988
178992
179001
179010
179011
179018
179019
179023
179028
179029
179031
179033
179034
179035
179041
179042
179043
179045
179046
179047
179048
179049
179051
179052
179056
179058
179059
179061
179062
179063
179067
179069
179071
179083
179086
179093
179094
179096
179101
179104
179108
179109
179111
179113
179117
179119
179121
179126
179127
179128
179129
179133
179135
179141
179143
179144
179147
179151
179157
179160
179161
179164
179166
179168
179174
179175
179179
179180
179189
179190
179195
179198
179199
179200
179202
179212
179213
179218
179219
179221
179223
179228
179229
179232
179235
179237
179238
179240
179245
179248
179249
179254
179255
179258
179260
179268
179269
179272
179273
179277
179279
179282
179285
179286
179293
179294
179299
179300
179305
179306
179307
179313
179314
179319
179320
179322
179324
179326
179327
179330
179332
179335
179337
179338
179340
179342
179343
179345
179347
179348
179355
179357
179359
179361
179364
179365
179366
179367
179368
179369
179370
179371
179373
179376
179377
179379
179381
179385
179389
179390
179392
179395
179398
179400
179403
179404
179407
179412
179418
179419
179420
179428
179429
179431
179434
179435
179438
179439
179442
179444
179445
179452
179453
179454
179456
179462
179463
179464
179465
179466
179470
179473
179475
179481
179488
179490
179493
179494
179498
179499
179501
179507
179508
179512
179513
179517
179522
179526
179527
179529
179535
179539
179541
179543
179549
179553
179556
179557
179560
179561
179563
179569
179573
179574
179575
179577
179579
179583
179584
179586
179587
179588
179589
179590
179593
179597
179603
179610
179614
179615
179616
179617
179619
179620
179623
179624
179628
179630
179631
179632
179636
179645
179646
179650
179658
179659
179666
179667
179680
179687
179694
179696
179698
179699
179701
179705
179707
179712
179714
179715
179716
179717
179719
179722
179724
179727
179731
179735
179737
179738
179740
179742
179743
179756
179757
179759
179762
179766
179769
179772
179773
179776
179779
179781
179782
179784
179785
179787
179788
179790
179797
179802
179807
179808
179810
179811
179820
179824
179825
179828
179831
179832
179840
179842
179847
179852
179853
179854
179857
179866
179870
179871
179875
179880
179881
179884
179889
179893
179894
179895
179896
179897
179899
179902
179905
179906
179907
179908
179909
179914
179919
179921
179922
179927
179928
179929
179932
179935
179938
179940
179944
179947
179950
179951
179952
179954
179960
179962
179964
179966
179969
179979
179981
179983
179985
179986
179990
179993
179999
180003
180010
180015
180017
180018
180019
180020
180022
180023
180025
180026
180035
180037
180038
180039
180048
180053
180055
180057
180060
180061
180070
180071
180074
180075
180076
180088
180089
180092
180093
180094
180095
180101
180103
180104
180106
180107
180108
180109
180110
180117
180118
180119
180122
180123
180124
180125
180128
180130
180132
180135
180137
180141
180142
180146
180151
180156
180159
180160
180161
180165
180174
180178
180183
180187
180190
180193
180198
180199
180202
180204
180212
180217
180218
180221
180225
180227
180228
180229
180231
180232
180234
180235
180237
180246
180248
180252
180254
180258
180266
180267
180269
180270
180271
180276
180280
180282
180284
180285
180287
180291
180294
180296
180297
180298
180303
180306
180307
180320
180326
180329
180330
180331
180344
180353
180355
180357
180359
180361
180365
180371
180374
180376
180384
180387
180388
180389
180393
180396
180397
180398
180405
180406
180407
180411
180413
180415
180418
180421
180423
180428
180429
180436
180446
180448
180451
180456
180460
180464
180465
180466
180471
180473
180476
180479
180481
180490
180491
180494
180497
180500
180502
180503
180520
180522
180524
180526
180530
180531
180533
180541
180542
180544
180547
180548
180551
180554
180555
180559
180560
180561
180564
180572
180573
180575
180576
180577
180579
180584
180589
180591
180605
180615
180616
180620
180621
180624
180627
180633
180636
180637
180652
180653
180655
180657
180658
180661
180664
180667
180669
180670
180671
180673
180675
180677
180680
180684
180685
180700
180702
180703
180705
180707
180708
180710
180713
180719
180721
180726
180727
180728
180729
180731
180732
180735
180736
180737
180740
180746
180752
180755
180756
180758
180768
180771
180774
180776
180778
180783
180784
180786
180788
180798
180801
180804
180806
180808
180813
180816
180819
180821
180826
180829
180830
180832
180835
180838
180846
180847
180848
180849
180855
180857
180858
180859
180871
180872
180875
180876
180878
180882
180886
180887
180889
180899
180900
180902
180907
180908
180911
180913
180916
180918
180920
180921
180925
180930
180936
180938
180940
180943
180949
180958
180959
180966
180972
180976
180980
180982
180985
180987
180991
180995
180997
181000
181001
181007
181008
181010
181012
181013
181015
181018
181020
181022
181023
181025
181028
181039
181042
181043
181051
181060
181064
181067
181075
181077
181083
181085
181087
181088
181100
181101
181102
181107
181109
181110
181111
181112
181115
181117
181122
181124
181126
181127
181128
181129
181132
181134
181137
181140
181147
181149
181156
181157
181158
181159
181160
181164
181169
181175
181178
181181
181183
181185
181187
181192
181194
181195
181197
181198
181199
181200
181201
181203
181215
181218
181220
181223
181229
181230
181233
181234
181238
181239
181240
181245
181246
181247
181248
181250
181264
181268
181278
181279
181281
181282
181283
181285
181286
181287
181289
181291
181292
181296
181298
181299
181302
181305
181306
181310
181316
181318
181320
181324
181326
181327
181340
181341
181343
181344
181345
181346
181348
181352
181353
181360
181362
181367
181368
181369
181370
181372
181373
181374
181376
181377
181378
181380
181383
181385
181387
181389
181391
181393
181394
181396
181397
181401
181404
181409
181410
181412
181418
181423
181432
181434
181436
181440
181444
181447
181451
181452
181458
181462
181463
181465
181466
181467
181471
181474
181475
181479
181480
181481
181483
181485
181486
181488
181492
181498
181502
181504
181505
181506
181509
181510
181512
181516
181521
181522
181523
181526
181531
181537
181540
181546
181548
181550
181551
181554
181559
181567
181568
181580
181582
181583
181591
181592
181598
181599
181602
181604
181605
181609
181610
181613
181615
181623
181624
181626
181627
181632
181636
181637
181641
181643
181646
181652
181653
181657
181662
181664
181666
181668
181669
181671
181673
181675
181678
181679
181682
181683
181685
181686
181687
181693
181695
181699
181701
181704
181705
181710
181714
181716
181718
181723
181726
181728
181729
181730
181735
181737
181738
181742
181743
181748
181751
181752
181759
181761
181762
181769
181776
181777
181784
181787
181788
181790
181793
181796
181797
181804
181805
181806
181810
181819
181820
181826
181827
181831
181832
181834
181835
181837
181839
181841
181843
181844
181848
181849
181855
181858
181861
181862
181866
181867
181869
181871
181872
181874
181876
181878
181879
181880
181882
181886
181893
181897
181899
181903
181910
181911
181913
181914
181916
181923
181931
181933
181937
181938
181939
181942
181944
181945
181949
181952
181955
181958
181963
181965
181967
181968
181973
181978
181985
181987
181990
181994
182005
182006
182009
182011
182015
182018
182025
182029
182032
182038
182039
182041
182042
182043
182047
182049
182052
182059
182071
182074
182076
182077
182083
182084
182089
182095
182097
182098
182100
182102
182107
182111
182112
182117
182121
182122
182125
182127
182128
182129
182131
182141
182145
182150
182157
182158
182161
182169
182176
182178
182181
182187
182188
182192
182200
182203
182207
182211
182217
182220
182221
182228
182235
182237
182238
182239
182240
182241
182242
182244
182246
182247
182248
182251
182252
182254
182257
182260
182262
182264
182270
182272
182274
182275
182277
182282
182285
182286
182287
182292
182294
182295
182296
182300
182301
182302
182307
182308
182309
182310
182317
182322
182323
182326
182329
182330
182332
182333
182334
182335
182338
182341
182346
182349
182350
182355
182357
182359
182360
182364
182368
182372
182374
182379
182381
182383
182384
182388
182389
182390
182392
182395
182402
182405
182409
182413
182414
182417
182424
182425
182429
182436
182437
182441
182444
182446
182447
182452
182457
182460
182467
182470
182473
182475
182482
182485
182491
182494
182495
182496
182499
182501
182503
182504
182505
182509
182515
182516
182525
182527
182531
182534
182535
182545
182551
182552
182554
182555
182557
182559
182563
182564
182566
182571
182573
182575
182579
182581
182582
182588
182589
182594
182600
182605
182612
182613
182616
182618
182621
182623
182625
182626
182627
182629
182637
182638
182640
182641
182643
182648
182651
182654
182660
182661
182666
182667
182668
182670
182675
182676
182678
182681
182691
182695
182697
182699
182700
182702
182705
182707
182708
182709
182714
182721
182726
182728
182734
182736
182745
182746
182747
182748
182756
182762
182765
182767
182769
182772
182776
182778
182779
182781
182783
182786
182790
182795
182799
182801
182803
182804
182809
182815
182818
182822
182825
182828
182834
182837
182838
182847
182848
182853
182858
182862
182863
182864
182877
182879
182885
182888
182892
182896
182901
182902
182903
182909
182914
182915
182919
182920
182921
182923
182924
182926
182927
182930
182931
182934
182936
182941
182944
182948
182949
182954
182955
182956
182961
182968
182973
182975
182979
182980
182982
182983
182985
182988
182990
182999
183006
183008
183012
183016
183017
183022
183023
183024
183026
183032
183034
183036
183038
183043
183044
183047
183050
183051
183062
183063
183065
183068
183069
183074
183080
183081
183082
183085
183089
183094
183095
183107
183108
183110
183112
183114
183115
183119
183125
183127
183128
183129
183136
183138
183139
183141
183146
183147
183148
183149
183156
183157
183161
183162
183163
183169
183171
183173
183174
183175
183178
183182
183187
183190
183192
183194
183195
183197
183199
183204
183207
183208
183216
183225
183229
183231
183233
183238
183239
183240
183241
183242
183243
183249
183255
183256
183258
183259
183261
183263
183264
183269
183270
183273
183276
183279
183281
183284
183289
183295
183301
183304
183310
183311
183313
183316
183322
183323
183324
183331
183341
183346
183348
183349
183351
183352
183353
183363
183372
183378
183380
183381
183383
183384
183387
183390
183397
183398
183399
183408
183418
183420
183421
183425
183426
183435
183436
183438
183444
183445
183449
183456
183460
183461
183462
183465
183466
183473
183474
183482
183485
183487
183491
183492
183493
183499
183501
183504
183505
183510
183511
183512
183513
183514
183515
183516
183518
183520
183523
183525
183526
183529
183530
183534
183535
183536
183538
183540
183547
183549
183554
183555
183559
183560
183564
183567
183573
183574
183580
183585
183586
183592
183593
183603
183604
183606
183608
183609
183610
183612
183613
183615
183617
183619
183620
183624
183627
183629
183630
183631
183634
183641
183642
183643
183645
183646
183656
183657
183660
183662
183663
183668
183669
183674
183677
183678
183680
183681
183692
183697
183704
183705
183708
183714
183719
183724
183727
183734
183737
183739
183741
183743
183747
183748
183753
183763
183765
183778
183781
183782
183784
183787
183788
183792
183798
183802
183804
183805
183810
183816
183824
183826
183827
183828
183830
183834
183835
183837
183840
183847
183848
183850
183853
183856
183865
183871
183881
183882
183884
183887
183889
183890
183891
183900
183913
183915
183916
183920
183926
183933
183934
183937
183940
183941
183946
183947
183949
183955
183957
183958
183959
183963
183964
183968
183974
183975
183978
183979
183984
183985
183988
183990
183991
183997
183998
184002
184003
184006
184007
184009
184013
184014
184016
184018
184020
184021
184026
184032
184035
184042
184044
184046
184049
184050
184052
184056
184058
184070
184073
184074
184076
184080
184081
184082
184085
184087
184088
184092
184103
184105
184110
184113
184114
184116
184117
184118
184123
184124
184125
184126
184127
184128
184129
184130
184131
184132
184140
184141
184143
184144
184145
184148
184149
184151
184153
184154
184158
184160
184162
184163
184165
184166
184170
184171
184174
184176
184180
184182
184183
184190
184193
184196
184201
184203
184204
184207
184209
184211
184213
184214
184215
184216
184223
184224
184228
184229
184230
184232
184235
184237
184245
184247
184252
184253
184254
184257
184258
184262
184267
184274
184275
184276
184278
184281
184282
184284
184285
184286
184290
184293
184297
184299
184302
184305
184308
184316
184317
184322
184323
184324
184331
184336
184337
184344
184346
184349
184350
184352
184357
184364
184365
184367
184368
184376
184377
184379
184380
184386
184387
184393
184394
184404
184406
184409
184414
184416
184417
184418
184419
184420
184421
184422
184423
184424
184425
184431
184432
184435
184438
184441
184444
184446
184447
184448
184449
184450
184451
184453
184455
184461
184463
184469
184472
184473
184477
184478
184479
184481
184482
184490
184494
184497
184498
184499
184500
184507
184510
184515
184519
184520
184526
184531
184533
184536
184542
184544
184546
184548
184560
184564
184565
184567
184568
184575
184586
184588
184590
184592
184595
184602
184603
184604
184605
184607
184609
184610
184612
184613
184615
184617
184621
184634
184636
184645
184651
184652
184658
184659
184668
184669
184671
184673
184676
184681
184686
184691
184692
184695
184698
184702
184704
184706
184707
184709
184710
184718
184725
184730
184734
184735
184739
184743
184744
184745
184746
184755
184757
184761
184762
184766
184767
184769
184771
184774
184781
184788
184802
184804
184809
184815
184821
184824
184825
184834
184843
184845
184849
184850
184852
184853
184854
184860
184862
184869
184874
184881
184883
184889
184890
184892
184895
184896
184897
184898
184900
184902
184904
184906
184907
184911
184922
184925
184928
184930
184931
184932
184935
184937
184940
184953
184958
184959
184960
184962
184963
184976
184978
184980
184984
184985
184989
184991
184993
184998
184999
185003
185009
185011
185015
185016
185019
185020
185023
185024
185026
185030
185031
185033
185035
185038
185040
185041
185043
185045
185046
185048
185049
185050
185052
185053
185054
185055
185058
185060
185061
185067
185075
185082
185083
185084
185087
185089
185090
185092
185096
185102
185109
185112
185113
185117
185118
185119
185127
185129
185133
185135
185136
185137
185142
185144
185147
185150
185152
185155
185158
185159
185160
185161
185165
185166
185168
185169
185175
185176
185183
185184
185186
185188
185190
185194
185195
185196
185199
185200
185206
185208
185212
185214
185219
185222
185223
185225
185229
185231
185233
185234
185235
185241
185243
185245
185246
185248
185264
185269
185271
185272
185283
185285
185288
185291
185292
185293
185295
185298
185300
185301
185310
185316
185321
185325
185326
185327
185331
185338
185339
185340
185350
185353
185355
185356
185357
185358
185360
185362
185363
185364
185365
185366
185368
185375
185376
185380
185389
185394
185398
185404
185406
185410
185416
185417
185419
185420
185423
185429
185430
185431
185437
185441
185443
185445
185450
185451
185455
185456
185457
185458
185461
185466
185472
185475
185486
185490
185495
185496
185497
185499
185501
185504
185506
185510
185513
185515
185522
185524
185533
185536
185539
185541
185543
185544
185547
185554
185570
185587
185588
185589
185590
185597
185601
185604
185608
185613
185615
185622
185624
185625
185636
185638
185640
185641
185646
185662
185663
185668
185669
185672
185674
185677
185678
185679
185680
185685
185688
185689
185690
185693
185696
185698
185705
185708
185709
185710
185711
185712
185713
185715
185716
185719
185728
185729
185735
185738
185741
185742
185745
185746
185750
185752
185754
185757
185758
185760
185763
185766
185767
185771
185772
185773
185778
185779
185781
185793
185799
185809
185811
185813
185814
185816
185820
185823
185824
185825
185826
185836
185845
185847
185848
185849
185851
185855
185858
185859
185860
185861
185872
185876
185878
185886
185888
185899
185904
185907
185908
185913
185916
185918
185919
185921
185922
185924
185925
185926
185927
185934
185935
185936
185938
185943
185944
185952
185953
185954
185958
185962
185963
185970
185976
185977
185978
185979
185981
185994
185996
185997
185999
186000
186005
186006
186012
186017
186025
186032
186034
186038
186039
186043
186045
186047
186050
186054
186055
186057
186060
186068
186069
186070
186072
186074
186075
186079
186080
186081
186084
186086
186091
186094
186095
186096
186098
186102
186103
186117
186118
186120
186121
186122
186128
186132
186134
186135
186137
186138
186145
186146
186151
186154
186160
186162
186167
186168
186170
186173
186183
186188
186190
186192
186194
186196
186200
186202
186203
186204
186205
186206
186210
186214
186215
186217
186218
186219
186222
186225
186226
186227
186228
186230
186231
186232
186239
186252
186253
186255
186257
186259
186260
186265
186271
186277
186284
186285
186286
186288
186292
186300
186301
186307
186311
186312
186314
186322
186326
186327
186328
186329
186339
186340
186341
186343
186351
186353
186360
186361
186365
186367
186382
186384
186386
186392
186399
186401
186408
186412
186415
186419
186420
186421
186423
186425
186427
186430
186435
186439
186441
186442
186443
186445
186451
186457
186458
186460
186465
186466
186467
186468
186469
186473
186481
186485
186488
186491
186498
186501
186506
186507
186508
186518
186519
186520
186521
186522
186523
186524
186525
186530
186532
186535
186536
186537
186540
186541
186543
186545
186554
186555
186556
186564
186569
186574
186575
186576
186577
186584
186585
186591
186594
186596
186607
186615
186623
186628
186638
186639
186642
186643
186645
186646
186648
186654
186655
186658
186659
186662
186664
186668
186669
186670
186671
186672
186675
186676
186682
186691
186696
186697
186713
186721
186724
186725
186728
186729
186736
186737
186740
186741
186753
186756
186757
186758
186760
186761
186762
186767
186771
186779
186780
186784
186785
186786
186790
186791
186797
186802
186810
186814
186830
186831
186832
186833
186834
186836
186837
186840
186842
186843
186844
186846
186847
186849
186850
186861
186866
186868
186870
186876
186879
186881
186885
186886
186890
186891
186893
186897
186901
186903
186906
186907
186910
186911
186914
186916
186928
186929
186932
186935
186938
186939
186940
186941
186943
186946
186949
186950
186951
186956
186957
186958
186962
186964
186965
186968
186971
186974
186976
186981
186983
186984
186988
186989
186992
186996
186998
187002
187003
187004
187005
187006
187007
187010
187015
187024
187026
187027
187033
187038
187041
187049
187052
187054
187056
187060
187071
187083
187084
187089
187090
187093
187096
187099
187100
187104
187110
187114
187118
187119
187120
187121
187123
187125
187127
187130
187134
187135
187139
187141
187142
187143
187145
187147
187150
187156
187157
187158
187162
187163
187164
187168
187170
187171
187173
187177
187178
187179
187183
187186
187188
187191
187197
187200
187201
187205
187208
187209
187211
187212
187215
187218
187220
187221
187230
187231
187232
187234
187238
187239
187243
187245
187246
187247
187248
187249
187252
187255
187259
187261
187268
187269
187273
187276
187278
187282
187284
187285
187290
187301
187304
187308
187310
187316
187320
187327
187332
187334
187337
187339
187343
187348
187349
187350
187352
187353
187356
187365
187366
187367
187369
187370
187372
187375
187376
187378
187385
187401
187403
187404
187407
187416
187419
187423
187424
187425
187427
187430
187431
187435
187442
187443
187445
187449
187451
187452
187453
187460
187461
187469
187471
187478
187480
187482
187487
187488
187497
187499
187501
187503
187505
187507
187508
187509
187511
187519
187520
187521
187522
187524
187525
187528
187531
187533
187535
187543
187546
187551
187558
187559
187564
187568
187569
187572
187574
187576
187585
187589
187593
187594
187599
187600
187605
187606
187608
187613
187616
187619
187622
187625
187628
187629
187631
187637
187638
187640
187641
187644
187650
187651
187652
187655
187660
187668
187669
187671
187672
187675
187677
187686
187688
187690
187696
187697
187698
187699
187703
187706
187709
187716
187719
187725
187737
187740
187741
187746
187753
187758
187766
187767
187770
187774
187775
187779
187783
187787
187791
187796
187797
187801
187809
187813
187814
187816
187817
187831
187839
187840
187843
187848
187852
187858
187859
187860
187861
187863
187864
187866
187868
187869
187877
187879
187887
187888
187889
187897
187903
187906
187907
187916
187922
187923
187926
187928
187930
187931
187932
187933
187935
187937
187938
187956
187957
187965
187968
187972
187973
187977
187979
187980
187981
187982
187988
187989
187990
187998
187999
188000
188005
188008
188012
188020
188022
188023
188025
188026
188036
188039
188040
188045
188050
188051
188052
188059
188062
188064
188072
188074
188079
188083
188090
188097
188099
188101
188102
188104
188107
188108
188114
188115
188121
188123
188126
188129
188132
188143
188144
188152
188155
188156
188159
188160
188161
188163
188164
188170
188172
188175
188177
188178
188180
188187
188193
188195
188197
188200
188202
188204
188205
188208
188209
188211
188212
188219
188222
188233
188236
188237
188238
188242
188252
188256
188258
188259
188261
188262
188263
188266
188268
188269
188273
188274
188276
188286
188290
188291
188292
188293
188294
188296
188297
188302
188303
188304
188308
188309
188320
188324
188326
188331
188332
188333
188335
188342
188343
188344
188347
188348
188350
188351
188356
188359
188362
188364
188366
188368
188375
188376
188379
188380
188388
188391
188392
188393
188397
188399
188402
188410
188413
188417
188419
188420
188424
188425
188428
188433
188439
188444
188448
188450
188456
188459
188460
188461
188462
188470
188471
188474
188475
188489
188491
188495
188498
188502
188508
188511
188512
188521
188528
188529
188530
188535
188537
188539
188543
188545
188546
188552
188553
188555
188556
188564
188568
188569
188572
188579
188582
188585
188586
188587
188588
188590
188591
188594
188597
188600
188601
188616
188617
188621
188626
188631
188632
188635
188638
188639
188643
188646
188649
188652
188654
188663
188665
188670
188678
188679
188688
188694
188697
188703
188704
188706
188713
188714
188715
188719
188722
188729
188734
188737
188757
188762
188763
188764
188766
188770
188772
188773
188774
188775
188778
188780
188781
188784
188786
188787
188791
188796
188799
188801
188802
188803
188806
188808
188810
188811
188813
188818
188822
188828
188829
188831
188836
188837
188840
188842
188844
188848
188851
188852
188853
188855
188858
188869
188874
188875
188881
188885
188886
188889
188892
188899
188903
188910
188912
188913
188915
188917
188921
188922
188923
188926
188927
188928
188935
188938
188941
188942
188948
188954
188955
188962
188964
188966
188969
188973
188974
188975
188978
188979
188980
188982
188985
188988
188990
188996
188997
188999
189002
189007
189011
189014
189019
189026
189030
189032
189033
189034
189035
189037
189043
189047
189050
189063
189067
189068
189069
189070
189072
189073
189074
189075
189077
189083
189084
189085
189086
189088
189091
189095
189098
189102
189103
189108
189111
189114
189119
189123
189127
189130
189145
189147
189148
189151
189155
189156
189164
189168
189174
189176
189184
189187
189189
189191
189193
189198
189200
189201
189202
189203
189207
189208
189213
189220
189221
189223
189229
189230
189236
189238
189239
189241
189243
189246
189248
189250
189251
189257
189259
189260
189264
189265
189271
189272
189278
189282
189283
189288
189292
189293
189295
189298
189299
189306
189310
189312
189313
189314
189316
189327
189330
189333
189334
189335
189337
189341
189347
189348
189349
189350
189351
189364
189368
189373
189375
189378
189379
189388
189390
189391
189392
189395
189400
189402
189403
189406
189412
189413
189424
189425
189427
189429
189439
189440
189449
189450
189451
189452
189458
189459
189460
189467
189468
189469
189473
189476
189480
189481
189482
189485
189488
189489
189495
189496
189497
189499
189504
189507
189509
189512
189514
189516
189517
189518
189521
189526
189529
189530
189531
189534
189540
189541
189547
189551
189552
189554
189558
189561
189564
189565
189566
189567
189572
189575
189576
189577
189581
189583
189585
189591
189601
189606
189609
189612
189616
189621
189625
189628
189638
189639
189640
189641
189643
189646
189650
189658
189661
189663
189664
189666
189667
189668
189672
189673
189676
189678
189680
189681
189682
189683
189685
189686
189694
189697
189698
189702
189704
189707
189713
189714
189717
189719
189723
189724
189726
189730
189734
189735
189739
189743
189744
189746
189749
189755
189756
189761
189766
189767
189768
189770
189772
189782
189786
189789
189790
189796
189797
189800
189801
189804
189810
189811
189812
189813
189815
189817
189820
189825
189831
189838
189840
189843
189845
189853
189860
189861
189862
189863
189867
189873
189876
189879
189881
189892
189904
189907
189908
189923
189927
189929
189938
189940
189944
189947
189948
189956
189957
189958
189961
189963
189964
189968
189973
189974
189975
189976
189979
189984
189987
189993
190000
190001
190002
190004
190011
190013
190021
190023
190037
190038
190048
190053
190055
190056
190062
190069
190079
190084
190092
190093
190094
190095
190097
190104
190110
190111
190112
190114
190124
190129
190131
190134
190135
190136
190137
190139
190149
190156
190161
190166
190171
190176
190179
190180
190181
190182
190183
190186
190187
190193
190196
190199
190205
190213
190217
190218
190223
190228
190231
190237
190240
190242
190248
190249
190259
190260
190262
190265
190268
190269
190271
190272
190273
190282
190284
190286
190288
190289
190296
190297
190299
190307
190308
190311
190312
190317
190332
190333
190335
190336
190340
190341
190342
190343
190347
190348
190349
190353
190354
190359
190362
190365
190371
190373
190382
190383
190390
190393
190394
190395
190397
190400
190401
190404
190405
190408
190410
190412
190413
190414
190415
190418
190421
190423
190425
190426
190430
190431
190432
190436
190437
190441
190446
190447
190451
190453
190454
190457
190463
190469
190480
190482
190483
190488
190489
190490
190495
190496
190504
190505
190509
190513
190514
190515
190516
190519
190522
190523
190524
190526
190531
190532
190533
190537
190538
190545
190550
190556
190558
190564
190565
190567
190568
190569
190571
190574
190576
190577
190578
190582
190590
190605
190607
190608
190611
190613
190616
190626
190627
190632
190634
190635
190637
190638
190640
190643
190646
190647
190651
190657
190661
190665
190666
190667
190669
190670
190675
190677
190681
190683
190685
190690
190693
190694
190699
190708
190711
190713
190715
190716
190717
190719
190720
190724
190725
190727
190728
190729
190730
190731
190734
190736
190739
190740
190741
190746
190749
190751
190754
190755
190757
190758
190764
190766
190769
190772
190773
190777
190778
190785
190787
190788
190791
190795
190802
190804
190810
190814
190819
190824
190825
190828
190829
190831
190832
190839
190848
190850
190851
190854
190858
190860
190861
190866
190867
190868
190871
190872
190873
190881
190883
190895
190896
190899
190900
190906
190907
190912
190914
190924
190928
190942
190944
190945
190948
190952
190953
190960
190964
190966
190968
190971
190972
190973
190974
190980
190986
190987
190992
190993
190994
190995
190996
190999
191000
191003
191009
191011
191019
191021
191024
191027
191037
191038
191039
191041
191042
191047
191056
191060
191061
191062
191069
191070
191071
191072
191073
191075
191081
191082
191087
191090
191100
191106
191107
191113
191118
191119
191120
191128
191137
191141
191145
191146
191147
191152
191156
191157
191161
191162
191165
191168
191169
191176
191178
191181
191199
191201
191206
191209
191210
191211
191212
191214
191215
191217
191225
191226
191228
191229
191231
191233
191234
191240
191241
191245
191246
191248
191250
191259
191263
191267
191269
191273
191276
191278
191279
191280
191281
191282
191292
191297
191299
191301
191302
191304
191306
191309
191310
191314
191318
191320
191322
191328
191329
191341
191345
191346
191349
191355
191362
191364
191370
191371
191372
191373
191377
191383
191385
191386
191394
191396
191398
191402
191404
191406
191408
191412
191414
191416
191427
191429
191433
191435
191439
191441
191444
191445
191455
191456
191459
191465
191466
191470
191480
191481
191486
191488
191490
191492
191497
191498
191500
191505
191513
191518
191523
191530
191539
191545
191549
191551
191552
191553
191555
191557
191561
191563
191565
191567
191570
191571
191584
191585
191589
191602
191603
191604
191611
191614
191615
191616
191619
191622
191624
191626
191627
191628
191630
191632
191633
191634
191637
191643
191647
191648
191650
191657
191658
191661
191663
191666
191669
191673
191677
191686
191688
191692
191693
191694
191697
191698
191701
191703
191707
191711
191716
191721
191726
191729
191730
191733
191734
191735
191737
191739
191740
191748
191751
191755
191756
191759
191764
191771
191772
191774
191775
191782
191784
191785
191797
191800
191801
191802
191803
191816
191823
191830
191833
191836
191838
191839
191844
191850
191854
191865
191877
191880
191881
191888
191889
191890
191895
191897
191902
191904
191905
191908
191909
191910
191911
191913
191918
191919
191923
191924
191925
191926
191929
191934
191939
191940
191945
191947
191949
191953
191957
191958
191959
191961
191968
191973
191974
191975
191981
191984
191988
191991
191994
191995
191996
191998
191999
192002
192003
192012
192013
192014
192021
192023
192024
192025
192026
192029
192030
192031
192036
192039
192042
192043
192044
192048
192051
192056
192060
192063
192071
192072
192074
192076
192078
192089
192092
192096
192103
192112
192113
192116
192125
192129
192136
192139
192140
192141
192163
192165
192167
192172
192177
192181
192182
192187
192188
192190
192193
192197
192200
192202
192212
192221
192223
192225
192231
192232
192233
192240
192243
192244
192254
192257
192259
192260
192262
192269
192271
192275
192276
192278
192282
192286
192290
192293
192294
192297
192298
192305
192306
192308
192313
192314
192317
192319
192320
192325
192327
192328
192329
192330
192331
192333
192339
192341
192351
192352
192353
192358
192361
192364
192365
192367
192369
192373
192375
192380
192393
192394
192395
192397
192398
192400
192401
192402
192403
192405
192406
192407
192408
192412
192416
192421
192422
192425
192430
192433
192437
192448
192451
192452
192453
192456
192459
192462
192465
192478
192486
192487
192488
192489
192493
192494
192498
192501
192503
192504
192506
192507
192513
192521
192529
192542
192547
192549
192550
192552
192555
192556
192560
192565
192566
192568
192569
192572
192574
192581
192582
192585
192587
192591
192594
192596
192597
192600
192601
192607
192608
192609
192610
192611
192616
192621
192622
192624
192627
192633
192634
192635
192638
192639
192643
192647
192650
192659
192660
192666
192668
192669
192672
192673
192679
192687
192695
192696
192698
192699
192700
192704
192706
192708
192709
192711
192713
192714
192719
192721
192725
192729
192734
192735
192742
192749
192752
192754
192756
192758
192761
192766
192768
192770
192771
192773
192775
192778
192782
192788
192790
192793
192798
192800
192803
192808
192809
192811
192816
192817
192827
192830
192837
192842
192847
192848
192850
192851
192852
192859
192862
192863
192864
192865
192868
192870
192871
192872
192881
192883
192891
192894
192899
192902
192904
192914
192915
192916
192917
192919
192922
192924
192928
192935
192944
192945
192951
192953
192954
192959
192960
192963
192968
192972
192976
192978
192979
192980
192987
192988
192989
192991
192992
192996
192998
192999
193004
193007
193026
193029
193031
193032
193037
193045
193047
193048
193051
193058
193061
193062
193063
193064
193065
193067
193080
193085
193086
193087
193091
193098
193099
193100
193108
193109
193112
193119
193120
193121
193122
193123
193127
193129
193130
193131
193133
193134
193137
193141
193148
193149
193156
193158
193164
193171
193178
193181
193183
193189
193193
193195
193197
193206
193211
193215
193219
193228
193232
193233
193237
193243
193245
193260
193262
193267
193269
193271
193275
193278
193280
193285
193287
193288
193291
193293
193295
193296
193301
193302
193309
193310
193311
193315
193316
193318
193325
193326
193333
193335
193336
193337
193338
193340
193344
193348
193349
193350
193351
193359
193361
193365
193367
193371
193372
193373
193374
193379
193380
193381
193385
193386
193395
193397
193398
193400
193403
193404
193414
193417
193419
193420
193421
193422
193425
193438
193440
193442
193444
193446
193448
193451
193454
193456
193460
193465
193467
193470
193472
193477
193480
193481
193485
193491
193493
193496
193507
193510
193511
193513
193519
193520
193522
193524
193526
193531
193533
193536
193537
193538
193542
193544
193555
193556
193563
193564
193565
193566
193569
193570
193576
193578
193581
193583
193590
193591
193600
193606
193609
193612
193623
193633
193638
193640
193645
193646
193649
193650
193651
193660
193661
193662
193663
193664
193670
193671
193676
193679
193689
193692
193698
193699
193702
193703
193706
193709
193716
193722
193723
193725
193727
193730
193731
193739
193746
193753
193754
193757
193758
193762
193763
193767
193773
193781
193782
193790
193791
193793
193795
193798
193799
193802
193808
193811
193814
193819
193821
193824
193825
193828
193836
193837
193844
193855
193859
193863
193867
193868
193871
193873
193874
193876
193879
193880
193881
193890
193894
193895
193897
193900
193903
193909
193917
193918
193928
193929
193930
193931
193933
193934
193940
193946
193951
193953
193955
193956
193957
193964
193970
193983
193985
193993
193998
194002
194006
194007
194011
194014
194019
194020
194024
194031
194035
194036
194040
194042
194043
194044
194048
194053
194054
194061
194067
194072
194073
194074
194076
194080
194087
194095
194099
194100
194102
194108
194110
194111
194112
194113
194120
194121
194122
194123
194125
194126
194133
194141
194143
194144
194146
194148
194154
194156
194157
194159
194160
194161
194164
194166
194167
194170
194175
194176
194177
194179
194181
194182
194186
194194
194196
194201
194204
194205
194209
194210
194213
194214
194217
194235
194237
194243
194246
194252
194253
194259
194260
194263
194266
194272
194273
194276
194278
194281
194283
194285
194290
194298
194301
194317
194320
194323
194328
194330
194336
194340
194341
194343
194349
194350
194356
194358
194368
194369
194371
194376
194378
194382
194385
194386
194388
194392
194393
194394
194402
194403
194406
194408
194409
194414
194415
194416
194417
194420
194427
194428
194432
194434
194436
194437
194438
194440
194449
194452
194455
194456
194457
194458
194459
194460
194462
194473
194476
194478
194479
194484
194486
194495
194498
194501
194502
194505
194506
194508
194512
194516
194533
194537
194538
194540
194541
194544
194545
194549
194550
194561
194562
194563
194565
194571
194580
194581
194582
194590
194598
194600
194608
194611
194612
194616
194617
194618
194628
194632
194638
194643
194644
194646
194652
194655
194658
194660
194662
194666
194669
194670
194672
194675
194679
194681
194685
194687
194688
194691
194694
194695
194698
194701
194703
194705
194706
194707
194719
194722
194723
194729
194734
194742
194743
194751
194754
194758
194762
194763
194767
194775
194791
194793
194799
194800
194801
194803
194806
194808
194816
194817
194818
194820
194821
194827
194828
194830
194835
194838
194848
194849
194850
194851
194855
194858
194860
194864
194870
194873
194875
194876
194878
194881
194884
194885
194891
194907
194909
194911
194922
194925
194933
194938
194941
194945
194953
194956
194958
194959
194960
194965
194971
194972
194973
194977
194978
194983
194984
194985
194988
194991
194992
194995
194996
194997
195000
195007
195010
195015
195016
195026
195038
195039
195046
195048
195053
195056
195057
195063
195066
195072
195077
195080
195086
195090
195094
195096
195098
195099
195101
195102
195104
195105
195107
195108
195114
195116
195117
195118
195119
195121
195126
195128
195132
195133
195134
195135
195142
195146
195152
195155
195164
195167
195170
195172
195176
195177
195179
195182
195183
195184
195190
195191
195200
195203
195210
195212
195220
195226
195243
195246
195247
195250
195254
195257
195258
195259
195260
195261
195264
195272
195277
195282
195290
195291
195295
195297
195300
195305
195307
195308
195309
195311
195318
195319
195320
195321
195324
195326
195327
195331
195337
195338
195340
195342
195351
195352
195353
195355
195357
195359
195361
195362
195364
195365
195366
195368
195372
195377
195379
195380
195383
195385
195389
195391
195395
195396
195397
195400
195405
195406
195409
195410
195411
195422
195432
195433
195438
195441
195448
195450
195457
195461
195462
195466
195468
195469
195470
195471
195474
195475
195476
195480
195482
195487
195497
195504
195508
195510
195513
195514
195519
195521
195522
195524
195528
195532
195544
195545
195551
195557
195563
195564
195565
195566
195567
195568
195571
195575
195578
195579
195587
195590
195593
195594
195597
195600
195604
195609
195611
195612
195613
195616
195621
195622
195623
195624
195628
195631
195637
195643
195668
195684
195688
195689
195694
195695
195699
195701
195709
195711
195712
195715
195721
195725
195730
195734
195736
195743
195745
195747
195750
195753
195764
195765
195766
195768
195769
195772
195773
195774
195775
195783
195793
195807
195810
195812
195814
195815
195816
195822
195831
195835
195836
195839
195847
195848
195851
195856
195860
195861
195862
195863
195865
195870
195877
195880
195883
195885
195886
195889
195890
195891
195896
195898
195901
195906
195909
195910
195911
195918
195919
195921
195923
195924
195925
195931
195936
195940
195941
195942
195947
195952
195957
195960
195961
195962
195969
195972
195976
195978
195979
195981
195982
195983
195984
195995
196003
196005
196011
196012
196016
196017
196019
196020
196022
196023
196026
196029
196030
196031
196032
196033
196034
196037
196038
196040
196041
196045
196057
196062
196070
196079
196081
196086
196089
196093
196095
196098
196100
196101
196114
196115
196118
196119
196120
196126
196127
196137
196138
196144
196146
196148
196151
196154
196156
196158
196159
196160
196163
196167
196172
196177
196180
196181
196185
196191
196193
196195
196198
196199
196200
196204
196208
196210
196214
196215
196219
196222
196223
196228
196229
196233
196234
196237
196240
196254
196259
196260
196264
196265
196266
196268
196269
196275
196278
196279
196281
196286
196288
196298
196299
196301
196303
196307
196316
196317
196318
196319
196323
196324
196328
196329
196335
196339
196347
196349
196351
196353
196356
196357
196363
196364
196365
196367
196368
196369
196371
196380
196387
196388
196395
196398
196399
196400
196406
196408
196418
196437
196439
196442
196447
196452
196457
196462
196468
196472
196473
196477
196482
196494
196499
196503
196505
196510
196511
196517
196519
196520
196521
196522
196523
196526
196532
196534
196546
196548
196549
196551
196553
196563
196564
196566
196568
196570
196585
196588
196590
196599
196607
196608
196629
196631
196635
196638
196639
196643
196646
196652
196653
196660
196665
196666
196669
196679
196682
196684
196685
196688
196692
196693
196697
196698
196702
196703
196704
196705
196709
196710
196712
196714
196716
196717
196718
196721
196729
196730
196731
196733
196734
196736
196737
196740
196745
196746
196749
196755
196757
196758
196765
196767
196770
196771
196772
196774
196779
196780
196781
196784
196788
196790
196793
196794
196798
196799
196800
196804
196805
196812
196818
196819
196824
196829
196836
196841
196844
196845
196846
196848
196850
196851
196856
196858
196861
196864
196865
196866
196872
196873
196880
196884
196887
196889
196890
196891
196893
196895
196898
196900
196904
196905
196909
196910
196911
196913
196921
196925
196931
196932
196933
196939
196940
196952
196965
196967
196969
196976
196981
196982
196984
196990
196991
196994
196997
196999
197007
197008
197011
197012
197013
197015
197017
197019
197022
197033
197039
197040
197041
197055
197060
197062
197064
197069
197074
197076
197080
197086
197088
197100
197102
197106
197108
197110
197119
197121
197125
197129
197134
197137
197143
197144
197152
197160
197163
197164
197169
197171
197175
197176
197177
197181
197184
197185
197192
197193
197198
197201
197206
197209
197213
197214
197219
197220
197221
197223
197224
197232
197236
197237
197238
197244
197245
197246
197247
197249
197257
197265
197266
197271
197274
197278
197286
197288
197289
197294
197300
197308
197315
197320
197323
197325
197332
197335
197336
197340
197345
197353
197354
197356
197357
197362
197363
197365
197366
197369
197375
197378
197380
197382
197383
197386
197389
197390
197391
197395
197406
197407
197409
197410
197411
197412
197419
197423
197430
197435
197436
197437
197439
197441
197445
197450
197452
197455
197462
197463
197465
197466
197468
197469
197471
197472
197477
197481
197482
197485
197486
197487
197490
197493
197494
197500
197503
197509
197510
197513
197517
197523
197527
197528
197530
197536
197537
197540
197541
197543
197548
197556
197558
197559
197560
197561
197567
197569
197570
197571
197577
197578
197579
197580
197583
197584
197586
197593
197597
197598
197599
197603
197605
197607
197608
197611
197613
197614
197615
197616
197622
197626
197633
197634
197635
197646
197649
197651
197655
197668
197682
197683
197685
197686
197693
197704
197706
197710
197712
197715
197717
197723
197726
197736
197737
197741
197755
197757
197761
197764
197769
197772
197776
197780
197781
197782
197789
197792
197793
197794
197799
197801
197806
197808
197809
197810
197811
197812
197816
197819
197821
197827
197835
197842
197844
197846
197848
197852
197854
197857
197864
197865
197866
197871
197872
197873
197876
197877
197889
197890
197909
197911
197926
197928
197930
197931
197933
197934
197935
197941
197946
197951
197952
197953
197955
197957
197968
197976
197978
197982
197993
197997
198000
198002
198003
198005
198009
198017
198020
198026
198032
198037
198040
198043
198046
198047
198048
198053
198059
198063
198067
198069
198070
198074
198075
198078
198083
198084
198091
198092
198096
198105
198109
198111
198120
198125
198127
198133
198134
198138
198148
198149
198152
198153
198159
198160
198165
198167
198169
198170
198175
198178
198196
198198
198203
198204
198206
198209
198210
198223
198227
198228
198229
198241
198244
198246
198251
198254
198257
198258
198262
198263
198265
198267
198268
198269
198273
198275
198280
198281
198283
198294
198296
198309
198320
198323
198324
198326
198330
198331
198333
198338
198348
198349
198359
198366
198367
198370
198372
198375
198377
198380
198381
198383
198386
198395
198399
198401
198404
198405
198412
198418
198421
198425
198432
198437
198438
198440
198441
198451
198452
198459
198462
198468
198472
198478
198479
198485
198489
198497
198500
198502
198504
198512
198515
198518
198520
198521
198523
198525
198527
198528
198529
198532
198534
198537
198538
198539
198541
198542
198543
198546
198547
198550
198553
198558
198560
198563
198564
198565
198574
198576
198580
198582
198583
198584
198585
198587
198589
198591
198596
198597
198600
198602
198603
198605
198607
198611
198612
198613
198616
198620
198628
198638
198639
198642
198644
198646
198647
198654
198657
198658
198660
198673
198677
198679
198682
198685
198688
198691
198693
198695
198696
198698
198700
198701
198702
198704
198708
198709
198710
198717
198718
198719
198721
198722
198726
198730
198734
198742
198747
198748
198752
198753
198756
198759
198764
198765
198767
198768
198772
198773
198774
198779
198781
198784
198796
198798
198801
198802
198805
198807
198814
198820
198823
198825
198827
198828
198838
198839
198842
198843
198846
198850
198855
198857
198867
198870
198872
198873
198875
198883
198884
198885
198898
198901
198914
198915
198917
198919
198922
198924
198927
198929
198931
198934
198939
198940
198941
198942
198945
198946
198947
198949
198955
198960
198968
198980
198983
198987
198989
198991
198996
198999
199007
199011
199012
199013
199017
199024
199028
199030
199032
199033
199037
199042
199046
199049
199061
199072
199077
199079
199085
199088
199089
199090
199096
199097
199100
199101
199103
199107
199108
199114
199119
199121
199126
199131
199133
199134
199139
199142
199155
199157
199161
199163
199166
199167
199169
199170
199183
199189
199191
199192
199194
199196
199203
199204
199209
199213
199214
199219
199220
199231
199236
199239
199241
199243
199244
199246
199249
199252
199255
199259
199260
199265
199266
199282
199283
199288
199291
199294
199296
199303
199304
199316
199318
199319
199325
199327
199328
199329
199333
199336
199342
199348
199349
199350
199351
199355
199361
199366
199374
199377
199379
199385
199387
199388
199390
199391
199392
199393
199398
199404
199405
199406
199411
199420
199422
199429
199430
199432
199451
199457
199464
199465
199466
199467
199471
199490
199494
199501
199506
199513
199514
199515
199517
199519
199525
199527
199534
199535
199538
199545
199546
199550
199551
199554
199555
199556
199559
199562
199563
199564
199567
199568
199577
199586
199587
199589
199592
199593
199596
199597
199601
199603
199604
199605
199611
199622
199630
199633
199635
199639
199640
199643
199645
199650
199652
199660
199662
199665
199667
199671
199676
199683
199687
199688
199690
199697
199698
199702
199703
199714
199719
199724
199727
199730
199733
199736
199737
199739
199740
199743
199744
199745
199751
199753
199758
199760
199764
199765
199767
199768
199769
199771
199775
199776
199777
199784
199786
199789
199791
199807
199811
199819
199821
199823
199827
199830
199832
199836
199841
199842
199844
199853
199856
199857
199859
199860
199862
199863
199866
199871
199872
199874
199875
199883
199885
199888
199891
199892
199900
199902
199908
199913
199916
199917
199919
199922
199924
199929
199934
199936
199941
199943
199944
199947
199949
199950
199951
199954
199956
199959
199960
199963
199964
199968
199969
199975
199980
199982
199983
199986
199987
199990
199991
199994
199999
200006
200012
200016
200021
200025
200026
200029
200035
200036
200037
200038
200047
200048
200049
200057
200058
200059
200061
200066
200069
200076
200078
200083
200097
200099
200100
200108
200116
200118
200135
200140
200143
200154
200157
200168
200172
200173
200181
200182
200186
200187
200188
200189
200190
200194
200198
200205
200208
200211
200214
200216
200217
200218
200223
200230
200231
200233
200234
200237
200240
200241
200247
200248
200251
200252
200255
200256
200267
200269
200271
200275
200276
200278
200283
200284
200285
200288
200289
200300
200301
200302
200304
200305
200308
200310
200318
200325
200332
200337
200350
200357
200362
200376
200378
200385
200388
200391
200392
200400
200401
200404
200415
200416
200417
200418
200420
200421
200423
200424
200425
200427
200446
200454
200455
200460
200470
200472
200474
200477
200479
200481
200487
200488
200489
200494
200502
200504
200506
200507
200508
200509
200511
200520
200524
200525
200530
200535
200545
200552
200554
200558
200560
200562
200567
200580
200586
200587
200589
200591
200592
200594
200604
200611
200616
200622
200624
200626
200627
200628
200632
200633
200637
200640
200641
200643
200644
200647
200648
200649
200655
200656
200657
200665
200666
200667
200669
200674
200676
200679
200680
200696
200702
200706
200708
200709
200712
200714
200717
200726
200730
200731
200733
200738
200744
200745
200747
200748
200750
200753
200754
200755
200761
200764
200769
200770
200781
200782
200785
200791
200792
200794
200795
200800
200805
200809
200811
200812
200815
200822
200826
200836
200841
200847
200852
200854
200855
200859
200860
200866
200867
200868
200871
200875
200880
200881
200883
200884
200885
200894
200899
200901
200904
200907
200908
200909
200911
200914
200918
200924
200925
200929
200932
200940
200941
200962
200967
200970
200979
200980
200982
200983
200985
200994
200999
201002
201007
201011
201012
201014
201018
201022
201023
201024
201025
201026
201027
201028
201030
201036
201038
201039
201040
201042
201045
201055
201056
201057
201059
201060
201065
201068
201069
201078
201079
201080
201082
201084
201085
201086
201092
201094
201103
201104
201105
201109
201112
201113
201115
201117
201123
201124
201127
201128
201129
201134
201142
201143
201147
201148
201149
201157
201159
201160
201163
201167
201168
201170
201175
201179
201182
201194
201196
201204
201206
201214
201219
201220
201224
201225
201226
201228
201232
201237
201239
201242
201248
201252
201253
201254
201264
201266
201269
201271
201273
201277
201286
201292
201293
201294
201300
201303
201304
201308
201309
201310
201313
201315
201325
201326
201328
201330
201331
201333
201336
201341
201343
201353
201358
201364
201365
201368
201369
201370
201380
201381
201385
201386
201388
201393
201395
201396
201397
201404
201405
201406
201408
201413
201419
201420
201427
201431
201434
201437
201444
201447
201448
201449
201455
201457
201458
201459
201462
201465
201467
201468
201469
201470
201474
201475
201479
201480
201483
201487
201496
201497
201498
201499
201500
201503
201506
201509
201510
201515
201517
201518
201520
201521
201524
201525
201526
201537
201539
201540
201544
201545
201546
201548
201555
201556
201559
201561
201563
201566
201570
201573
201576
201579
201580
201583
201585
201587
201589
201591
201592
201593
201595
201597
201606
201608
201609
201615
201618
201619
201620
201621
201625
201639
201640
201641
201647
201652
201653
201654
201663
201665
201666
201668
201669
201671
201673
201683
201686
201699
201700
201706
201715
201724
201728
201730
201735
201736
201738
201739
201746
201750
201755
201757
201760
201761
201762
201769
201772
201776
201777
201778
201781
201787
201788
201790
201805
201810
201811
201816
201818
201822
201823
201825
201826
201827
201831
201832
201837
201838
201841
201843
201844
201845
201847
201848
201849
201851
201854
201859
201860
201862
201863
201864
201868
201871
201875
201877
201882
201883
201884
201886
201887
201888
201892
201898
201900
201901
201904
201915
201916
201921
201922
201923
201924
201931
201932
201934
201943
201944
201949
201950
201959
201962
201965
201968
201969
201971
201975
201977
201983
201984
201987
201988
201991
201992
201993
201994
201995
201996
201998
201999
202004
202005
202009
202010
202011
202015
202028
202030
202032
202033
202036
202037
202043
202047
202049
202050
202051
202054
202059
202065
202071
202072
202078
202081
202082
202083
202084
202089
202094
202096
202104
202107
202111
202115
202117
202118
202123
202125
202129
202135
202137
202144
202145
202146
202148
202149
202157
202161
202162
202164
202168
202169
202173
202175
202176
202177
202187
202188
202189
202190
202191
202197
202201
202205
202206
202207
202209
202223
202225
202226
202227
202230
202233
202238
202242
202243
202249
202257
202263
202266
202269
202272
202280
202288
202295
202303
202305
202312
202314
202316
202318
202319
202321
202326
202331
202335
202339
202341
202344
202345
202348
202349
202353
202354
202357
202363
202364
202365
202368
202371
202378
202379
202382
202383
202384
202394
202396
202398
202401
202405
202410
202413
202415
202426
202428
202429
202430
202434
202439
202441
202457
202465
202468
202469
202471
202483
202485
202486
202490
202493
202495
202499
202502
202503
202514
202517
202518
202521
202523
202527
202528
202530
202531
202533
202537
202538
202548
202556
202564
202565
202569
202570
202573
202575
202576
202579
202589
202604
202609
202611
202628
202629
202631
202635
202643
202657
202660
202661
202662
202663
202671
202675
202676
202678
202679
202681
202683
202688
202692
202693
202694
202695
202699
202705
202709
202710
202711
202714
202723
202729
202732
202733
202745
202746
202747
202751
202753
202761
202766
202770
202776
202787
202790
202792
202797
202798
202802
202812
202813
202816
202818
202819
202821
202823
202824
202825
202828
202839
202844
202845
202847
202849
202854
202860
202865
202867
202868
202874
202879
202885
202888
202889
202892
202893
202895
202897
202898
202900
202904
202906
202907
202908
202909
202911
202912
202919
202923
202925
202931
202933
202934
202941
202944
202950
202951
202963
202964
202965
202967
202970
202977
202978
202979
202984
202986
202989
202990
202992
203005
203007
203011
203015
203023
203024
203026
203027
203033
203034
203035
203048
203051
203055
203057
203058
203061
203062
203065
203066
203068
203070
203072
203073
203076
203077
203081
203082
203088
203089
203092
203093
203094
203099
203102
203105
203107
203108
203113
203115
203117
203118
203127
203128
203129
203130
203131
203141
203142
203143
203144
203145
203148
203149
203153
203156
203161
203170
203171
203184
203194
203195
203201
203204
203206
203211
203213
203214
203216
203221
203222
203224
203227
203234
203237
203241
203244
203246
203259
203260
203265
203268
203269
203270
203275
203282
203283
203286
203287
203290
203300
203308
203310
203311
203312
203316
203317
203326
203327
203332
203335
203338
203340
203349
203350
203351
203353
203354
203359
203361
203363
203371
203372
203375
203377
203378
203380
203383
203387
203392
203393
203400
203405
203407
203408
203413
203414
203420
203424
203430
203431
203432
203433
203445
203450
203452
203454
203460
203467
203469
203474
203477
203479
203481
203483
203487
203491
203496
203497
203500
203505
203506
203512
203513
203523
203527
203530
203534
203539
203541
203547
203550
203553
203558
203565
203566
203568
203573
203575
203580
203582
203587
203593
203594
203595
203596
203598
203601
203602
203603
203606
203610
203611
203612
203620
203624
203629
203631
203642
203643
203647
203651
203657
203660
203663
203664
203666
203667
203668
203669
203672
203673
203675
203684
203685
203686
203694
203703
203709
203710
203712
203726
203730
203734
203738
203741
203742
203744
203745
203746
203747
203748
203749
203750
203751
203759
203765
203778
203780
203788
203792
203796
203798
203800
203803
203809
203810
203811
203812
203815
203825
203835
203836
203844
203849
203852
203854
203855
203857
203861
203863
203867
203870
203871
203872
203873
203875
203890
203894
203897
203900
203901
203903
203909
203910
203923
203925
203932
203939
203946
203947
203956
203959
203961
203972
203976
203981
203990
203995
203998
204001
204002
204011
204013
204014
204017
204023
204026
204031
204032
204039
204042
204043
204045
204046
204049
204052
204054
204055
204065
204066
204067
204080
204083
204084
204086
204087
204093
204097
204103
204112
204113
204137
204138
204143
204145
204151
204154
204155
204156
204159
204160
204167
204175
204181
204183
204184
204188
204189
204190
204191
204193
204198
204205
204215
204217
204219
204228
204233
204237
204238
204240
204241
204245
204247
204248
204249
204254
204259
204261
204268
204269
204278
204289
204290
204291
204292
204301
204305
204306
204311
204312
204314
204320
204321
204324
204326
204327
204328
204330
204331
204332
204342
204359
204360
204363
204364
204366
204367
204369
204371
204377
204380
204383
204385
204391
204394
204395
204399
204406
204410
204411
204417
204418
204421
204422
204423
204430
204434
204443
204444
204458
204459
204462
204463
204466
204467
204472
204473
204479
204481
204485
204490
204491
204494
204495
204498
204499
204500
204504
204510
204520
204522
204524
204529
204535
204536
204538
204542
204543
204549
204553
204559
204560
204561
204576
204578
204579
204580
204581
204584
204586
204594
204595
204597
204609
204611
204612
204613
204614
204615
204618
204619
204627
204628
204629
204630
204633
204636
204641
204645
204646
204648
204649
204653
204657
204663
204668
204677
204680
204682
204686
204687
204688
204693
204700
204701
204704
204705
204706
204708
204710
204713
204716
204723
204727
204728
204734
204744
204753
204754
204759
204769
204770
204774
204775
204777
204778
204781
204786
204788
204792
204796
204797
204798
204800
204804
204808
204811
204812
204815
204818
204820
204821
204822
204826
204828
204831
204840
204841
204842
204849
204860
204862
204870
204871
204872
204873
204876
204885
204887
204891
204895
204898
204899
204904
204909
204910
204911
204918
204925
204928
204930
204931
204938
204941
204942
204944
204945
204946
204948
204950
204955
204959
204962
204963
204965
204966
204968
204972
204973
204976
204983
204984
204987
204993
204997
204998
204999
205001
205004
205011
205012
205018
205021
205031
205034
205040
205042
205046
205047
205049
205051
205052
205055
205057
205058
205060
205061
205063
205064
205065
205066
205067
205068
205070
205071
205077
205080
205085
205091
205097
205098
205099
205113
205118
205120
205121
205124
205125
205129
205130
205132
205135
205137
205141
205151
205154
205155
205156
205157
205162
205165
205166
205167
205171
205172
205173
205174
205175
205176
205177
205185
205197
205198
205199
205200
205201
205202
205210
205212
205213
205219
205220
205223
205226
205228
205234
205243
205249
205251
205257
205259
205266
205270
205275
205278
205285
205295
205296
205299
205300
205303
205306
205313
205314
205316
205330
205332
205336
205338
205339
205343
205344
205346
205353
205357
205360
205367
205368
205379
205380
205383
205384
205386
205387
205389
205394
205404
205405
205409
205412
205414
205419
205422
205426
205428
205433
205435
205441
205442
205443
205449
205451
205452
205453
205456
205461
205463
205468
205469
205470
205471
205474
205475
205480
205491
205494
205495
205497
205498
205499
205502
205512
205519
205521
205529
205536
205540
205541
205545
205547
205548
205549
205558
205560
205565
205567
205568
205573
205583
205586
205591
205593
205596
205598
205599
205603
205604
205606
205609
205614
205626
205627
205628
205630
205637
205638
205646
205650
205651
205653
205654
205659
205673
205674
205675
205676
205679
205686
205690
205694
205704
205706
205709
205718
205726
205730
205731
205732
205737
205738
205744
205745
205752
205757
205759
205760
205762
205763
205766
205767
205768
205772
205774
205780
205782
205788
205791
205795
205802
205803
205810
205817
205818
205819
205821
205823
205824
205832
205838
205846
205847
205848
205850
205853
205854
205862
205867
205868
205869
205876
205878
205886
205890
205891
205896
205898
205906
205907
205910
205911
205913
205914
205918
205929
205930
205931
205936
205937
205939
205943
205946
205953
205954
205959
205962
205963
205969
205970
205973
205977
205979
205983
205986
205995
206007
206021
206026
206028
206029
206040
206044
206045
206048
206054
206057
206058
206059
206066
206069
206072
206077
206080
206085
206088
206090
206096
206103
206104
206105
206114
206122
206125
206129
206132
206136
206137
206143
206144
206154
206155
206157
206158
206162
206166
206173
206178
206185
206187
206188
206189
206190
206192
206198
206200
206203
206204
206218
206230
206231
206235
206239
206251
206252
206253
206255
206260
206263
206268
206274
206279
206283
206296
206299
206300
206301
206311
206312
206315
206316
206318
206323
206330
206331
206340
206343
206345
206347
206349
206352
206353
206354
206355
206357
206361
206364
206365
206369
206385
206386
206390
206397
206401
206407
206410
206412
206414
206416
206417
206418
206422
206423
206424
206425
206427
206429
206431
206433
206437
206446
206448
206449
206461
206464
206468
206469
206472
206473
206480
206485
206486
206488
206491
206492
206496
206504
206511
206516
206517
206518
206520
206522
206524
206525
206532
206540
206546
206555
206559
206561
206563
206565
206566
206571
206589
206596
206597
206598
206601
206602
206612
206614
206615
206618
206619
206621
206622
206625
206626
206629
206637
206641
206642
206646
206663
206664
206665
206666
206671
206672
206678
206690
206694
206695
206697
206704
206708
206711
206714
206715
206717
206718
206721
206722
206732
206735
206738
206743
206744
206749
206750
206752
206753
206755
206757
206758
206764
206768
206769
206772
206774
206775
206780
206783
206784
206788
206790
206796
206809
206812
206813
206814
206815
206817
206824
206830
206832
206833
206835
206840
206848
206851
206852
206853
206857
206858
206859
206862
206864
206875
206877
206880
206882
206885
206887
206888
206891
206893
206902
206906
206908
206910
206911
206914
206918
206920
206921
206923
206932
206933
206935
206938
206939
206941
206949
206951
206959
206962
206965
206967
206971
206976
206982
206984
206987
206988
206989
206991
206992
206993
206995
207001
207002
207005
207010
207013
207016
207020
207021
207025
207029
207030
207031
207035
207037
207039
207041
207045
207046
207047
207048
207055
207056
207063
207064
207072
207080
207083
207085
207088
207103
207119
207135
207141
207145
207150
207155
207157
207161
207162
207163
207166
207170
207171
207174
207176
207177
207181
207182
207184
207195
207196
207197
207198
207206
207207
207209
207211
207212
207218
207222
207223
207231
207234
207239
207241
207246
207254
207261
207264
207270
207273
207275
207277
207280
207286
207288
207290
207291
207295
207296
207297
207298
207299
207300
207302
207311
207313
207314
207320
207322
207326
207327
207330
207332
207339
207346
207347
207349
207350
207357
207374
207378
207379
207402
207404
207407
207408
207410
207411
207428
207429
207430
207433
207434
207445
207447
207455
207457
207459
207461
207462
207463
207464
207472
207474
207475
207477
207478
207479
207481
207488
207492
207496
207497
207504
207505
207508
207515
207516
207517
207520
207530
207534
207550
207551
207559
207572
207573
207576
207577
207578
207590
207597
207599
207603
207615
207619
207620
207622
207623
207624
207627
207630
207644
207645
207648
207655
207658
207659
207660
207668
207671
207672
207676
207678
207680
207681
207682
207683
207684
207695
207697
207703
207712
207713
207716
207719
207739
207741
207742
207743
207745
207746
207751
207755
207763
207768
207769
207770
207775
207778
207779
207784
207786
207794
207795
207798
207800
207803
207811
207815
207817
207818
207819
207822
207823
207824
207829
207833
207835
207840
207849
207852
207853
207860
207861
207862
207865
207866
207869
207870
207872
207879
207880
207890
207892
207893
207894
207895
207896
207897
207902
207903
207905
207907
207909
207912
207919
207923
207925
207926
207929
207930
207933
207940
207941
207943
207944
207946
207947
207948
207949
207954
207956
207962
207964
207967
207968
207972
207975
207976
207987
207988
207989
207991
207994
207995
207997
207999
208002
208005
208016
208017
208018
208019
208034
208035
208038
208040
208041
208049
208050
208052
208054
208055
208057
208061
208063
208064
208068
208069
208074
208078
208079
208080
208084
208086
208087
208089
208091
208100
208106
208109
208113
208127
208128
208134
208138
208139
208142
208144
208148
208153
208154
208156
208159
208162
208166
208170
208182
208186
208187
208201
208203
208204
208205
208207
208214
208219
208221
208246
208250
208257
208265
208266
208268
208269
208270
208271
208274
208275
208280
208281
208284
208285
208287
208288
208289
208290
208295
208297
208307
208313
208315
208317
208319
208322
208323
208325
208328
208329
208332
208333
208339
208343
208345
208352
208360
208361
208366
208368
208370
208371
208375
208376
208379
208380
208385
208386
208387
208389
208390
208394
208395
208398
208400
208406
208412
208418
208420
208424
208431
208432
208436
208438
208452
208453
208454
208458
208461
208468
208471
208472
208476
208477
208478
208481
208487
208488
208489
208490
208491
208492
208493
208496
208499
208501
208503
208508
208512
208518
208519
208521
208522
208525
208534
208537
208539
208542
208543
208544
208547
208548
208554
208555
208559
208561
208581
208582
208583
208584
208587
208588
208589
208594
208597
208598
208599
208606
208612
208613
208615
208618
208621
208625
208628
208633
208639
208643
208645
208649
208650
208651
208653
208654
208658
208663
208665
208669
208672
208687
208688
208691
208692
208698
208699
208701
208702
208707
208709
208710
208711
208713
208722
208725
208731
208734
208739
208740
208745
208752
208753
208756
208763
208764
208768
208778
208781
208782
208787
208788
208790
208798
208803
208804
208809
208811
208817
208818
208821
208822
208824
208826
208827
208829
208830
208834
208835
208836
208842
208852
208853
208854
208860
208869
208877
208881
208882
208886
208890
208891
208896
208899
208901
208902
208907
208908
208909
208910
208912
208916
208918
208927
208931
208937
208939
208941
208946
208953
208954
208966
208967
208972
208974
208975
208976
208985
208986
208991
208992
208993
209002
209003
209010
209011
209014
209017
209018
209019
209022
209037
209039
209041
209046
209050
209052
209057
209060
209062
209063
209073
209076
209079
209080
209081
209082
209086
209092
209094
209097
209099
209100
209101
209102
209105
209115
209117
209119
209122
209126
209130
209131
209137
209140
209141
209142
209143
209144
209156
209158
209162
209164
209165
209176
209178
209181
209188
209190
209191
209213
209214
209215
209218
209230
209239
209242
209249
209250
209252
209260
209262
209265
209267
209272
209274
209280
209284
209290
209291
209292
209299
209300
209301
209309
209311
209312
209331
209332
209334
209335
209337
209338
209345
209355
209365
209366
209368
209369
209370
209377
209380
209383
209384
209393
209394
209402
209403
209406
209408
209409
209410
209416
209424
209425
209428
209437
209439
209442
209443
209446
209453
209459
209460
209467
209477
209480
209483
209488
209490
209496
209497
209498
209503
209513
209514
209516
209518
209519
209520
209521
209523
209525
209526
209532
209546
209547
209552
209554
209565
209566
209568
209570
209579
209588
209590
209591
209593
209594
209596
209597
209604
209606
209608
209611
209615
209616
209619
209620
209626
209629
209638
209648
209651
209652
209657
209662
209673
209681
209682
209683
209685
209692
209693
209696
209697
209700
209701
209702
209703
209712
209713
209714
209715
209717
209725
209731
209732
209734
209735
209738
209741
209745
209750
209754
209765
209772
209774
209778
209782
209792
209793
209805
209806
209807
209813
209819
209820
209822
209827
209828
209831
209832
209833
209834
209835
209838
209841
209849
209851
209855
209856
209861
209862
209864
209867
209873
209876
209881
209882
209885
209897
209900
209904
209906
209910
209915
209916
209919
209923
209924
209926
209933
209934
209935
209937
209938
209939
209940
209944
209949
209951
209959
209961
209963
209974
209981
209983
209985
209986
209987
209991
209995
210000
210003
210004
210010
210019
210027
210033
210040
210043
210044
210052
210053
210054
210058
210059
210067
210068
210070
210072
210075
210077
210081
210082
210083
210086
210087
210088
210089
210092
210100
210101
210102
210111
210112
210113
210117
210118
210119
210126
210129
210138
210139
210140
210141
210147
210153
210160
210165
210166
210167
210168
210171
210172
210177
210188
210191
210192
210197
210198
210211
210218
210219
210220
210228
210235
210236
210238
210239
210242
210243
210257
210259
210263
210266
210276
210280
210283
210289
210291
210297
210299
210307
210310
210311
210314
210321
210322
210323
210327
210331
210334
210338
210339
210347
210349
210352
210359
210360
210367
210368
210369
210370
210371
210372
210373
210377
210379
210381
210400
210405
210409
210411
210418
210425
210427
210432
210433
210436
210437
210442
210443
210451
210452
210460
210462
210470
210471
210474
210480
210484
210487
210495
210498
210505
210508
210512
210517
210518
210519
210520
210523
210529
210530
210531
210534
210539
210540
210549
210554
210557
210562
210563
210565
210566
210571
210575
210576
210583
210584
210593
210599
210605
210606
210607
210608
210609
210610
210612
210618
210623
210625
210626
210628
210629
210630
210633
210635
210639
210652
210653
210654
210655
210658
210659
210660
210661
210662
210664
210670
210673
210674
210681
210682
210686
210687
210689
210690
210700
210708
210709
210711
210712
210715
210719
210720
210722
210723
210724
210725
210727
210729
210730
210732
210734
210740
210742
210744
210748
210749
210759
210770
210775
210785
210789
210794
210797
210798
210801
210806
210807
210810
210811
210813
210816
210821
210822
210824
210829
210830
210832
210833
210834
210836
210837
210839
210844
210848
210852
210857
210858
210860
210863
210865
210873
210877
210878
210880
210881
210885
210894
210902
210905
210909
210914
210925
210930
210932
210933
210937
210944
210949
210955
210960
210961
210962
210967
210977
210978
210979
210981
210987
210989
210991
211001
211004
211006
211008
211012
211014
211021
211028
211029
211033
211035
211036
211048
211055
211057
211059
211060
211062
211063
211065
211068
211073
211074
211075
211076
211079
211083
211084
211085
211090
211096
211109
211117
211119
211120
211125
211129
211134
211136
211140
211142
211144
211145
211147
211148
211149
211151
211158
211163
211164
211165
211171
211173
211174
211177
211178
211179
211180
211182
211186
211187
211188
211197
211199
211200
211203
211204
211205
211211
211219
211222
211224
211227
211230
211231
211232
211233
211235
211243
211249
211250
211251
211253
211255
211256
211257
211263
211271
211278
211284
211290
211291
211300
211301
211305
211306
211307
211311
211315
211318
211321
211323
211330
211332
211334
211336
211342
211346
211354
211358
211362
211364
211374
211375
211378
211379
211380
211381
211385
211388
211390
211392
211397
211399
211402
211404
211405
211414
211415
211416
211421
211436
211441
211442
211449
211451
211453
211455
211466
211467
211472
211474
211476
211483
211492
211499
211500
211503
211504
211505
211506
211507
211509
211515
211521
211522
211530
211533
211534
211536
211537
211538
211545
211554
211555
211557
211559
211562
211567
211584
211587
211590
211591
211593
211599
211600
211601
211608
211614
211616
211617
211618
211621
211622
211627
211632
211633
211635
211637
211645
211646
211648
211649
211652
211653
211660
211666
211667
211679
211680
211682
211683
211688
211693
211695
211697
211698
211707
211709
211710
211714
211715
211716
211719
211724
211729
211731
211735
211736
211739
211744
211745
211746
211756
211758
211767
211771
211772
211775
211777
211778
211779
211781
211782
211790
211792
211797
211798
211799
211804
211805
211809
211810
211812
211815
211818
211824
211834
211836
211840
211842
211847
211856
211860
211864
211865
211866
211871
211873
211876
211880
211886
211898
211901
211902
211906
211908
211916
211921
211924
211926
211930
211932
211935
211936
211945
211947
211948
211950
211952
211958
211960
211961
211968
211972
211974
211983
211987
211988
211989
211994
211998
212002
212004
212005
212007
212009
212015
212016
212019
212025
212029
212030
212036
212039
212047
212049
212054
212063
212066
212068
212069
212072
212073
212076
212079
212087
212090
212093
212094
212095
212096
212097
212098
212099
212103
212109
212114
212115
212117
212118
212120
212122
212124
212133
212148
212149
212150
212152
212153
212159
212161
212164
212165
212167
212169
212170
212173
212174
212175
212188
212189
212193
212200
212201
212205
212206
212208
212212
212215
212217
212218
212220
212221
212222
212223
212224
212225
212227
212229
212235
212236
212239
212242
212243
212246
212251
212256
212262
212263
212266
212270
212278
212286
212287
212288
212291
212304
212306
212309
212314
212316
212317
212318
212323
212327
212328
212332
212333
212336
212338
212340
212341
212349
212354
212357
212358
212363
212365
212367
212379
212384
212388
212392
212393
212396
212410
212411
212413
212414
212421
212422
212425
212426
212429
212430
212433
212434
212435
212440
212449
212454
212459
212464
212465
212467
212477
212480
212490
212496
212497
212498
212499
212507
212510
212515
212518
212519
212521
212523
212524
212525
212533
212536
212544
212550
212552
212553
212555
212556
212561
212562
212563
212564
212568
212573
212580
212581
212582
212583
212584
212586
212589
212601
212605
212606
212609
212611
212612
212615
212616
212618
212630
212631
212635
212636
212638
212640
212642
212651
212654
212655
212658
212659
212664
212667
212668
212672
212677
212678
212683
212687
212688
212689
212691
212713
212714
212718
212719
212721
212723
212725
212730
212731
212732
212735
212740
212743
212747
212748
212749
212750
212753
212760
212762
212763
212764
212767
212771
212779
212783
212785
212786
212789
212790
212791
212792
212794
212806
212814
212815
212818
212824
212827
212829
212837
212838
212840
212844
212846
212851
212852
212853
212854
212858
212859
212862
212866
212867
212879
212881
212890
212892
212893
212898
212900
212904
212915
212917
212918
212923
212925
212926
212927
212930
212932
212939
212951
212952
212961
212963
212964
212967
212968
212969
212981
212988
212989
212990
212991
212992
212995
212998
213000
213011
213012
213015
213017
213022
213025
213028
213041
213047
213049
213053
213054
213056
213061
213063
213065
213069
213071
213081
213082
213087
213088
213089
213098
213106
213108
213112
213114
213115
213117
213119
213123
213124
213125
213126
213128
213129
213132
213134
213137
213144
213145
213147
213154
213157
213159
213161
213165
213166
213167
213168
213174
213177
213187
213202
213211
213214
213217
213227
213234
213235
213236
213240
213256
213258
213259
213261
213264
213267
213274
213278
213279
213289
213292
213294
213295
213302
213309
213315
213320
213324
213334
213337
213338
213346
213348
213355
213357
213358
213359
213363
213365
213367
213369
213376
213377
213378
213382
213383
213386
213390
213400
213402
213414
213417
213420
213422
213428
213429
213436
213437
213441
213444
213445
213446
213453
213454
213463
213471
213473
213474
213475
213479
213495
213496
213497
213499
213510
213514
213530
213531
213538
213539
213543
213546
213548
213553
213556
213557
213560
213566
213567
213568
213575
213576
213589
213591
213592
213593
213595
213597
213600
213606
213613
213614
213618
213619
213625
213632
213635
213636
213637
213640
213642
213647
213648
213655
213659
213660
213662
213663
213666
213672
213673
213675
213676
213679
213681
213682
213685
213688
213695
213696
213700
213703
213710
213711
213717
213718
213719
213720
213723
213728
213736
213739
213742
213750
213752
213753
213756
213759
213760
213761
213766
213768
213769
213771
213778
213779
213780
213781
213787
213794
213798
213800
213804
213806
213809
213810
213811
213821
213828
213829
213830
213832
213836
213837
213842
213848
213852
213854
213866
213867
213869
213870
213871
213877
213878
213879
213886
213887
213888
213889
213890
213891
213898
213900
213903
213905
213906
213910
213914
213921
213922
213929
213931
213933
213934
213937
213950
213951
213955
213956
213958
213962
213963
213971
213974
213977
213978
213982
213985
213986
213988
213990
214010
214014
214016
214017
214019
214023
214024
214027
214032
214040
214043
214048
214050
214053
214054
214055
214057
214058
214060
214061
214067
214074
214075
214078
214080
214081
214082
214084
214085
214087
214103
214109
214114
214116
214117
214118
214123
214127
214134
214136
214140
214142
214144
214149
214150
214151
214157
214158
214159
214162
214167
214168
214169
214177
214183
214187
214191
214192
214196
214201
214206
214212
214213
214215
214221
214222
214225
214228
214230
214239
214240
214243
214244
214250
214253
214264
214265
214268
214270
214272
214273
214274
214275
214276
214279
214281
214291
214299
214303
214304
214310
214312
214313
214316
214318
214323
214324
214328
214336
214339
214340
214341
214350
214351
214355
214356
214372
214374
214375
214380
214381
214382
214386
214387
214388
214400
214405
214416
214417
214425
214430
214431
214432
214434
214440
214443
214447
214452
214458
214459
214465
214472
214474
214475
214476
214479
214483
214484
214488
214494
214499
214501
214502
214507
214515
214522
214531
214536
214540
214541
214543
214551
214552
214555
214557
214558
214559
214561
214568
214573
214574
214579
214580
214581
214583
214597
214605
214607
214611
214612
214613
214615
214616
214626
214629
214636
214637
214638
214639
214640
214646
214648
214654
214659
214662
214663
214664
214667
214673
214679
214684
214685
214688
214702
214704
214708
214714
214715
214718
214719
214722
214732
214739
214740
214741
214743
214744
214756
214757
214759
214760
214763
214764
214767
214769
214775
214777
214780
214783
214787
214790
214798
214799
214801
214805
214806
214809
214812
214818
214824
214825
214832
214848
214852
214853
214854
214857
214858
214859
214863
214867
214869
214872
214873
214875
214877
214879
214882
214884
214892
214893
214894
214895
214898
214901
214902
214904
214905
214906
214911
214917
214926
214927
214928
214929
214933
214934
214935
214951
214953
214954
214955
214956
214964
214970
214981
214982
214983
214986
214987
214990
215011
215012
215020
215021
215022
215023
215031
215032
215035
215036
215037
215038
215039
215043
215048
215050
215051
215053
215056
215058
215060
215062
215063
215066
215068
215075
215084
215086
215092
215098
215102
215103
215104
215105
215108
215111
215113
215117
215118
215131
215133
215135
215137
215138
215139
215140
215147
215150
215159
215166
215167
215169
215170
215171
215174
215176
215181
215185
215192
215194
215201
215203
215206
215208
215217
215222
215227
215231
215233
215242
215244
215247
215257
215258
215260
215261
215263
215267
215270
215273
215277
215278
215290
215293
215295
215296
215309
215323
215326
215327
215328
215329
215330
215332
215336
215341
215359
215360
215361
215362
215363
215367
215368
215374
215379
215380
215381
215383
215384
215386
215392
215412
215413
215414
215415
215417
215419
215420
215422
215426
215433
215435
215440
215442
215443
215444
215448
215459
215460
215464
215465
215469
215475
215476
215479
215480
215489
215495
215496
215497
215498
215503
215506
215508
215510
215511
215514
215517
215519
215524
215527
215528
215532
215539
215540
215548
215552
215560
215567
215572
215582
215584
215590
215594
215597
215600
215609
215615
215616
215617
215618
215620
215626
215627
215629
215633
215635
215636
215639
215642
215647
215651
215652
215661
215672
215674
215679
215680
215682
215683
215684
215686
215687
215689
215691
215694
215703
215712
215715
215717
215718
215724
215725
215746
215752
215756
215757
215762
215763
215764
215769
215771
215793
215794
215795
215797
215801
215809
215810
215812
215813
215816
215818
215820
215825
215836
215837
215842
215862
215870
215876
215877
215878
215879
215881
215883
215886
215891
215893
215908
215910
215914
215919
215923
215932
215934
215935
215936
215940
215941
215942
215949
215956
215957
215959
215960
215968
215969
215974
215976
215986
215988
215989
215993
216006
216007
216017
216028
216030
216035
216037
216041
216042
216045
216047
216048
216052
216059
216063
216064
216065
216068
216094
216096
216097
216102
216108
216116
216120
216129
216130
216131
216132
216135
216136
216138
216140
216144
216152
216153
216154
216155
216157
216164
216166
216167
216170
216172
216173
216174
216175
216180
216184
216188
216189
216197
216203
216210
216211
216212
216213
216221
216223
216244
216245
216246
216247
216249
216257
216259
216261
216267
216276
216277
216282
216283
216284
216285
216291
216292
216309
216313
216314
216315
216320
216321
216327
216330
216334
216350
216351
216355
216356
216358
216359
216360
216364
216372
216373
216374
216378
216382
216384
216387
216395
216396
216402
216404
216406
216411
216421
216422
216424
216429
216430
216434
216435
216438
216442
216448
216449
216451
216452
216455
216458
216459
216462
216463
216464
216465
216466
216471
216472
216473
216477
216480
216491
216495
216500
216504
216507
216510
216512
216514
216515
216518
216520
216523
216532
216536
216537
216538
216539
216552
216558
216562
216567
216572
216573
216577
216579
216581
216582
216583
216584
216587
216592
216594
216602
216604
216605
216606
216607
216609
216615
216617
216618
216619
216622
216638
216642
216643
216646
216647
216649
216651
216653
216658
216668
216669
216670
216675
216678
216697
216700
216702
216703
216706
216709
216710
216712
216718
216721
216724
216734
216735
216746
216748
216750
216754
216758
216769
216773
216780
216781
216785
216786
216788
216805
216806
216811
216816
216819
216825
216826
216827
216829
216830
216839
216841
216844
216847
216849
216863
216864
216866
216867
216869
216870
216881
216882
216890
216892
216893
216896
216907
216909
216911
216912
216923
216924
216925
216926
216931
216933
216935
216937
216938
216942
216946
216952
216953
216959
216961
216963
216965
216970
216981
216990
216992
216993
216994
216995
216996
217000
217004
217005
217006
217018
217022
217024
217030
217032
217033
217035
217036
217037
217038
217042
217047
217048
217058
217062
217066
217070
217076
217083
217090
217092
217096
217103
217109
217112
217115
217120
217124
217125
217129
217132
217133
217151
217154
217164
217166
217167
217170
217171
217172
217177
217181
217183
217184
217185
217190
217191
217192
217195
217198
217200
217204
217222
217223
217229
217230
217231
217240
217244
217247
217248
217252
217255
217256
217263
217266
217270
217272
217279
217281
217289
217302
217312
217316
217319
217322
217331
217338
217342
217348
217357
217359
217367
217368
217369
217371
217385
217386
217388
217392
217401
217402
217403
217405
217406
217408
217413
217415
217421
217422
217426
217427
217430
217431
217432
217445
217448
217449
217452
217453
217457
217458
217461
217464
217469
217473
217481
217489
217490
217492
217495
217501
217503
217505
217506
217513
217514
217519
217525
217527
217532
217533
217534
217538
217548
217553
217558
217559
217562
217563
217569
217570
217573
217577
217585
217586
217589
217595
217597
217624
217626
217627
217628
217632
217637
217640
217653
217655
217661
217663
217666
217668
217669
217678
217682
217692
217695
217696
217700
217704
217706
217707
217710
217714
217716
217720
217722
217728
217730
217734
217738
217741
217744
217755
217763
217764
217774
217775
217786
217790
217794
217796
217797
217803
217804
217805
217807
217821
217824
217829
217830
217831
217835
217836
217837
217838
217843
217852
217855
217866
217867
217868
217872
217874
217875
217876
217877
217878
217879
217881
217888
217889
217892
217893
217894
217896
217897
217904
217905
217908
217912
217913
217915
217918
217919
217925
217927
217930
217933
217935
217937
217943
217944
217945
217948
217951
217954
217956
217957
217963
217965
217966
217980
217981
217982
217986
217992
217997
217998
218000
218005
218007
218010
218016
218017
218020
218021
218025
218026
218029
218030
218043
218044
218047
218048
218051
218052
218058
218059
218062
218063
218070
218081
218082
218083
218084
218088
218089
218093
218094
218096
218107
218112
218113
218116
218119
218121
218140
218145
218153
218161
218167
218168
218174
218175
218178
218180
218189
218191
218194
218197
218204
218206
218210
218218
218222
218223
218225
218229
218231
218235
218236
218246
218255
218256
218262
218265
218275
218276
218280
218281
218285
218290
218292
218293
218297
218298
218299
218310
218313
218318
218321
218327
218329
218332
218337
218338
218346
218351
218362
218364
218367
218373
218383
218397
218400
218401
218403
218404
218405
218406
218407
218413
218415
218416
218421
218423
218426
218428
218438
218448
218450
218454
218455
218458
218459
218460
218465
218466
218473
218480
218482
218486
218490
218491
218495
218497
218514
218515
218517
218522
218527
218533
218549
218550
218552
218555
218556
218568
218569
218570
218574
218576
218581
218582
218585
218586
218588
218593
218604
218605
218608
218617
218627
218631
218638
218642
218643
218644
218647
218650
218653
218661
218666
218667
218671
218676
218677
218681
218682
218683
218685
218686
218693
218696
218703
218706
218718
218732
218733
218742
218746
218750
218751
218759
218760
218766
218771
218776
218779
218780
218781
218782
218783
218784
218785
218787
218789
218793
218797
218800
218806
218811
218814
218820
218821
218822
218828
218830
218834
218848
218849
218850
218852
218853
218854
218856
218860
218863
218864
218867
218868
218869
218870
218878
218880
218881
218882
218888
218890
218893
218894
218895
218900
218912
218913
218917
218921
218940
218941
218942
218943
218946
218951
218952
218953
218955
218956
218957
218962
218971
218985
218989
218990
218991
218996
219001
219002
219006
219016
219019
219025
219026
219031
219033
219039
219040
219042
219046
219047
219055
219061
219062
219064
219067
219068
219069
219071
219072
219076
219085
219086
219087
219094
219101
219115
219116
219117
219133
219136
219138
219139
219151
219158
219166
219168
219175
219176
219177
219178
219179
219185
219190
219192
219193
219196
219199
219203
219204
219205
219206
219207
219208
219210
219211
219214
219217
219218
219219
219221
219223
219227
219229
219230
219231
219232
219236
219244
219245
219248
219264
219269
219274
219276
219278
219280
219298
219299
219307
219310
219313
219329
219331
219333
219341
219342
219343
219344
219345
219346
219354
219355
219364
219372
219380
219381
219384
219385
219390
219393
219397
219398
219399
219405
219407
219416
219423
219424
219426
219429
219430
219435
219441
219442
219444
219446
219451
219457
219465
219483
219486
219495
219507
219508
219510
219514
219521
219530
219531
219535
219540
219557
219558
219560
219565
219567
219572
219573
219575
219597
219600
219606
219611
219612
219616
219620
219621
219625
219626
219643
219644
219651
219653
219655
219659
219660
219665
219666
219667
219669
219672
219678
219680
219687
219688
219689
219690
219694
219698
219700
219709
219721
219722
219724
219732
219735
219737
219741
219745
219751
219752
219753
219754
219755
219756
219758
219760
219771
219773
219775
219779
219785
219786
219787
219792
219798
219800
219803
219805
219808
219812
219813
219814
219816
219817
219818
219819
219820
219821
219822
219823
219827
219828
219835
219838
219845
219849
219857
219859
219864
219879
219883
219884
219885
219887
219888
219897
219898
219899
219900
219902
219905
219906
219907
219908
219909
219913
219916
219931
219932
219935
219936
219939
219943
219948
219952
219953
219959
219960
219962
219965
219966
219970
219973
219974
219975
219982
219983
219984
219996
220007
220008
220010
220014
220015
220022
220023
220026
220030
220031
220033
220035
220036
220038
220040
220057
220078
220084
220093
220097
220098
220101
220104
220105
220106
220111
220112
220116
220121
220126
220127
220128
220134
220142
220143
220148
220149
220154
220156
220157
220158
220162
220168
220173
220175
220178
220180
220184
220186
220192
220193
220194
220201
220207
220208
220211
220212
220219
220224
220231
220232
220235
220236
220238
220240
220246
220259
220263
220264
220265
220267
220270
220275
220277
220283
220292
220303
220307
220311
220317
220319
220320
220323
220327
220329
220338
220340
220346
220347
220348
220350
220351
220353
220358
220369
220374
220375
220382
220385
220390
220403
220420
220421
220425
220426
220431
220438
220444
220449
220452
220457
220458
220461
220464
220465
220468
220469
220470
220477
220478
220481
220485
220486
220488
220489
220491
220492
220493
220494
220498
220500
220501
220502
220509
220517
220520
220525
220527
220528
220532
220542
220553
220554
220555
220564
220567
220571
220573
220576
220577
220584
220592
220594
220597
220604
220608
220614
220617
220618
220619
220622
220628
220630
220636
220637
220645
220646
220647
220648
220649
220650
220657
220666
220667
220670
220677
220680
220682
220687
220688
220694
220697
220698
220701
220706
220707
220708
220710
220711
220719
220723
220725
220728
220730
220741
220742
220751
220752
220761
220762
220763
220764
220765
220766
220769
220771
220774
220775
220785
220791
220795
220797
220798
220799
220800
220804
220818
220822
220823
220828
220829
220830
220835
220836
220838
220839
220842
220844
220846
220847
220850
220856
220858
220861
220862
220865
220867
220869
220870
220884
220890
220900
220901
220903
220906
220907
220909
220910
220915
220916
220921
220923
220926
220927
220928
220930
220934
220939
220940
220949
220956
220959
220961
220962
220966
220970
220975
220976
220980
220990
221009
221010
221013
221015
221016
221019
221027
221040
221041
221045
221046
221048
221049
221056
221057
221058
221060
221070
221071
221072
221073
221080
221082
221083
221084
221088
221089
221090
221092
221093
221097
221098
221099
221101
221102
221104
221111
221113
221115
221125
221128
221131
221134
221135
221143
221145
221146
221147
221148
221149
221150
221151
221152
221155
221162
221164
221170
221171
221175
221176
221177
221178
221181
221182
221187
221197
221198
221215
221220
221224
221225
221226
221227
221230
221232
221233
221234
221235
221236
221237
221241
221243
221249
221257
221258
221263
221265
221266
221273
221274
221283
221289
221291
221292
221295
221296
221298
221299
221304
221305
221306
221308
221316
221317
221324
221329
221330
221333
221334
221346
221350
221351
221355
221356
221361
221365
221369
221376
221385
221388
221393
221396
221405
221407
221411
221417
221424
221428
221446
221454
221457
221476
221477
221481
221483
221485
221491
221494
221496
221501
221502
221504
221507
221514
221519
221522
221525
221528
221529
221531
221543
221544
221545
221548
221549
221550
221554
221562
221565
221566
221574
221575
221585
221587
221590
221591
221594
221595
221598
221599
221601
221602
221603
221612
221613
221618
221624
221629
221636
221638
221639
221646
221647
221653
221654
221666
221673
221681
221683
221684
221685
221695
221709
221715
221719
221720
221722
221723
221726
221728
221729
221734
221735
221737
221738
221740
221743
221744
221758
221760
221761
221762
221764
221765
221766
221768
221771
221772
221776
221781
221782
221783
221789
221798
221804
221806
221807
221808
221809
221812
221822
221824
221825
221833
221836
221845
221847
221855
221867
221869
221872
221873
221879
221880
221881
221884
221890
221891
221894
221903
221914
221916
221917
221922
221924
221932
221939
221948
221949
221951
221955
221956
221958
221959
221965
221966
221968
221976
221977
221986
221987
221991
221992
221995
221996
221998
221999
222002
222005
222006
222007
222008
222015
222017
222018
222019
222020
222021
222023
222024
222026
222034
222035
222036
222042
222044
222045
222047
222048
222049
222050
222053
222054
222064
222068
222072
222077
222078
222080
222086
222090
222091
222096
222101
222102
222107
222108
222109
222110
222112
222113
222114
222118
222122
222125
222126
222128
222133
222135
222142
222144
222149
222150
222155
222168
222178
222183
222184
222185
222187
222193
222194
222205
222211
222214
222217
222220
222229
222230
222234
222235
222237
222245
222251
222252
222254
222258
222263
222267
222276
222280
222291
222302
222303
222309
222314
222316
222324
222329
222331
222337
222339
222344
222345
222347
222350
222351
222352
222360
222376
222377
222378
222379
222380
222385
222390
222394
222399
222404
222407
222409
222410
222412
222416
222423
222426
222427
222436
222440
222443
222447
222452
222453
222454
222458
222465
222466
222471
222472
222473
222474
222482
222485
222486
222491
222496
222498
222499
222508
222515
222516
222531
222534
222539
222542
222543
222544
222545
222550
222551
222552
222554
222556
222560
222565
222568
222569
222577
222578
222585
222587
222596
222603
222610
222612
222613
222615
222627
222630
222635
222636
222640
222641
222642
222643
222648
222650
222655
222658
222659
222669
222673
222677
222678
222685
222686
222689
222691
222693
222697
222701
222704
222706
222707
222711
222712
222713
222716
222717
222727
222728
222729
222731
222732
222733
222742
222750
222752
222761
222764
222769
222772
222785
222788
222793
222794
222796
222797
222798
222806
222809
222811
222815
222823
222825
222832
222836
222837
222839
222840
222843
222845
222851
222865
222866
222868
222871
222872
222876
222881
222883
222889
222898
222899
222900
222911
222913
222914
222915
222916
222917
222919
222931
222932
222934
222937
222938
222945
222946
222949
222953
222957
222962
222963
222964
222967
222968
222970
222972
222973
222989
222990
222993
223005
223006
223008
223018
223020
223025
223033
223034
223041
223043
223045
223047
223053
223055
223063
223074
223075
223082
223087
223089
223090
223091
223092
223094
223099
223106
223113
223122
223123
223124
223129
223131
223132
223134
223135
223139
223140
223141
223148
223151
223154
223156
223157
223170
223172
223178
223188
223191
223206
223208
223209
223213
223219
223220
223223
223226
223229
223236
223242
223246
223248
223252
223253
223261
223263
223278
223283
223285
223291
223296
223297
223300
223302
223303
223307
223309
223310
223314
223317
223324
223325
223329
223330
223334
223336
223337
223341
223344
223346
223355
223358
223359
223361
223363
223365
223366
223377
223380
223384
223390
223391
223395
223405
223408
223411
223416
223418
223432
223437
223443
223447
223455
223457
223465
223473
223480
223487
223489
223492
223506
223517
223521
223522
223523
223525
223527
223528
223530
223531
223533
223541
223543
223547
223552
223561
223569
223573
223582
223586
223606
223607
223611
223614
223615
223616
223617
223620
223621
223624
223632
223633
223634
223635
223637
223640
223642
223648
223653
223654
223655
223658
223660
223665
223667
223671
223672
223675
223687
223689
223692
223693
223697
223703
223705
223714
223720
223721
223722
223723
223728
223730
223731
223736
223739
223741
223742
223751
223758
223759
223763
223768
223780
223783
223792
223793
223795
223798
223803
223804
223805
223812
223814
223815
223816
223817
223819
223823
223824
223826
223831
223833
223835
223842
223843
223846
223847
223851
223858
223859
223861
223865
223868
223876
223884
223885
223886
223887
223888
223889
223906
223911
223915
223916
223917
223923
223924
223930
223933
223935
223936
223943
223946
223947
223950
223957
223961
223967
223970
223971
223973
223977
223978
223983
223986
223990
223993
223997
224002
224005
224006
224007
224008
224013
224024
224029
224033
224036
224043
224047
224058
224063
224068
224070
224071
224072
224073
224079
224083
224084
224086
224092
224096
224101
224113
224117
224118
224122
224123
224128
224136
224138
224140
224141
224142
224143
224145
224146
224152
224156
224157
224158
224160
224165
224168
224175
224188
224191
224193
224194
224199
224207
224211
224229
224234
224235
224236
224242
224244
224245
224256
224257
224258
224263
224268
224277
224279
224283
224284
224289
224290
224291
224293
224294
224302
224306
224307
224316
224318
224319
224322
224323
224324
224328
224329
224355
224357
224358
224362
224363
224364
224368
224369
224370
224371
224375
224384
224396
224397
224398
224401
224403
224404
224417
224421
224422
224424
224427
224430
224434
224435
224437
224438
224439
224441
224442
224443
224444
224447
224451
224452
224465
224467
224468
224470
224471
224473
224475
224479
224482
224499
224500
224506
224507
224511
224512
224514
224519
224521
224526
224529
224535
224552
224553
224557
224558
224560
224566
224571
224572
224577
224581
224593
224599
224600
224601
224603
224604
224605
224606
224607
224611
224612
224614
224615
224624
224626
224639
224642
224644
224647
224648
224652
224655
224656
224657
224662
224664
224667
224673
224675
224680
224683
224685
224686
224694
224705
224708
224711
224714
224716
224717
224718
224724
224726
224727
224731
224733
224734
224735
224738
224739
224741
224744
224745
224755
224763
224767
224769
224772
224775
224788
224792
224794
224798
224800
224804
224822
224825
224827
224829
224831
224834
224835
224837
224847
224851
224862
224866
224870
224873
224876
224877
224878
224879
224881
224883
224888
224891
224892
224899
224911
224916
224921
224925
224927
224930
224935
224942
224943
224947
224953
224956
224957
224960
224962
224963
224976
224978
224979
224981
224986
224989
224994
224996
224997
224998
225003
225004
225005
225008
225013
225014
225015
225023
225029
225034
225035
225045
225046
225049
225050
225052
225053
225059
225060
225062
225068
225069
225076
225077
225082
225083
225084
225089
225091
225097
225104
225106
225108
225111
225113
225118
225119
225121
225122
225123
225125
225126
225139
225152
225161
225165
225175
225177
225178
225180
225181
225185
225188
225189
225196
225200
225201
225206
225210
225214
225215
225217
225237
225246
225249
225250
225254
225259
225268
225271
225279
225280
225282
225283
225285
225286
225290
225291
225292
225293
225294
225295
225296
225299
225300
225302
225303
225307
225308
225314
225320
225322
225324
225329
225335
225336
225347
225352
225353
225356
225357
225358
225361
225364
225365
225368
225373
225374
225375
225381
225382
225384
225386
225387
225389
225391
225392
225394
225403
225408
225413
225415
225425
225429
225432
225433
225434
225435
225438
225440
225441
225458
225463
225464
225467
225470
225471
225476
225477
225487
225493
225495
225496
225498
225503
225505
225507
225508
225510
225511
225520
225527
225538
225544
225546
225549
225552
225558
225559
225565
225566
225567
225571
225584
225588
225589
225592
225593
225600
225604
225605
225611
225615
225617
225620
225621
225622
225635
225639
225649
225653
225654
225659
225660
225661
225667
225678
225681
225684
225688
225696
225697
225700
225703
225704
225705
225710
225711
225722
225731
225732
225733
225745
225756
225762
225763
225771
225774
225775
225778
225794
225802
225803
225804
225807
225812
225813
225820
225821
225822
225823
225824
225834
225847
225848
225853
225856
225857
225859
225860
225861
225865
225866
225871
225877
225882
225889
225895
225898
225900
225902
225912
225913
225914
225917
225926
225935
225936
225939
225943
225944
225948
225949
225950
225953
225958
225961
225962
225977
225978
225995
226000
226001
226007
226008
226009
226014
226030
226031
226037
226038
226039
226041
226043
226047
226059
226069
226070
226076
226080
226085
226087
226088
226092
226095
226096
226098
226115
226117
226119
226121
226122
226128
226129
226130
226132
226136
226138
226141
226144
226151
226157
226158
226159
226161
226163
226167
226174
226177
226185
226190
226192
226194
226196
226204
226209
226211
226212
226224
226230
226235
226255
226256
226257
226258
226266
226277
226278
226280
226284
226295
226299
226310
226311
226317
226319
226324
226325
226327
226328
226332
226336
226338
226339
226340
226343
226344
226345
226346
226351
226353
226355
226357
226358
226366
226367
226369
226374
226382
226394
226395
226396
226397
226403
226410
226412
226414
226416
226421
226424
226425
226434
226439
226441
226444
226445
226448
226453
226454
226456
226461
226463
226473
226474
226476
226483
226484
226488
226489
226497
226500
226501
226502
226504
226514
226515
226526
226534
226537
226538
226544
226547
226548
226555
226559
226567
226568
226570
226571
226573
226575
226579
226580
226591
226594
226595
226603
226610
226621
226629
226632
226633
226640
226646
226649
226654
226655
226658
226659
226663
226669
226670
226671
226674
226678
226681
226684
226699
226700
226704
226705
226706
226708
226713
226714
226721
226724
226725
226727
226729
226732
226743
226745
226749
226752
226756
226760
226761
226764
226769
226771
226772
226775
226776
226777
226785
226796
226797
226800
226804
226807
226808
226810
226814
226815
226817
226818
226828
226834
226838
226842
226849
226855
226857
226863
226866
226870
226880
226890
226891
226897
226911
226921
226922
226923
226927
226929
226930
226940
226949
226950
226951
226958
226960
226965
226968
226970
226971
226972
226976
226982
226983
226984
226985
226989
226991
226997
227007
227011
227012
227015
227017
227018
227023
227025
227029
227035
227044
227045
227051
227058
227059
227062
227068
227069
227073
227074
227075
227088
227092
227103
227105
227106
227107
227110
227114
227115
227116
227126
227127
227130
227135
227136
227138
227145
227146
227148
227153
227155
227156
227161
227162
227164
227167
227171
227172
227180
227182
227188
227190
227195
227196
227197
227198
227201
227208
227209
227217
227218
227220
227221
227223
227228
227233
227236
227237
227239
227254
227258
227268
227270
227275
227276
227277
227279
227293
227294
227295
227297
227308
227320
227327
227332
227333
227335
227336
227342
227344
227350
227352
227353
227355
227357
227361
227362
227363
227364
227365
227371
227372
227378
227379
227385
227390
227394
227395
227396
227404
227405
227408
227417
227418
227422
227424
227427
227429
227434
227435
227439
227441
227442
227444
227445
227452
227458
227468
227469
227470
227471
227475
227476
227477
227479
227487
227488
227489
227493
227494
227496
227497
227509
227512
227513
227517
227518
227519
227521
227523
227524
227525
227529
227537
227546
227549
227553
227558
227560
227561
227564
227565
227570
227577
227580
227586
227598
227607
227609
227611
227612
227613
227614
227619
227622
227624
227628
227633
227635
227645
227647
227656
227658
227659
227661
227663
227664
227667
227668
227670
227672
227675
227680
227695
227697
227698
227700
227704
227707
227708
227709
227711
227717
227720
227723
227724
227731
227732
227741
227743
227744
227747
227748
227749
227754
227755
227761
227777
227780
227782
227786
227795
227796
227797
227798
227799
227803
227804
227805
227810
227811
227812
227817
227822
227824
227825
227829
227834
227839
227840
227842
227844
227853
227855
227860
227862
227876
227882
227885
227888
227890
227891
227892
227898
227913
227916
227920
227922
227923
227924
227925
227929
227930
227936
227938
227942
227946
227947
227948
227949
227953
227965
227966
227977
227982
227986
227987
227991
228006
228008
228010
228011
228012
228013
228014
228018
228027
228030
228033
228034
228036
228051
228055
228056
228059
228061
228065
228066
228067
228073
228074
228081
228082
228089
228091
228098
228101
228113
228116
228120
228127
228130
228131
228132
228133
228135
228140
228141
228143
228148
228149
228153
228159
228166
228167
228172
228173
228174
228175
228176
228177
228178
228180
228183
228196
228197
228202
228209
228230
228236
228238
228245
228255
228257
228262
228264
228266
228271
228272
228273
228274
228281
228283
228285
228290
228291
228300
228301
228307
228314
228315
228320
228323
228326
228328
228330
228332
228343
228348
228349
228350
228351
228353
228354
228361
228362
228366
228367
228368
228383
228385
228390
228391
228393
228399
228404
228417
228424
228427
228428
228431
228439
228443
228450
228452
228472
228473
228474
228475
228476
228477
228485
228487
228489
228491
228493
228494
228497
228500
228506
228507
228514
228520
228521
228524
228529
228530
228531
228532
228535
228538
228539
228541
228546
228548
228550
228564
228565
228567
228568
228569
228571
228577
228578
228581
228583
228589
228592
228594
228598
228601
228603
228617
228620
228624
228625
228630
228631
228633
228635
228636
228637
228644
228645
228651
228657
228658
228660
228661
228662
228664
228665
228669
228671
228673
228676
228678
228681
228683
228686
228690
228698
228699
228701
228703
228704
228705
228711
228715
228716
228717
228723
228726
228734
228741
228744
228747
228749
228750
228753
228757
228761
228763
228764
228769
228771
228775
228782
228783
228786
228787
228790
228791
228796
228797
228798
228805
228806
228808
228819
228820
228821
228823
228824
228831
228839
228843
228858
228861
228862
228866
228880
228884
228889
228890
228896
228897
228899
228901
228902
228906
228908
228909
228910
228912
228913
228914
228919
228929
228931
228934
228935
228938
228939
228941
228946
228947
228955
228956
228962
228974
228978
228979
228981
228988
228993
228994
228995
229000
229001
229002
229005
229006
229010
229017
229020
229021
229022
229049
229051
229053
229054
229055
229056
229057
229069
229070
229071
229073
229077
229078
229080
229093
229103
229105
229112
229115
229116
229117
229124
229128
229130
229141
229142
229145
229149
229152
229155
229156
229159
229160
229165
229166
229169
229182
229183
229189
229193
229206
229211
229215
229218
229222
229225
229232
229233
229238
229239
229243
229245
229248
229267
229268
229269
229270
229272
229283
229287
229288
229289
229291
229294
229297
229302
229314
229315
229316
229319
229321
229322
229323
229324
229325
229333
229334
229336
229337
229339
229340
229345
229346
229347
229351
229352
229354
229359
229363
229367
229371
229385
229388
229396
229409
229417
229427
229428
229429
229432
229434
229435
229436
229441
229444
229454
229457
229464
229474
229475
229476
229478
229483
229484
229486
229488
229489
229493
229496
229498
229500
229512
229523
229528
229530
229532
229535
229538
229551
229556
229559
229560
229561
229562
229569
229570
229574
229575
229577
229578
229583
229585
229588
229590
229595
229602
229605
229607
229615
229617
229618
229628
229629
229632
229633
229635
229640
229645
229649
229658
229660
229661
229666
229670
229676
229681
229682
229693
229697
229699
229700
229703
229704
229707
229708
229720
229722
229724
229725
229729
229732
229733
229739
229748
229749
229751
229755
229757
229762
229765
229770
229771
229772
229773
229775
229776
229777
229779
229788
229792
229793
229806
229814
229820
229821
229829
229831
229842
229844
229845
229846
229855
229856
229859
229860
229864
229865
229866
229868
229870
229873
229881
229884
229885
229889
229890
229901
229902
229906
229910
229914
229915
229918
229930
229935
229938
229939
229940
229943
229944
229952
229955
229967
229968
229975
229976
229977
229979
229985
229988
229989
229990
229997
230002
230003
230020
230022
230030
230036
230037
230038
230040
230046
230047
230053
230064
230069
230074
230078
230083
230085
230088
230093
230096
230098
230105
230107
230110
230111
230123
230127
230128
230130
230131
230133
230134
230138
230140
230149
230150
230151
230152
230157
230163
230165
230173
230177
230178
230179
230193
230194
230196
230198
230199
230201
230205
230206
230207
230213
230219
230220
230224
230225
230232
230234
230236
230237
230239
230241
230242
230253
230264
230269
230277
230279
230280
230281
230284
230285
230286
230288
230294
230295
230296
230297
230298
230307
230314
230316
230331
230332
230338
230339
230340
230345
230346
230352
230358
230363
230367
230384
230388
230389
230395
230396
230398
230399
230406
230409
230414
230418
230420
230423
230426
230428
230432
230435
230438
230439
230448
230455
230456
230459
230460
230461
230462
230463
230467
230471
230472
230473
230474
230490
230495
230501
230503
230507
230508
230509
230513
230514
230519
230520
230521
230523
230526
230527
230528
230531
230533
230534
230537
230544
230545
230552
230557
230558
230561
230566
230571
230574
230580
230583
230597
230598
230603
230604
230605
230612
230613
230616
230620
230622
230635
230638
230650
230652
230655
230656
230658
230661
230662
230663
230669
230680
230694
230695
230697
230698
230699
230710
230719
230721
230725
230727
230728
230732
230737
230740
230745
230746
230748
230750
230752
230757
230772
230775
230780
230781
230787
230789
230790
230792
230797
230798
230799
230803
230805
230811
230825
230832
230842
230843
230850
230854
230856
230857
230863
230867
230870
230875
230896
230897
230899
230901
230902
230903
230908
230909
230910
230912
230918
230919
230921
230925
230930
230931
230937
230938
230939
230941
230943
230944
230945
230947
230952
230953
230956
230957
230960
230962
230977
230983
230985
230998
231003
231007
231009
231010
231034
231039
231041
231048
231049
231050
231052
231053
231058
231064
231067
231069
231076
231078
231079
231093
231094
231101
231103
231108
231110
231111
231115
231117
231122
231131
231136
231138
231139
231141
231142
231143
231150
231151
231153
231156
231158
231162
231165
231166
231169
231171
231172
231185
231193
231194
231195
231199
231209
231210
231212
231218
231219
231221
231234
231236
231238
231243
231250
231251
231252
231257
231260
231261
231271
231275
231283
231286
231292
231293
231294
231295
231302
231304
231306
231307
231308
231317
231330
231339
231340
231341
231342
231351
231353
231360
231371
231380
231383
231385
231386
231390
231391
231394
231400
231413
231414
231416
231421
231422
231424
231425
231426
231427
231431
231432
231438
231440
231442
231448
231450
231451
231454
231457
231458
231470
231476
231482
231485
231492
231496
231502
231504
231509
231513
231514
231515
231523
231530
231533
231534
231539
231540
231551
231554
231557
231572
231580
231581
231582
231584
231591
231592
231594
231595
231597
231600
231601
231604
231608
231622
231633
231636
231637
231638
231640
231643
231645
231647
231649
231650
231653
231654
231665
231674
231675
231681
231689
231690
231691
231701
231703
231714
231715
231717
231720
231721
231723
231724
231729
231730
231733
231737
231739
231746
231750
231761
231763
231764
231770
231771
231772
231777
231778
231779
231780
231786
231787
231788
231791
231792
231799
231801
231802
231807
231808
231809
231813
231814
231815
231817
231820
231826
231827
231828
231830
231831
231832
231833
231835
231839
231840
231845
231852
231853
231855
231860
231863
231865
231867
231868
231873
231874
231875
231876
231879
231883
231885
231892
231894
231895
231897
231901
231909
231910
231911
231915
231923
231929
231932
231933
231934
231937
231938
231943
231957
231969
231979
231980
231982
231987
231991
231994
231995
232000
232001
232003
232004
232007
232012
232014
232025
232026
232027
232031
232035
232043
232045
232046
232049
232059
232063
232067
232077
232078
232080
232082
232085
232093
232097
232099
232102
232105
232113
232120
232124
232126
232128
232129
232131
232135
232138
232139
232144
232150
232152
232155
232167
232170
232173
232177
232178
232182
232188
232190
232199
232201
232202
232218
232224
232233
232238
232242
232244
232245
232247
232259
232261
232263
232264
232266
232272
232274
232283
232285
232286
232288
232302
232313
232314
232315
232320
232322
232323
232326
232328
232338
232340
232343
232345
232349
232353
232364
232365
232371
232376
232378
232381
232382
232383
232384
232390
232391
232392
232393
232397
232400
232411
232413
232418
232430
232436
232438
232441
232450
232451
232454
232487
232492
232493
232494
232505
232513
232514
232525
232527
232528
232529
232530
232532
232539
232544
232548
232549
232550
232551
232560
232568
232577
232590
232591
232596
232605
232610
232616
232639
232642
232644
232646
232647
232652
232659
232663
232671
232672
232681
232684
232689
232690
232692
232694
232697
232698
232699
232702
232710
232712
232717
232732
232733
232735
232749
232750
232753
232757
232775
232785
232788
232791
232793
232794
232810
232816
232818
232827
232836
232841
232842
232845
232846
232850
232852
232853
232854
232857
232864
232865
232867
232868
232869
232870
232871
232877
232888
232889
232892
232893
232895
232896
232897
232902
232908
232911
232913
232919
232925
232936
232938
232940
232941
232942
232951
232952
232955
232959
232960
232963
232964
232972
232973
232983
232988
232995
232996
233003
233015
233019
233024
233026
233030
233034
233040
233041
233042
233047
233048
233051
233053
233054
233058
233065
233071
233074
233075
233081
233082
233099
233100
233105
233107
233111
233117
233131
233134
233141
233142
233144
233148
233149
233154
233155
233163
233173
233174
233179
233181
233182
233184
233187
233191
233192
233193
233194
233205
233206
233212
233214
233219
233221
233222
233226
233234
233236
233242
233244
233247
233249
233250
233260
233261
233263
233272
233275
233276
233278
233281
233284
233285
233286
233287
233290
233291
233293
233300
233304
233305
233310
233312
233314
233319
233324
233325
233326
233329
233335
233337
233338
233344
233351
233353
233356
233357
233364
233376
233380
233381
233384
233388
233390
233396
233397
233399
233402
233415
233416
233417
233418
233420
233424
233428
233432
233433
233434
233435
233449
233450
233459
233464
233465
233466
233470
233472
233474
233476
233478
233480
233482
233483
233492
233493
233500
233503
233511
233512
233515
233522
233528
233530
233531
233547
233548
233549
233550
233553
233558
233560
233561
233564
233565
233571
233577
233581
233583
233593
233594
233595
233596
233598
233599
233600
233601
233606
233607
233610
233615
233618
233622
233623
233626
233632
233633
233642
233662
233665
233671
233677
233683
233684
233685
233689
233692
233694
233696
233699
233700
233709
233710
233711
233716
233726
233727
233735
233737
233738
233739
233743
233749
233750
233752
233762
233763
233765
233774
233776
233778
233786
233796
233798
233800
233801
233803
233813
233818
233821
233823
233838
233841
233842
233843
233844
233848
233856
233857
233858
233861
233869
233873
233875
233892
233893
233894
233895
233899
233909
233910
233912
233913
233914
233915
233916
233929
233932
233940
233945
233957
233962
233963
233964
233965
233966
233969
233971
233977
233983
233985
233986
233988
233990
233992
233995
234027
234031
234039
234050
234052
234062
234069
234071
234072
234078
234079
234083
234084
234088
234091
234092
234093
234099
234103
234104
234105
234111
234124
234129
234131
234135
234142
234144
234145
234148
234149
234150
234172
234178
234179
234186
234191
234192
234196
234198
234200
234206
234207
234208
234218
234219
234221
234236
234244
234254
234255
234256
234257
234259
234260
234262
234263
234267
234268
234279
234281
234292
234293
234294
234295
234300
234301
234307
234308
234310
234313
234318
234319
234330
234334
234335
234339
234344
234345
234346
234351
234356
234360
234365
234370
234371
234372
234376
234381
234387
234390
234392
234393
234394
234404
234409
234413
234416
234419
234424
234425
234428
234429
234431
234435
234438
234440
234452
234458
234459
234460
234463
234470
234475
234481
234482
234485
234494
234500
234504
234508
234520
234524
234525
234526
234536
234543
234549
234550
234560
234561
234564
234570
234577
234578
234590
234591
234595
234599
234603
234606
234607
234618
234619
234620
234633
234639
234641
234642
234646
234650
234663
234667
234668
234672
234673
234686
234688
234689
234699
234704
234706
234707
234708
234710
234713
234715
234716
234717
234719
234724
234731
234732
234736
234741
234747
234748
234753
234764
234769
234771
234774
234788
234792
234800
234801
234804
234810
234816
234819
234825
234832
234833
234836
234839
234843
234845
234849
234853
234854
234856
234860
234861
234862
234869
234872
234873
234875
234878
234879
234884
234885
234891
234896
234904
234916
234918
234922
234923
234924
234926
234927
234942
234943
234956
234960
234963
234969
234975
234977
234981
234984
234985
234989
234993
235016
235022
235023
235030
235031
235034
235036
235039
235040
235044
235047
235054
235068
235075
235077
235080
235081
235082
235088
235092
235093
235094
235096
235100
235101
235111
235116
235120
235132
235133
235141
235143
235144
235146
235153
235154
235155
235156
235162
235169
235170
235175
235180
235181
235182
235189
235190
235191
235192
235193
235199
235200
235203
235210
235212
235217
235219
235231
235232
235241
235244
235245
235249
235253
235255
235270
235274
235276
235284
235304
235306
235310
235311
235312
235314
235324
235325
235330
235331
235333
235342
235353
235357
235365
235367
235369
235370
235378
235381
235382
235383
235389
235401
235407
235410
235419
235420
235421
235423
235428
235429
235430
235434
235436
235440
235441
235448
235450
235462
235467
235468
235469
235476
235481
235483
235484
235485
235486
235487
235489
235490
235498
235503
235504
235512
235514
235517
235519
235524
235526
235536
235549
235557
235560
235566
235570
235575
235579
235580
235581
235582
235584
235591
235592
235593
235595
235596
235597
235598
235599
235601
235603
235604
235608
235611
235617
235626
235632
235640
235641
235642
235650
235651
235659
235660
235662
235665
235668
235671
235673
235674
235680
235685
235694
235705
235709
235711
235719
235723
235732
235737
235740
235745
235753
235759
235768
235769
235773
235777
235778
235779
235781
235782
235787
235789
235795
235801
235804
235810
235817
235829
235833
235834
235838
235839
235840
235843
235854
235861
235868
235877
235879
235884
235885
235889
235893
235895
235896
235901
235904
235905
235911
235912
235913
235915
235916
235917
235920
235924
235941
235946
235947
235948
235949
235951
235954
235955
235958
235959
235966
235969
235972
235973
235978
235986
235987
235992
235993
235996
236004
236006
236012
236017
236018
236020
236022
236026
236032
236033
236034
236041
236056
236063
236064
236065
236067
236068
236070
236072
236073
236075
236077
236084
236104
236108
236115
236116
236120
236121
236123
236126
236127
236131
236135
236137
236143
236145
236148
236158
236161
236171
236181
236182
236186
236187
236194
236200
236204
236218
236222
236224
236227
236230
236235
236236
236237
236238
236241
236246
236257
236270
236273
236279
236280
236281
236282
236284
236294
236296
236297
236298
236303
236313
236319
236338
236339
236351
236352
236356
236359
236360
236362
236376
236381
236387
236389
236394
236397
236399
236400
236405
236408
236428
236434
236435
236436
236444
236447
236451
236454
236459
236461
236462
236464
236471
236472
236473
236475
236480
236482
236486
236487
236497
236504
236505
236511
236512
236513
236514
236515
236516
236519
236526
236527
236538
236544
236545
236556
236566
236571
236572
236577
236586
236595
236604
236606
236607
236608
236633
236634
236635
236636
236641
236643
236644
236649
236651
236653
236656
236658
236659
236674
236683
236684
236685
236687
236693
236694
236695
236696
236699
236701
236706
236709
236718
236726
236737
236738
236745
236746
236747
236756
236758
236760
236763
236764
236765
236767
236772
236775
236778
236779
236791
236792
236797
236798
236801
236802
236811
236813
236814
236816
236822
236824
236826
236831
236841
236843
236848
236851
236857
236862
236868
236871
236877
236884
236887
236888
236889
236891
236901
236903
236904
236905
236908
236914
236917
236918
236926
236927
236928
236934
236935
236942
236943
236944
236948
236952
236953
236956
236966
236970
236974
236975
236979
236985
236987
236996
236997
236998
237001
237008
237011
237013
237014
237015
237027
237031
237032
237036
237039
237040
237044
237056
237058
237064
237065
237070
237072
237076
237077
237081
237084
237099
237100
237106
237110
237114
237117
237121
237123
237124
237125
237126
237128
237137
237142
237150
237157
237163
237174
237178
237180
237182
237186
237187
237191
237192
237201
237202
237204
237209
237219
237226
237227
237231
237232
237233
237234
237239
237244
237245
237246
237250
237251
237252
237253
237254
237255
237256
237262
237270
237272
237275
237276
237278
237283
237286
237287
237289
237290
237295
237296
237300
237306
237307
237309
237314
237315
237316
237320
237321
237322
237323
237324
237326
237344
237347
237348
237353
237354
237359
237360
237362
237363
237365
237371
237374
237378
237379
237387
237389
237390
237392
237396
237397
237406
237409
237411
237412
237413
237419
237420
237426
237432
237433
237434
237438
237443
237444
237445
237450
237454
237456
237457
237458
237459
237460
237467
237470
237475
237476
237479
237484
237487
237491
237494
237498
237504
237509
237511
237514
237516
237520
237528
237529
237535
237536
237543
237544
237557
237558
237559
237579
237580
237584
237585
237586
237592
237593
237595
237597
237602
237603
237605
237606
237609
237610
237616
237624
237626
237628
237629
237635
237636
237640
237642
237643
237644
237651
237656
237661
237663
237670
237675
237684
237689
237694
237695
237696
237698
237700
237705
237707
237709
237710
237711
237713
237718
237719
237720
237723
237724
237727
237729
237730
237732
237733
237740
237741
237747
237755
237758
237763
237766
237772
237773
237779
237782
237784
237790
237801
237806
237807
237808
237809
237811
237819
237824
237827
237830
237832
237833
237837
237838
237840
237843
237844
237847
237849
237851
237862
237880
237883
237884
237887
237892
237894
237895
237896
237898
237899
237904
237907
237908
237912
237914
237941
237944
237949
237950
237954
237955
237959
237960
237961
237965
237975
237983
238007
238009
238010
238011
238013
238020
238021
238027
238029
238032
238047
238056
238060
238061
238063
238066
238067
238077
238085
238086
238090
238091
238092
238095
238098
238099
238110
238123
238133
238141
238148
238150
238160
238162
238163
238165
238169
238171
238178
238180
238182
238186
238189
238190
238192
238196
238199
238200
238202
238217
238230
238231
238234
238235
238240
238247
238248
238251
238254
238255
238256
238261
238262
238263
238265
238266
238269
238270
238280
238282
238298
238301
238310
238316
238317
238318
238327
238328
238329
238341
238342
238343
238355
238360
238369
238370
238371
238373
238374
238376
238377
238379
238381
238389
238390
238395
238402
238416
238421
238423
238432
238434
238439
238442
238444
238446
238448
238450
238453
238456
238469
238473
238474
238477
238484
238485
238492
238494
238501
238502
238504
238517
238520
238526
238534
238535
238536
238546
238549
238553
238554
238555
238561
238565
238572
238581
238584
238586
238613
238616
238617
238618
238630
238631
238632
238637
238642
238643
238647
238655
238658
238663
238674
238691
238692
238694
238696
238698
238704
238705
238708
238710
238713
238715
238739
238747
238760
238761
238764
238765
238771
238775
238778
238787
238800
238806
238809
238813
238814
238816
238817
238825
238829
238830
238831
238835
238837
238838
238839
238841
238844
238846
238847
238869
238872
238873
238876
238877
238878
238883
238886
238891
238892
238893
238899
238903
238904
238907
238911
238912
238913
238925
238936
238940
238941
238942
238943
238945
238946
238947
238952
238956
238957
238958
238960
238966
238967
238968
238969
238976
238987
238988
238992
238994
238998
239004
239005
239012
239013
239015
239016
239017
239018
239020
239028
239032
239034
239041
239046
239049
239060
239064
239065
239071
239072
239080
239081
239084
239085
239091
239092
239094
239098
239106
239110
239112
239118
239134
239141
239142
239146
239147
239148
239152
239153
239154
239155
239160
239161
239164
239168
239169
239170
239175
239177
239183
239186
239193
239211
239218
239224
239225
239229
239230
239231
239233
239236
239238
239243
239246
239249
239256
239259
239260
239268
239275
239277
239279
239282
239283
239284
239285
239292
239294
239300
239324
239325
239330
239333
239334
239335
239337
239338
239342
239348
239349
239350
239352
239354
239356
239360
239361
239363
239364
239366
239369
239375
239401
239411
239412
239413
239417
239420
239421
239422
239426
239429
239432
239433
239450
239456
239459
239460
239464
239465
239469
239470
239473
239474
239481
239482
239483
239485
239490
239500
239513
239514
239517
239519
239524
239525
239526
239546
239551
239552
239554
239561
239563
239565
239572
239574
239575
239576
239577
239580
239581
239582
239583
239588
239591
239592
239595
239599
239605
239611
239616
239618
239632
239633
239637
239644
239646
239648
239664
239666
239681
239684
239690
239691
239692
239693
239694
239695
239697
239702
239703
239704
239705
239706
239708
239709
239711
239712
239716
239719
239721
239722
239723
239724
239728
239735
239744
239748
239757
239761
239764
239768
239774
239776
239780
239783
239784
239791
239793
239803
239811
239825
239828
239835
239836
239843
239846
239853
239856
239859
239865
239872
239876
239877
239879
239881
239882
239883
239884
239890
239891
239892
239893
239897
239899
239906
239907
239910
239919
239927
239939
239941
239944
239945
239946
239947
239958
239959
239961
239970
239976
239980
239981
239986
239987
240000
240001
240002
240005
240010
240011
240013
240016
240030
240042
240044
240051
240052
240053
240056
240061
240062
240065
240068
240070
240074
240078
240079
240080
240081
240082
240083
240088
240089
240092
240097
240098
240100
240107
240126
240131
240133
240134
240135
240137
240138
240144
240146
240150
240151
240152
240153
240158
240165
240169
240182
240187
240188
240190
240193
240194
240198
240199
240205
240208
240213
240214
240215
240216
240226
240227
240244
240245
240256
240258
240259
240260
240262
240264
240265
240266
240268
240271
240278
240279
240291
240298
240299
240310
240312
240318
240323
240333
240334
240335
240340
240341
240347
240350
240370
240373
240376
240377
240385
240386
240389
240390
240398
240404
240405
240416
240417
240418
240420
240424
240425
240427
240430
240432
240437
240438
240439
240449
240452
240461
240463
240475
240480
240484
240488
240494
240496
240497
240498
240504
240505
240520
240524
240529
240535
240536
240538
240548
240549
240550
240551
240552
240553
240554
240559
240560
240562
240574
240576
240580
240583
240584
240598
240607
240611
240613
240622
240624
240626
240627
240628
240635
240636
240637
240640
240647
240649
240650
240669
240675
240676
240683
240685
240693
240694
240695
240696
240705
240709
240722
240723
240725
240733
240736
240739
240743
240752
240757
240759
240761
240771
240773
240775
240776
240783
240785
240788
240806
240812
240815
240826
240828
240830
240831
240838
240848
240851
240865
240880
240884
240885
240886
240887
240888
240893
240895
240896
240898
240904
240911
240912
240914
240922
240925
240929
240943
240944
240947
240949
240950
240955
240956
240957
240960
240962
240970
240975
240976
240981
240985
240986
240989
240991
240992
240997
240998
241001
241005
241006
241007
241008
241009
241010
241019
241020
241022
241029
241030
241033
241035
241036
241045
241046
241056
241059
241066
241067
241069
241071
241076
241077
241079
241083
241084
241086
241091
241093
241094
241110
241111
241119
241122
241123
241124
241126
241131
241138
241139
241143
241144
241147
241151
241155
241156
241157
241158
241169
241172
241174
241175
241176
241177
241182
241190
241191
241194
241199
241200
241212
241213
241216
241223
241225
241228
241231
241234
241237
241241
241242
241244
241248
241249
241253
241257
241258
241259
241262
241264
241265
241271
241272
241280
241281
241303
241308
241309
241310
241311
241316
241317
241318
241319
241323
241326
241330
241333
241334
241337
241344
241345
241347
241350
241358
241364
241381
241387
241388
241397
241398
241399
241400
241407
241411
241412
241415
241416
241427
241431
241432
241435
241439
241450
241452
241457
241459
241460
241462
241473
241474
241475
241478
241486
241488
241489
241490
241491
241492
241493
241502
241507
241520
241521
241525
241531
241539
241542
241543
241544
241547
241548
241549
241551
241552
241557
241558
241561
241562
241563
241568
241569
241581
241587
241588
241591
241592
241593
241598
241601
241609
241611
241613
241624
241629
241630
241631
241632
241649
241651
241656
241657
241662
241667
241668
241674
241675
241677
241679
241685
241686
241690
241700
241702
241725
241728
241729
241730
241737
241740
241743
241747
241751
241754
241757
241774
241779
241782
241783
241789
241794
241798
241806
241809
241815
241818
241819
241821
241834
241835
241838
241845
241846
241848
241851
241852
241853
241856
241857
241859
241866
241867
241875
241879
241888
241901
241917
241923
241924
241932
241935
241936
241938
241939
241940
241941
241945
241958
241980
241982
241983
241986
241987
241988
241994
241998
241999
242008
242022
242027
242028
242034
242044
242048
242052
242056
242059
242062
242063
242071
242072
242073
242074
242077
242080
242087
242089
242093
242100
242108
242110
242113
242115
242116
242125
242126
242127
242128
242129
242136
242137
242138
242141
242144
242146
242147
242158
242164
242167
242179
242181
242185
242188
242189
242191
242198
242203
242204
242205
242209
242210
242211
242214
242220
242223
242224
242231
242233
242238
242248
242253
242256
242261
242262
242264
242268
242269
242277
242282
242285
242287
242292
242305
242309
242311
242314
242317
242320
242331
242332
242333
242335
242342
242343
242346
242350
242354
242357
242358
242360
242362
242365
242368
242369
242374
242375
242387
242393
242398
242399
242402
242406
242408
242414
242415
242418
242419
242423
242429
242440
242442
242448
242449
242466
242471
242472
242473
242474
242476
242490
242491
242496
242497
242501
242503
242504
242506
242512
242516
242520
242522
242525
242531
242537
242540
242541
242544
242545
242546
242549
242552
242557
242566
242567
242574
242580
242582
242589
242591
242597
242599
242600
242608
242609
242616
242618
242619
242627
242628
242629
242636
242642
242645
242647
242651
242653
242669
242671
242675
242676
242680
242681
242682
242684
242685
242686
242687
242688
242689
242691
242692
242694
242696
242697
242699
242700
242701
242702
242703
242710
242716
242724
242733
242734
242737
242738
242745
242752
242753
242758
242761
242767
242785
242793
242794
242796
242813
242815
242824
242831
242838
242840
242847
242850
242861
242862
242863
242869
242870
242873
242876
242877
242878
242880
242881
242882
242886
242889
242892
242894
242895
242907
242908
242912
242913
242914
242922
242926
242927
242949
242951
242952
242955
242956
242962
242963
242965
242969
242972
242974
242981
242983
242996
242997
243007
243010
243011
243012
243013
243014
243015
243016
243020
243021
243022
243023
243024
243025
243029
243030
243035
243036
243049
243057
243058
243064
243066
243068
243069
243072
243079
243080
243084
243085
243087
243088
243090
243091
243092
243093
243097
243098
243100
243101
243102
243103
243105
243107
243108
243114
243118
243123
243124
243132
243143
243148
243155
243157
243158
243166
243167
243168
243177
243179
243183
243187
243193
243196
243212
243214
243219
243220
243225
243226
243227
243228
243230
243232
243234
243236
243237
243238
243240
243241
243242
243243
243246
243248
243253
243254
243255
243269
243276
243284
243285
243293
243296
243298
243301
243308
243314
243315
243319
243325
243326
243332
243342
243351
243352
243354
243355
243357
243366
243367
243370
243372
243380
243382
243394
243396
243417
243418
243421
243422
243425
243426
243428
243431
243434
243440
243441
243444
243446
243453
243456
243459
243463
243468
243489
243491
243498
243499
243500
243502
243503
243510
243518
243528
243533
243536
243537
243541
243553
243559
243560
243561
243563
243564
243571
243573
243574
243575
243583
243584
243587
243589
243604
243605
243606
243607
243609
243610
243614
243617
243627
243628
243629
243632
243633
243640
243641
243642
243643
243645
243646
243647
243648
243655
243656
243664
243666
243667
243668
243672
243677
243679
243689
243693
243694
243695
243700
243707
243719
243727
243728
243730
243731
243733
243738
243739
243740
243741
243742
243743
243748
243750
243751
243754
243763
243765
243766
243772
243777
243779
243780
243783
243789
243794
243796
243797
243798
243802
243804
243805
243816
243819
243821
243823
243825
243827
243828
243829
243836
243839
243844
243850
243863
243873
243882
243883
243888
243889
243893
243894
243898
243902
243903
243910
243915
243917
243918
243920
243926
243932
243935
243936
243940
243941
243942
243943
243945
243947
243948
243949
243952
243957
243958
243965
243966
243968
243971
243972
243978
243987
243990
244001
244010
244014
244015
244022
244024
244025
244029
244034
244036
244037
244039
244041
244052
244053
244060
244068
244075
244079
244083
244085
244087
244088
244089
244090
244091
244094
244099
244101
244102
244122
244124
244125
244126
244127
244140
244143
244146
244147
244148
244156
244157
244158
244159
244163
244168
244170
244175
244178
244180
244184
244185
244188
244189
244191
244195
244205
244216
244218
244225
244230
244231
244236
244237
244249
244250
244258
244260
244262
244264
244265
244273
244288
244290
244299
244308
244310
244311
244312
244315
244317
244318
244319
244330
244332
244338
244340
244350
244353
244354
244367
244381
244387
244393
244394
244398
244399
244405
244407
244410
244411
244412
244419
244422
244428
244434
244439
244451
244452
244453
244457
244462
244464
244466
244467
244468
244469
244470
244476
244480
244485
244488
244494
244496
244505
244518
244523
244531
244532
244534
244535
244538
244543
244544
244549
244558
244569
244572
244573
244585
244609
244615
244616
244617
244620
244625
244628
244631
244632
244633
244636
244637
244641
244642
244647
244652
244667
244668
244672
244673
244674
244675
244676
244682
244705
244710
244715
244717
244718
244719
244723
244726
244727
244728
244729
244738
244739
244740
244742
244743
244749
244756
244758
244764
244765
244769
244774
244776
244783
244789
244797
244798
244800
244805
244806
244826
244829
244837
244841
244842
244845
244847
244848
244853
244854
244859
244866
244869
244871
244873
244881
244884
244895
244896
244901
244915
244926
244927
244931
244932
244936
244941
244942
244943
244949
244952
244955
244958
244959
244960
244965
244971
244972
244978
244982
244983
244986
244992
244998
244999
245000
245002
245003
245006
245007
245008
245012
245028
245029
245031
245032
245038
245043
245044
245045
245048
245056
245057
245058
245064
245065
245066
245067
245070
245080
245082
245083
245090
245097
245117
245127
245128
245129
245132
245133
245136
245137
245145
245146
245148
245151
245161
245167
245180
245182
245183
245191
245196
245199
245206
245207
245210
245219
245220
245221
245222
245224
245232
245233
245234
245235
245236
245240
245262
245270
245272
245279
245281
245286
245287
245289
245293
245294
245297
245298
245300
245302
245303
245304
245313
245319
245320
245332
245335
245342
245343
245344
245345
245346
245347
245356
245357
245359
245360
245361
245362
245363
245364
245365
245367
245373
245374
245376
245378
245379
245380
245383
245384
245385
245388
245394
245402
245404
245411
245422
245426
245432
245442
245443
245444
245449
245457
245458
245462
245466
245479
245493
245500
245502
245508
245512
245513
245514
245516
245522
245526
245527
245528
245530
245531
245536
245538
245539
245550
245551
245561
245563
245579
245580
245584
245585
245586
245587
245593
245594
245596
245599
245601
245611
245613
245615
245618
245619
245626
245643
245650
245655
245658
245659
245661
245662
245663
245669
245671
245675
245680
245682
245683
245684
245685
245705
245706
245707
245713
245720
245721
245722
245726
245727
245732
245739
245740
245744
245748
245758
245759
245760
245783
245787
245797
245798
245802
245807
245808
245809
245811
245813
245822
245826
245830
245835
245841
245845
245861
245862
245866
245871
245872
245875
245878
245879
245882
245888
245889
245894
245896
245904
245912
245931
245935
245941
245942
245943
245948
245957
245959
245960
245963
245965
245969
245981
245982
245983
245995
246012
246013
246014
246016
246024
246028
246029
246031
246032
246034
246040
246041
246047
246053
246054
246055
246057
246058
246059
246060
246069
246070
246081
246084
246098
246120
246131
246132
246136
246137
246138
246141
246145
246147
246148
246149
246154
246156
246161
246163
246166
246171
246174
246176
246178
246182
246187
246219
246220
246223
246226
246227
246234
246235
246236
246238
246241
246245
246259
246260
246261
246262
246278
246283
246284
246294
246296
246297
246303
246305
246308
246310
246312
246313
246322
246329
246339
246343
246346
246348
246349
246350
246352
246356
246357
246358
246361
246366
246368
246375
246376
246377
246378
246382
246383
246384
246385
246386
246388
246389
246390
246391
246397
246398
246399
246402
246403
246406
246415
246422
246438
246440
246445
246446
246451
246458
246462
246464
246465
246472
246488
246493
246494
246501
246503
246519
246521
246522
246524
246525
246526
246529
246538
246554
246561
246572
246574
246576
246581
246586
246587
246589
246591
246595
246596
246605
246609
246610
246612
246630
246634
246635
246636
246637
246640
246644
246646
246647
246648
246649
246652
246657
246659
246666
246669
246670
246676
246677
246680
246684
246686
246688
246696
246701
246702
246704
246705
246712
246713
246714
246717
246719
246720
246727
246728
246734
246745
246746
246758
246764
246768
246777
246781
246782
246796
246803
246806
246809
246810
246811
246814
246816
246817
246827
246828
246831
246833
246835
246838
246839
246844
246848
246852
246855
246858
246862
246865
246868
246870
246898
246918
246919
246920
246921
246922
246923
246927
246929
246930
246931
246935
246938
246939
246941
246942
246944
246946
246951
246952
246954
246958
246960
246963
246965
246968
246970
246972
246974
246975
246977
246984
246985
246990
246993
246996
246997
247002
247008
247009
247016
247017
247025
247029
247033
247039
247040
247043
247044
247054
247056
247059
247074
247077
247080
247081
247082
247100
247118
247120
247124
247126
247132
247144
247145
247147
247149
247150
247151
247159
247163
247166
247173
247178
247180
247186
247199
247207
247233
247252
247256
247273
247280
247299
247359
247363
247371
247384
247415
247418
247430
247441
247537
247556
247573
247591
247616
247637
247646
247649
247703
247711
247735
247768
247785
247791
247848
247874
247876
247893
247925
247932
247934
247959
247971
248011
248020
248068
248069
