0
1
2
3
4
5
6
7
8
9
10
11
12
13
14
15
16
17
18
19
20
21
22
23
24
25
26
27
28
29
30
31
32
33
34
35
36
37
38
39
40
41
42
43
44
45
46
47
48
49
50
51
52
53
54
55
56
57
58
59
60
61
62
63
64
65
66
67
68
69
70
71
72
73
74
75
76
77
78
79
80
81
82
83
84
85
86
87
88
89
90
91
92
93
94
95
96
97
98
99
100
101
102
103
104
105
106
107
108
109
110
111
112
113
114
115
116
117
118
119
120
121
122
123
124
125
126
127
128
129
130
131
132
133
134
135
136
137
138
139
140
141
142
143
144
145
146
147
148
149
150
151
152
153
154
155
156
157
158
159
160
161
162
163
164
165
166
167
168
169
170
171
172
173
174
175
176
177
178
179
180
181
182
183
184
185
186
187
188
189
190
191
192
193
194
195
196
197
198
199
200
201
202
203
204
205
206
207
208
209
210
211
212
213
214
215
216
217
218
219
220
221
222
223
224
225
226
227
228
229
230
231
232
233
234
235
236
237
238
239
240
241
242
243
244
245
246
247
248
249
250
251
252
253
254
255
256
257
258
259
260
261
262
263
264
265
266
267
268
269
270
271
272
273
274
275
276
277
278
279
280
281
282
283
284
285
286
287
288
289
290
291
292
293
294
295
296
298
299
300
301
302
303
304
305
306
307
308
309
310
311
312
313
314
315
316
318
319
320
321
322
323
324
325
326
327
328
329
330
331
332
333
334
335
336
337
338
339
340
341
342
343
344
345
346
347
348
349
350
351
352
353
354
355
356
357
358
359
360
361
362
363
364
365
366
367
368
369
370
371
372
373
374
375
377
378
379
380
381
382
383
384
385
386
387
388
389
390
391
392
393
394
395
396
397
398
399
400
401
402
403
404
405
406
407
408
409
411
412
413
414
415
416
417
418
419
420
421
423
424
425
426
427
428
429
430
431
432
433
434
435
436
437
438
439
440
441
442
443
444
445
446
447
448
449
450
451
452
453
455
456
457
458
459
460
461
462
463
464
465
466
467
468
469
470
471
472
473
474
475
477
478
479
480
481
482
483
484
485
486
487
488
489
490
491
492
493
494
495
496
497
498
499
500
501
503
504
505
506
507
508
509
510
511
512
513
514
515
516
517
518
519
520
521
522
523
524
525
526
527
528
529
530
531
532
533
534
535
536
537
538
539
540
541
542
543
544
545
546
547
548
549
550
551
552
553
554
555
557
558
559
560
561
562
563
564
565
566
567
568
569
570
571
572
573
575
576
577
578
579
580
581
582
583
585
586
587
588
589
591
592
593
594
595
596
597
598
599
600
601
602
603
604
605
607
608
609
610
611
612
613
614
615
616
617
618
619
620
622
623
624
626
627
628
629
630
631
632
633
634
635
636
637
638
639
640
641
643
644
645
646
647
649
650
651
653
654
655
656
657
658
660
661
662
663
664
665
666
667
668
669
670
671
673
674
675
676
677
678
680
681
682
684
685
686
687
688
689
690
691
692
693
694
695
696
697
698
699
700
701
702
703
704
706
707
708
709
710
711
712
713
714
715
716
717
718
719
721
722
723
724
725
726
727
728
729
730
732
733
734
735
737
738
739
740
741
742
743
744
745
747
748
749
750
751
752
753
754
755
756
757
758
759
760
761
762
763
764
765
766
767
768
769
770
771
772
773
774
775
776
777
778
779
780
781
782
783
784
785
786
787
789
790
791
792
793
795
796
797
798
799
800
801
802
803
804
805
806
807
808
809
810
811
812
813
814
815
816
817
818
819
820
821
822
823
824
826
828
829
830
831
832
833
834
835
836
837
838
839
840
841
842
843
844
846
847
848
849
850
851
852
854
855
856
858
859
860
861
862
863
864
866
867
868
869
870
871
872
873
874
875
876
877
878
880
881
882
883
884
885
886
887
888
890
891
893
894
895
896
897
898
899
900
901
902
903
904
905
906
907
908
909
910
911
912
913
914
915
916
917
918
919
920
921
922
923
924
926
927
928
929
930
931
932
933
934
935
936
937
938
939
940
941
942
943
944
945
946
947
948
950
951
952
953
954
955
956
957
958
959
960
961
962
963
964
966
967
968
969
970
971
972
974
975
977
978
979
980
981
982
983
984
985
986
987
988
989
990
991
992
993
994
995
996
997
998
999
1000
1001
1002
1003
1004
1005
1006
1007
1008
1009
1010
1011
1012
1014
1015
1016
1017
1018
1019
1020
1021
1023
1024
1026
1027
1028
1029
1030
1031
1033
1034
1035
1036
1037
1038
1039
1040
1041
1042
1043
1044
1045
1046
1047
1048
1049
1050
1051
1052
1054
1055
1056
1057
1058
1059
1060
1061
1062
1064
1065
1066
1067
1068
1069
1070
1071
1072
1073
1074
1075
1076
1077
1078
1080
1081
1082
1083
1084
1085
1086
1087
1088
1089
1090
1091
1092
1093
1094
1096
1097
1098
1099
1100
1101
1103
1105
1106
1109
1110
1111
1112
1113
1114
1115
1116
1118
1119
1120
1121
1122
1123
1124
1125
1128
1129
1130
1131
1132
1133
1134
1135
1136
1137
1138
1139
1140
1141
1142
1144
1145
1146
1147
1149
1151
1152
1154
1155
1156
1157
1158
1159
1160
1161
1162
1163
1164
1165
1166
1167
1169
1171
1172
1173
1174
1175
1176
1178
1179
1180
1181
1182
1183
1184
1185
1186
1187
1188
1189
1190
1191
1192
1193
1194
1195
1196
1197
1198
1199
1200
1201
1204
1205
1206
1207
1208
1209
1210
1211
1213
1214
1216
1218
1219
1220
1221
1222
1223
1225
1226
1227
1228
1229
1230
1231
1232
1233
1234
1235
1236
1237
1238
1239
1240
1241
1242
1245
1246
1247
1248
1251
1252
1253
1254
1255
1256
1257
1258
1260
1261
1262
1263
1264
1265
1266
1267
1268
1269
1271
1272
1273
1274
1275
1276
1277
1278
1279
1281
1282
1283
1284
1285
1286
1287
1288
1289
1291
1292
1294
1295
1296
1297
1298
1299
1300
1301
1302
1303
1304
1305
1308
1310
1311
1312
1313
1314
1315
1317
1318
1319
1320
1321
1322
1323
1324
1325
1326
1327
1328
1329
1330
1331
1332
1333
1334
1335
1336
1337
1338
1339
1340
1341
1342
1344
1345
1347
1348
1349
1350
1351
1353
1354
1355
1356
1357
1358
1359
1361
1362
1363
1364
1365
1366
1367
1368
1369
1370
1371
1372
1374
1375
1376
1378
1379
1380
1381
1382
1383
1384
1386
1387
1388
1390
1391
1394
1395
1396
1397
1398
1399
1400
1401
1402
1403
1405
1406
1408
1409
1410
1411
1412
1413
1414
1415
1416
1418
1420
1422
1423
1424
1425
1426
1427
1428
1429
1430
1431
1432
1433
1434
1435
1436
1437
1438
1439
1440
1441
1442
1443
1444
1445
1447
1449
1450
1452
1454
1455
1456
1457
1458
1459
1460
1461
1462
1463
1465
1466
1467
1468
1469
1470
1471
1472
1473
1474
1475
1476
1477
1478
1479
1480
1481
1482
1483
1484
1485
1486
1487
1488
1489
1490
1491
1492
1493
1495
1496
1497
1499
1500
1501
1503
1504
1505
1506
1507
1508
1509
1510
1513
1514
1515
1516
1517
1518
1519
1520
1521
1522
1523
1524
1525
1526
1527
1528
1529
1531
1532
1533
1534
1535
1536
1537
1538
1539
1540
1541
1542
1543
1544
1546
1547
1549
1550
1551
1552
1553
1554
1555
1556
1557
1558
1559
1560
1561
1562
1563
1564
1565
1566
1567
1568
1569
1570
1571
1572
1573
1575
1576
1577
1578
1579
1580
1581
1582
1583
1584
1586
1587
1588
1589
1590
1591
1592
1593
1594
1596
1597
1598
1599
1600
1601
1602
1603
1605
1606
1608
1610
1612
1613
1614
1615
1616
1618
1619
1620
1622
1623
1624
1625
1626
1627
1628
1630
1631
1632
1633
1634
1636
1637
1639
1640
1641
1642
1644
1645
1646
1647
1649
1651
1652
1653
1654
1655
1656
1657
1658
1659
1660
1661
1663
1664
1665
1666
1667
1668
1669
1671
1672
1673
1674
1675
1676
1678
1679
1680
1682
1683
1684
1685
1686
1687
1688
1689
1690
1691
1692
1694
1695
1696
1697
1698
1699
1700
1701
1703
1704
1706
1709
1710
1711
1712
1713
1714
1715
1716
1717
1719
1720
1721
1722
1723
1724
1725
1726
1727
1728
1729
1730
1731
1732
1733
1735
1736
1737
1739
1740
1741
1742
1743
1745
1746
1748
1750
1752
1753
1754
1755
1757
1758
1759
1760
1761
1762
1763
1764
1765
1766
1767
1768
1769
1770
1771
1772
1773
1774
1775
1777
1778
1779
1781
1782
1783
1784
1785
1786
1788
1789
1790
1791
1792
1794
1795
1797
1798
1799
1800
1801
1802
1803
1804
1805
1806
1807
1808
1809
1810
1813
1814
1815
1816
1817
1818
1819
1820
1821
1822
1823
1825
1826
1828
1829
1830
1831
1832
1833
1834
1836
1837
1840
1841
1842
1843
1844
1845
1846
1847
1848
1849
1850
1851
1852
1853
1854
1855
1856
1857
1858
1859
1860
1861
1862
1864
1865
1866
1867
1868
1869
1870
1871
1873
1874
1875
1876
1877
1878
1879
1880
1881
1882
1883
1884
1885
1886
1890
1891
1892
1893
1894
1895
1896
1897
1898
1899
1900
1901
1902
1905
1906
1907
1908
1909
1910
1914
1915
1916
1917
1918
1919
1920
1921
1922
1923
1924
1925
1926
1927
1928
1929
1930
1931
1932
1934
1935
1936
1937
1938
1940
1941
1942
1943
1944
1945
1946
1947
1948
1949
1950
1952
1953
1954
1956
1957
1959
1960
1962
1963
1964
1965
1966
1968
1969
1970
1972
1973
1974
1977
1979
1980
1982
1983
1984
1985
1986
1987
1988
1990
1991
1992
1993
1994
1995
1996
1997
1998
1999
2000
2001
2002
2003
2004
2005
2006
2008
2009
2012
2013
2014
2015
2017
2018
2019
2020
2021
2022
2023
2024
2025
2026
2027
2028
2029
2030
2032
2033
2034
2036
2037
2038
2039
2040
2042
2043
2044
2045
2046
2047
2049
2050
2051
2052
2053
2054
2055
2056
2057
2058
2059
2060
2063
2064
2065
2066
2067
2068
2070
2071
2074
2075
2076
2077
2078
2079
2080
2081
2082
2083
2084
2085
2086
2087
2088
2091
2092
2093
2094
2095
2096
2097
2098
2099
2100
2101
2102
2103
2104
2105
2107
2109
2111
2112
2113
2114
2115
2116
2117
2119
2121
2122
2124
2125
2126
2128
2130
2131
2132
2133
2134
2136
2137
2139
2140
2141
2142
2143
2144
2146
2147
2148
2149
2150
2151
2153
2154
2155
2156
2157
2158
2165
2166
2167
2168
2169
2171
2172
2173
2174
2175
2176
2177
2178
2179
2180
2181
2182
2183
2184
2185
2188
2189
2190
2191
2192
2193
2194
2195
2196
2197
2198
2199
2200
2201
2202
2203
2204
2205
2206
2207
2208
2209
2210
2211
2213
2214
2216
2217
2218
2219
2220
2221
2222
2223
2224
2225
2226
2227
2228
2229
2230
2232
2233
2234
2235
2236
2237
2239
2241
2242
2243
2244
2245
2246
2247
2248
2249
2250
2251
2252
2253
2255
2259
2260
2261
2262
2263
2264
2265
2266
2267
2268
2269
2271
2272
2273
2274
2276
2277
2278
2279
2280
2281
2282
2283
2284
2285
2286
2287
2289
2290
2292
2293
2294
2295
2297
2298
2300
2301
2302
2303
2304
2305
2306
2308
2310
2311
2313
2314
2315
2316
2319
2320
2321
2322
2324
2325
2327
2328
2329
2330
2331
2332
2333
2334
2335
2336
2337
2338
2341
2342
2343
2344
2345
2346
2347
2348
2349
2350
2351
2353
2354
2355
2356
2358
2360
2361
2363
2364
2365
2366
2367
2368
2369
2370
2373
2374
2376
2379
2381
2382
2383
2384
2387
2388
2389
2390
2391
2392
2393
2394
2395
2396
2397
2398
2399
2400
2401
2402
2403
2404
2405
2407
2408
2409
2411
2412
2413
2414
2416
2417
2418
2419
2420
2422
2423
2424
2425
2426
2427
2428
2430
2432
2433
2434
2436
2438
2439
2441
2442
2444
2445
2446
2447
2448
2450
2451
2453
2454
2455
2456
2457
2458
2460
2461
2462
2463
2464
2465
2466
2468
2471
2472
2473
2474
2475
2476
2478
2480
2481
2482
2483
2485
2486
2487
2488
2489
2491
2492
2493
2494
2495
2496
2497
2498
2499
2500
2502
2503
2504
2505
2506
2508
2509
2510
2511
2512
2513
2514
2517
2519
2520
2521
2522
2523
2524
2526
2527
2528
2529
2530
2531
2532
2533
2534
2536
2537
2538
2540
2541
2542
2543
2544
2545
2546
2548
2549
2550
2552
2553
2555
2556
2558
2560
2562
2565
2567
2568
2569
2570
2572
2573
2574
2575
2577
2578
2579
2580
2581
2582
2583
2584
2585
2586
2587
2588
2590
2591
2592
2593
2594
2595
2597
2598
2599
2600
2601
2602
2603
2604
2605
2606
2607
2608
2609
2610
2612
2613
2614
2617
2618
2619
2620
2622
2624
2625
2626
2627
2628
2629
2630
2631
2632
2634
2636
2637
2638
2639
2640
2641
2643
2644
2645
2646
2647
2648
2649
2650
2651
2652
2653
2657
2658
2659
2660
2662
2663
2664
2665
2666
2667
2669
2670
2674
2676
2677
2678
2679
2680
2682
2683
2684
2685
2686
2687
2688
2689
2690
2691
2692
2693
2694
2695
2696
2698
2699
2701
2702
2703
2704
2705
2706
2707
2708
2709
2710
2711
2712
2713
2714
2715
2716
2717
2718
2719
2720
2721
2722
2724
2725
2726
2728
2729
2730
2732
2734
2735
2737
2738
2740
2741
2742
2743
2744
2745
2746
2747
2748
2749
2750
2751
2752
2753
2754
2755
2756
2757
2758
2759
2760
2761
2762
2763
2765
2767
2768
2770
2773
2774
2775
2776
2777
2779
2780
2781
2783
2785
2788
2789
2790
2791
2792
2793
2794
2795
2796
2798
2799
2802
2803
2804
2805
2806
2807
2808
2810
2812
2813
2814
2817
2818
2820
2822
2824
2825
2828
2829
2830
2831
2832
2833
2834
2835
2836
2837
2838
2839
2841
2842
2843
2844
2845
2846
2847
2848
2849
2850
2851
2852
2854
2855
2856
2858
2859
2860
2862
2863
2867
2868
2869
2871
2873
2874
2875
2876
2878
2879
2880
2881
2882
2883
2885
2886
2887
2888
2889
2890
2891
2892
2893
2894
2895
2897
2899
2900
2901
2902
2903
2904
2905
2906
2907
2908
2909
2910
2912
2913
2915
2917
2918
2919
2920
2921
2922
2923
2924
2925
2926
2928
2930
2932
2933
2935
2936
2937
2938
2939
2940
2941
2942
2943
2944
2945
2946
2947
2948
2950
2951
2953
2955
2956
2957
2959
2961
2962
2963
2965
2967
2968
2969
2970
2971
2972
2973
2974
2976
2977
2978
2979
2980
2981
2982
2983
2984
2985
2986
2987
2989
2990
2991
2992
2993
2994
2995
2996
3000
3001
3002
3003
3004
3005
3006
3008
3010
3011
3012
3013
3014
3015
3016
3017
3018
3019
3020
3021
3022
3023
3024
3026
3027
3028
3030
3031
3032
3034
3035
3036
3037
3038
3039
3040
3041
3043
3045
3046
3047
3048
3049
3050
3051
3053
3054
3055
3056
3057
3059
3060
3061
3062
3063
3064
3065
3066
3067
3069
3070
3071
3072
3074
3076
3077
3078
3080
3081
3082
3083
3084
3086
3087
3089
3091
3093
3094
3095
3096
3097
3098
3099
3100
3102
3103
3105
3106
3107
3108
3110
3111
3113
3114
3115
3117
3119
3122
3123
3124
3125
3126
3127
3128
3129
3130
3131
3133
3134
3135
3136
3137
3138
3140
3141
3142
3143
3144
3145
3146
3148
3149
3150
3151
3152
3153
3154
3155
3156
3157
3158
3159
3160
3161
3162
3165
3166
3167
3170
3171
3172
3173
3175
3177
3178
3179
3180
3181
3182
3183
3184
3185
3186
3187
3188
3189
3191
3192
3193
3194
3195
3196
3197
3198
3199
3200
3201
3202
3204
3205
3207
3209
3210
3212
3213
3217
3219
3220
3221
3222
3225
3226
3228
3229
3230
3231
3232
3233
3234
3235
3236
3237
3238
3239
3240
3241
3242
3243
3245
3247
3248
3249
3250
3251
3252
3253
3254
3255
3256
3257
3258
3259
3260
3262
3263
3264
3266
3267
3268
3269
3271
3272
3274
3275
3276
3277
3278
3280
3281
3282
3283
3284
3285
3286
3289
3291
3294
3295
3296
3297
3298
3299
3300
3301
3302
3303
3304
3305
3308
3309
3311
3314
3315
3316
3317
3318
3319
3320
3321
3322
3323
3324
3325
3326
3327
3328
3329
3330
3331
3334
3335
3336
3338
3339
3341
3342
3344
3345
3346
3348
3349
3350
3351
3352
3354
3355
3357
3358
3359
3361
3362
3364
3365
3366
3367
3368
3369
3370
3371
3372
3374
3376
3377
3378
3379
3381
3382
3383
3384
3385
3387
3389
3392
3393
3395
3396
3397
3401
3404
3406
3407
3408
3409
3410
3411
3412
3413
3414
3415
3417
3418
3419
3420
3422
3423
3424
3425
3428
3429
3432
3433
3434
3436
3437
3438
3439
3440
3441
3443
3444
3445
3446
3447
3448
3449
3450
3452
3455
3458
3460
3462
3463
3464
3468
3469
3470
3471
3472
3473
3474
3475
3476
3478
3481
3482
3483
3484
3485
3486
3487
3488
3490
3491
3492
3493
3495
3496
3498
3500
3502
3503
3505
3507
3508
3509
3510
3511
3512
3514
3515
3516
3518
3519
3520
3521
3522
3523
3525
3526
3528
3529
3530
3532
3533
3534
3536
3538
3539
3540
3541
3542
3543
3545
3546
3554
3555
3557
3558
3559
3560
3561
3562
3564
3565
3566
3567
3568
3569
3570
3571
3574
3575
3576
3577
3578
3579
3580
3581
3583
3585
3588
3590
3591
3593
3594
3595
3596
3597
3599
3600
3601
3602
3603
3604
3605
3606
3608
3609
3610
3611
3612
3613
3615
3616
3617
3618
3619
3621
3622
3624
3626
3627
3628
3629
3630
3632
3633
3634
3635
3636
3637
3638
3639
3641
3643
3644
3646
3648
3649
3650
3651
3652
3654
3655
3656
3657
3658
3659
3660
3662
3663
3665
3667
3668
3669
3670
3671
3672
3673
3674
3677
3678
3679
3680
3682
3683
3684
3685
3686
3687
3689
3690
3691
3692
3693
3694
3695
3697
3698
3700
3701
3702
3703
3704
3706
3707
3709
3710
3711
3712
3713
3714
3715
3717
3718
3719
3720
3722
3723
3724
3725
3726
3727
3728
3731
3732
3733
3734
3736
3737
3738
3739
3741
3742
3743
3744
3746
3747
3749
3750
3751
3752
3753
3754
3755
3756
3757
3758
3759
3760
3761
3762
3763
3765
3766
3769
3770
3775
3777
3779
3780
3781
3782
3784
3785
3788
3789
3790
3791
3792
3793
3794
3795
3796
3797
3798
3799
3800
3801
3803
3804
3806
3807
3808
3809
3810
3811
3812
3813
3814
3815
3816
3817
3818
3819
3820
3822
3823
3825
3826
3827
3828
3829
3830
3833
3834
3835
3836
3837
3838
3839
3840
3841
3842
3843
3844
3845
3847
3848
3850
3851
3852
3853
3854
3855
3856
3857
3858
3859
3860
3861
3862
3865
3866
3867
3868
3869
3870
3871
3874
3875
3876
3878
3879
3881
3882
3883
3884
3885
3887
3888
3889
3890
3891
3892
3895
3896
3897
3899
3901
3902
3903
3904
3905
3908
3909
3910
3912
3913
3914
3915
3917
3918
3919
3920
3921
3922
3923
3924
3925
3926
3927
3929
3931
3932
3933
3938
3939
3940
3942
3943
3945
3946
3947
3948
3949
3950
3951
3955
3956
3957
3958
3961
3963
3965
3966
3967
3968
3969
3970
3971
3972
3973
3974
3975
3977
3978
3979
3980
3982
3983
3984
3985
3986
3987
3988
3990
3991
3992
3993
3994
3995
3996
3997
3998
3999
4001
4003
4005
4006
4007
4008
4009
4010
4011
4012
4013
4015
4016
4018
4019
4020
4021
4022
4024
4025
4026
4027
4030
4031
4032
4033
4034
4035
4038
4039
4041
4042
4044
4045
4046
4047
4049
4050
4052
4053
4054
4055
4056
4058
4061
4062
4064
4065
4066
4072
4073
4074
4076
4078
4081
4082
4083
4084
4086
4087
4088
4089
4090
4092
4094
4095
4096
4097
4098
4099
4100
4101
4102
4104
4105
4107
4108
4109
4110
4111
4112
4114
4115
4116
4117
4118
4119
4120
4121
4122
4123
4124
4125
4126
4127
4128
4129
4130
4131
4132
4134
4135
4138
4139
4140
4141
4142
4144
4145
4147
4148
4150
4153
4155
4156
4157
4159
4161
4162
4164
4167
4170
4171
4172
4175
4176
4177
4178
4179
4180
4181
4183
4184
4185
4188
4189
4190
4191
4194
4196
4197
4198
4199
4201
4202
4203
4204
4206
4208
4209
4213
4214
4216
4218
4219
4220
4221
4222
4223
4225
4226
4227
4229
4230
4231
4233
4234
4236
4237
4238
4240
4242
4243
4245
4246
4247
4248
4249
4252
4254
4255
4256
4257
4258
4259
4260
4261
4262
4263
4264
4266
4267
4268
4269
4270
4272
4274
4275
4276
4277
4278
4279
4281
4282
4283
4284
4286
4288
4289
4290
4291
4292
4293
4295
4296
4297
4299
4300
4301
4302
4304
4305
4307
4308
4310
4311
4312
4313
4314
4315
4319
4320
4321
4323
4327
4330
4331
4332
4333
4334
4335
4336
4337
4338
4339
4340
4341
4342
4343
4344
4345
4346
4347
4348
4349
4350
4351
4352
4353
4355
4356
4357
4359
4360
4361
4362
4363
4364
4366
4368
4369
4370
4371
4372
4374
4376
4378
4379
4382
4383
4384
4385
4386
4387
4388
4389
4390
4392
4393
4395
4396
4397
4398
4400
4401
4402
4403
4404
4405
4407
4409
4410
4412
4414
4415
4416
4417
4419
4421
4423
4424
4425
4428
4429
4430
4431
4432
4433
4434
4436
4437
4438
4439
4440
4442
4443
4444
4445
4446
4447
4449
4450
4452
4453
4454
4455
4460
4461
4463
4464
4465
4466
4467
4470
4471
4472
4473
4475
4476
4477
4478
4479
4480
4483
4484
4485
4486
4487
4488
4489
4490
4491
4492
4493
4494
4496
4497
4499
4500
4501
4503
4504
4505
4506
4507
4508
4509
4510
4511
4512
4513
4514
4515
4517
4518
4519
4520
4521
4523
4524
4525
4526
4528
4529
4530
4531
4532
4533
4534
4536
4541
4542
4543
4545
4547
4551
4552
4554
4555
4557
4558
4559
4560
4562
4563
4564
4565
4567
4568
4569
4570
4571
4572
4573
4574
4575
4576
4577
4578
4580
4581
4583
4584
4585
4587
4588
4590
4591
4592
4593
4594
4595
4598
4599
4600
4601
4602
4603
4604
4605
4606
4607
4608
4610
4611
4612
4613
4614
4615
4618
4619
4621
4622
4623
4625
4627
4632
4634
4635
4636
4638
4639
4640
4641
4642
4643
4644
4645
4646
4647
4649
4650
4652
4653
4654
4655
4656
4657
4658
4659
4660
4661
4663
4664
4669
4670
4671
4673
4674
4675
4676
4677
4679
4680
4681
4682
4683
4684
4685
4686
4687
4688
4689
4690
4691
4693
4694
4698
4700
4701
4704
4705
4706
4707
4708
4709
4711
4713
4716
4717
4718
4721
4722
4723
4724
4725
4726
4729
4730
4731
4732
4733
4734
4735
4736
4737
4738
4739
4740
4741
4742
4743
4744
4745
4746
4749
4750
4751
4752
4753
4755
4756
4757
4758
4764
4765
4766
4767
4769
4770
4772
4773
4774
4775
4776
4777
4778
4779
4780
4781
4782
4783
4784
4785
4786
4788
4789
4791
4793
4797
4798
4799
4800
4802
4803
4804
4807
4808
4811
4812
4813
4814
4815
4816
4817
4818
4820
4821
4822
4823
4824
4828
4829
4830
4831
4832
4833
4834
4835
4836
4837
4839
4840
4841
4842
4843
4844
4845
4846
4847
4848
4849
4850
4851
4854
4855
4856
4857
4858
4859
4860
4861
4862
4863
4864
4866
4867
4869
4871
4873
4874
4876
4877
4878
4879
4880
4881
4883
4884
4886
4887
4888
4890
4891
4892
4893
4896
4897
4899
4901
4902
4904
4906
4907
4909
4910
4912
4913
4914
4915
4918
4920
4923
4924
4926
4927
4929
4931
4932
4935
4936
4937
4938
4939
4940
4941
4944
4945
4947
4948
4950
4952
4953
4954
4955
4958
4960
4961
4962
4963
4964
4965
4967
4970
4971
4972
4973
4974
4975
4976
4977
4979
4980
4981
4982
4986
4987
4988
4990
4991
4992
4993
4994
4997
4998
4999
5000
5001
5002
5005
5006
5009
5011
5012
5013
5016
5017
5018
5019
5020
5021
5022
5023
5024
5025
5026
5027
5028
5032
5033
5034
5037
5038
5040
5041
5042
5043
5044
5047
5048
5049
5054
5055
5056
5057
5059
5060
5061
5064
5065
5066
5067
5068
5071
5072
5073
5074
5075
5077
5081
5082
5083
5084
5085
5086
5087
5088
5089
5090
5091
5092
5093
5094
5095
5096
5097
5098
5099
5100
5101
5102
5103
5105
5106
5107
5108
5109
5110
5111
5114
5116
5117
5122
5124
5125
5127
5128
5129
5130
5131
5133
5134
5137
5138
5139
5140
5141
5142
5143
5144
5145
5148
5154
5155
5157
5158
5159
5162
5163
5165
5166
5167
5170
5171
5173
5174
5176
5179
5182
5183
5185
5187
5188
5190
5191
5194
5195
5196
5198
5199
5200
5201
5203
5204
5207
5209
5211
5212
5213
5214
5215
5217
5218
5219
5220
5222
5223
5224
5226
5227
5228
5229
5230
5232
5234
5235
5236
5240
5241
5243
5244
5245
5247
5248
5251
5252
5253
5255
5256
5257
5259
5260
5261
5262
5265
5266
5267
5269
5272
5273
5274
5276
5277
5278
5279
5280
5281
5284
5285
5286
5287
5289
5292
5293
5295
5296
5297
5299
5300
5301
5303
5304
5306
5307
5308
5309
5310
5312
5313
5314
5315
5316
5317
5318
5319
5321
5322
5323
5324
5325
5326
5327
5330
5331
5332
5333
5334
5335
5337
5339
5341
5342
5343
5344
5346
5347
5349
5350
5351
5352
5353
5354
5356
5357
5358
5360
5361
5362
5363
5364
5365
5367
5369
5370
5372
5373
5374
5375
5377
5379
5380
5381
5382
5383
5384
5385
5387
5388
5390
5391
5392
5393
5394
5395
5396
5398
5399
5400
5401
5402
5404
5405
5407
5408
5409
5411
5413
5414
5415
5416
5418
5422
5424
5425
5426
5428
5429
5430
5432
5434
5435
5436
5437
5439
5440
5441
5442
5443
5444
5445
5446
5447
5448
5449
5450
5451
5453
5454
5456
5459
5460
5461
5462
5463
5464
5465
5466
5467
5468
5469
5471
5472
5473
5474
5475
5476
5477
5478
5479
5481
5484
5485
5486
5487
5488
5491
5492
5493
5494
5497
5498
5499
5501
5505
5507
5508
5509
5510
5511
5512
5514
5515
5516
5517
5518
5521
5522
5523
5524
5528
5529
5531
5532
5533
5534
5536
5537
5538
5539
5540
5541
5542
5543
5545
5546
5547
5548
5551
5552
5553
5559
5561
5562
5563
5564
5565
5566
5567
5568
5569
5570
5571
5572
5574
5576
5577
5579
5580
5581
5582
5584
5585
5586
5587
5588
5589
5590
5591
5592
5593
5595
5596
5597
5598
5599
5600
5601
5602
5603
5604
5605
5606
5607
5610
5611
5614
5615
5617
5618
5619
5621
5622
5623
5624
5626
5629
5630
5631
5632
5634
5638
5640
5641
5642
5646
5647
5648
5649
5650
5651
5652
5653
5654
5655
5656
5657
5659
5660
5661
5662
5663
5664
5666
5667
5668
5670
5671
5672
5674
5676
5678
5679
5680
5681
5682
5683
5684
5686
5689
5690
5691
5692
5694
5696
5698
5701
5705
5706
5707
5708
5709
5710
5711
5713
5714
5716
5721
5723
5724
5726
5727
5728
5731
5732
5734
5735
5739
5742
5743
5745
5746
5747
5751
5752
5753
5757
5758
5759
5761
5762
5763
5764
5765
5766
5767
5770
5773
5774
5776
5777
5779
5782
5783
5784
5786
5787
5788
5789
5790
5791
5792
5795
5796
5797
5798
5799
5801
5802
5803
5805
5808
5809
5810
5812
5813
5815
5816
5817
5819
5820
5821
5823
5824
5825
5827
5828
5830
5831
5832
5833
5834
5835
5836
5837
5838
5839
5840
5843
5844
5847
5848
5849
5850
5851
5853
5855
5856
5860
5861
5862
5863
5864
5866
5867
5869
5870
5871
5872
5873
5875
5876
5879
5880
5882
5883
5886
5887
5888
5889
5891
5893
5894
5895
5897
5898
5899
5901
5902
5904
5905
5907
5909
5911
5912
5915
5917
5918
5922
5923
5924
5926
5927
5929
5930
5931
5932
5933
5934
5935
5936
5937
5938
5939
5940
5941
5943
5944
5946
5947
5948
5951
5952
5953
5954
5955
5956
5957
5958
5961
5962
5963
5964
5965
5966
5967
5968
5969
5971
5972
5973
5975
5976
5977
5978
5979
5981
5983
5984
5985
5986
5988
5989
5992
5993
5995
5997
5998
5999
6000
6001
6002
6003
6004
6005
6006
6007
6008
6009
6013
6014
6015
6016
6017
6020
6021
6022
6023
6024
6027
6028
6029
6031
6033
6034
6037
6038
6040
6041
6042
6043
6044
6045
6046
6047
6048
6051
6052
6053
6054
6055
6056
6058
6059
6063
6064
6065
6066
6067
6069
6070
6071
6074
6075
6077
6078
6079
6080
6082
6084
6085
6087
6088
6091
6092
6093
6094
6095
6097
6098
6099
6100
6101
6103
6105
6106
6107
6108
6110
6111
6112
6113
6114
6116
6117
6118
6121
6122
6123
6124
6125
6126
6127
6128
6129
6130
6132
6134
6135
6136
6138
6139
6141
6143
6145
6146
6147
6149
6150
6151
6154
6156
6157
6158
6161
6162
6163
6165
6167
6168
6170
6171
6174
6175
6176
6178
6179
6180
6182
6183
6184
6185
6187
6191
6192
6193
6194
6195
6196
6197
6201
6204
6205
6206
6207
6211
6213
6215
6217
6220
6221
6222
6224
6225
6226
6227
6228
6230
6231
6232
6234
6235
6236
6237
6238
6239
6240
6243
6245
6248
6249
6250
6252
6254
6255
6258
6259
6262
6263
6265
6266
6267
6268
6272
6273
6275
6277
6278
6281
6282
6283
6284
6286
6288
6290
6291
6292
6293
6294
6295
6299
6301
6302
6303
6306
6309
6310
6311
6312
6314
6315
6316
6318
6320
6321
6324
6326
6327
6328
6329
6330
6331
6332
6335
6337
6338
6340
6341
6342
6343
6344
6345
6346
6348
6349
6350
6351
6353
6355
6356
6357
6359
6360
6361
6362
6364
6365
6366
6368
6369
6371
6374
6375
6376
6377
6378
6379
6380
6381
6382
6383
6384
6386
6387
6389
6390
6391
6393
6394
6395
6396
6397
6399
6400
6401
6403
6404
6407
6408
6409
6410
6412
6414
6415
6416
6418
6420
6422
6424
6426
6429
6430
6432
6433
6434
6435
6436
6437
6438
6439
6440
6441
6442
6443
6444
6445
6446
6447
6448
6450
6451
6452
6453
6454
6455
6457
6458
6459
6461
6463
6464
6466
6467
6468
6470
6471
6472
6473
6474
6475
6476
6477
6480
6481
6483
6484
6485
6486
6487
6489
6491
6492
6493
6494
6495
6496
6497
6498
6499
6501
6502
6503
6505
6506
6507
6508
6509
6510
6511
6512
6513
6515
6516
6517
6519
6520
6522
6525
6526
6527
6528
6529
6530
6531
6535
6537
6541
6542
6543
6545
6546
6547
6548
6549
6550
6552
6553
6554
6556
6557
6558
6559
6560
6561
6562
6563
6564
6565
6568
6569
6570
6572
6573
6574
6575
6576
6577
6579
6582
6583
6584
6587
6588
6589
6590
6591
6593
6595
6596
6597
6598
6599
6600
6601
6602
6603
6604
6605
6607
6608
6609
6611
6612
6614
6616
6618
6621
6622
6623
6624
6625
6627
6628
6630
6631
6632
6635
6636
6637
6638
6639
6643
6647
6648
6649
6650
6651
6652
6653
6655
6656
6657
6658
6659
6660
6661
6664
6665
6667
6669
6670
6672
6673
6674
6676
6678
6679
6680
6681
6683
6684
6691
6692
6693
6694
6695
6696
6697
6699
6700
6702
6703
6704
6705
6706
6707
6708
6712
6714
6715
6716
6718
6719
6721
6722
6723
6724
6725
6727
6728
6729
6730
6731
6733
6734
6735
6736
6737
6738
6739
6741
6743
6745
6746
6747
6749
6751
6752
6753
6756
6757
6758
6759
6761
6762
6764
6765
6766
6767
6769
6770
6772
6773
6775
6777
6778
6779
6780
6783
6784
6788
6790
6791
6792
6793
6796
6797
6799
6801
6804
6805
6806
6807
6808
6809
6810
6813
6815
6816
6817
6818
6819
6820
6821
6822
6823
6824
6825
6826
6827
6828
6829
6830
6832
6833
6834
6835
6840
6841
6842
6844
6845
6846
6848
6849
6850
6851
6852
6853
6854
6855
6857
6859
6862
6863
6864
6865
6866
6867
6868
6869
6870
6872
6873
6874
6875
6878
6879
6880
6881
6882
6884
6885
6886
6887
6889
6891
6893
6895
6897
6898
6901
6902
6903
6906
6907
6908
6909
6910
6911
6912
6913
6915
6916
6917
6920
6921
6922
6923
6924
6925
6927
6930
6931
6932
6933
6935
6937
6940
6941
6942
6944
6945
6946
6947
6949
6953
6954
6955
6956
6957
6958
6959
6960
6962
6964
6965
6966
6967
6968
6970
6973
6975
6976
6977
6979
6980
6983
6984
6985
6986
6988
6989
6990
6991
6992
6993
6994
6996
6997
6999
7002
7003
7004
7005
7009
7014
7017
7018
7020
7021
7022
7023
7026
7027
7028
7029
7034
7035
7036
7037
7038
7039
7041
7042
7043
7044
7045
7046
7047
7049
7050
7052
7054
7055
7056
7057
7059
7060
7061
7062
7063
7064
7065
7067
7068
7069
7070
7071
7072
7074
7077
7078
7079
7081
7083
7084
7085
7086
7087
7089
7091
7094
7095
7096
7097
7099
7101
7103
7105
7106
7108
7109
7110
7111
7112
7114
7115
7116
7117
7119
7120
7123
7124
7126
7128
7129
7131
7132
7135
7136
7139
7141
7142
7143
7144
7145
7146
7148
7150
7151
7152
7154
7157
7158
7159
7161
7163
7165
7166
7167
7168
7169
7170
7171
7172
7173
7174
7175
7176
7177
7178
7179
7180
7181
7182
7183
7184
7185
7186
7187
7189
7190
7193
7196
7197
7198
7199
7202
7206
7207
7208
7209
7211
7212
7213
7214
7218
7219
7220
7222
7223
7224
7225
7226
7227
7229
7230
7231
7232
7233
7234
7236
7238
7239
7240
7242
7243
7244
7246
7247
7248
7249
7250
7252
7253
7254
7255
7256
7257
7258
7261
7262
7263
7265
7268
7269
7271
7272
7274
7276
7277
7278
7281
7283
7285
7286
7287
7288
7289
7290
7293
7294
7295
7296
7300
7302
7303
7304
7305
7306
7307
7308
7309
7313
7314
7316
7317
7318
7319
7320
7321
7324
7325
7326
7327
7328
7330
7331
7332
7336
7337
7338
7339
7342
7344
7346
7347
7348
7351
7352
7354
7355
7356
7357
7358
7359
7360
7361
7363
7364
7365
7366
7367
7369
7370
7371
7372
7373
7374
7378
7379
7380
7383
7384
7385
7386
7389
7390
7394
7395
7397
7403
7404
7405
7406
7410
7411
7412
7413
7415
7416
7417
7418
7419
7421
7425
7428
7430
7431
7432
7433
7435
7436
7437
7438
7439
7440
7441
7444
7447
7448
7451
7452
7453
7454
7455
7457
7458
7459
7463
7464
7465
7467
7468
7470
7472
7474
7476
7478
7480
7481
7483
7485
7486
7487
7489
7490
7491
7492
7493
7495
7497
7500
7502
7503
7504
7505
7506
7508
7509
7510
7511
7513
7514
7515
7516
7520
7521
7522
7524
7525
7526
7528
7529
7531
7532
7533
7534
7535
7537
7538
7539
7540
7541
7543
7544
7546
7548
7549
7551
7553
7554
7555
7556
7559
7561
7564
7565
7566
7567
7569
7570
7572
7573
7574
7575
7576
7578
7580
7582
7583
7585
7586
7588
7589
7590
7591
7592
7593
7594
7595
7597
7602
7603
7604
7605
7606
7607
7608
7609
7610
7611
7612
7613
7614
7615
7616
7617
7618
7620
7622
7623
7624
7627
7628
7629
7630
7632
7633
7634
7637
7638
7639
7640
7642
7643
7648
7651
7652
7653
7655
7656
7657
7658
7659
7661
7662
7666
7667
7669
7670
7671
7672
7673
7674
7678
7680
7683
7684
7686
7687
7690
7691
7692
7693
7695
7696
7697
7698
7699
7700
7701
7703
7704
7705
7706
7707
7709
7711
7712
7713
7715
7716
7717
7718
7719
7721
7722
7723
7725
7726
7727
7728
7729
7730
7731
7733
7734
7736
7737
7738
7739
7740
7741
7742
7744
7745
7746
7747
7748
7750
7751
7752
7753
7754
7756
7757
7760
7761
7763
7764
7765
7766
7767
7771
7772
7773
7774
7775
7776
7777
7778
7779
7780
7781
7782
7783
7784
7785
7786
7787
7788
7789
7790
7792
7793
7794
7795
7796
7798
7799
7800
7801
7802
7803
7805
7806
7807
7808
7809
7810
7812
7819
7820
7822
7825
7828
7830
7831
7832
7834
7835
7836
7837
7838
7839
7840
7841
7842
7848
7849
7850
7851
7852
7853
7854
7855
7856
7857
7859
7860
7861
7862
7864
7865
7867
7869
7870
7871
7873
7874
7875
7881
7884
7885
7888
7889
7890
7892
7893
7894
7896
7898
7902
7903
7905
7906
7909
7910
7911
7912
7913
7914
7915
7916
7918
7919
7920
7921
7923
7925
7926
7928
7929
7930
7931
7932
7936
7937
7941
7942
7943
7944
7948
7949
7950
7951
7952
7953
7954
7955
7957
7960
7963
7964
7967
7968
7969
7970
7972
7974
7975
7977
7982
7984
7985
7986
7987
7988
7991
7992
7993
7994
7995
7998
7999
8000
8001
8002
8003
8005
8006
8008
8009
8012
8015
8018
8019
8020
8022
8023
8024
8026
8027
8028
8029
8032
8034
8036
8038
8042
8045
8046
8047
8049
8051
8052
8053
8054
8055
8056
8057
8058
8059
8060
8061
8063
8064
8066
8068
8069
8070
8071
8072
8076
8077
8079
8080
8081
8082
8084
8085
8086
8087
8088
8091
8094
8095
8097
8098
8100
8101
8103
8104
8105
8106
8107
8108
8109
8111
8112
8113
8114
8115
8117
8120
8121
8122
8123
8126
8127
8129
8131
8132
8134
8135
8137
8138
8140
8143
8145
8148
8151
8152
8153
8155
8156
8160
8161
8162
8164
8166
8167
8169
8170
8171
8172
8173
8174
8175
8176
8177
8178
8181
8182
8183
8184
8185
8186
8187
8188
8190
8191
8192
8193
8194
8195
8196
8197
8198
8199
8201
8202
8203
8204
8208
8209
8210
8211
8213
8214
8217
8219
8220
8222
8223
8225
8226
8229
8231
8232
8233
8234
8235
8238
8239
8240
8241
8242
8243
8244
8245
8246
8247
8248
8249
8250
8252
8253
8254
8259
8260
8261
8266
8267
8269
8273
8274
8276
8278
8280
8281
8282
8284
8285
8287
8288
8289
8290
8291
8292
8293
8294
8295
8302
8303
8304
8305
8306
8308
8311
8312
8313
8315
8317
8318
8320
8322
8323
8325
8327
8329
8330
8332
8333
8334
8335
8336
8337
8338
8339
8340
8341
8342
8343
8344
8345
8346
8347
8348
8350
8354
8357
8358
8361
8362
8363
8364
8365
8366
8367
8369
8371
8372
8376
8377
8378
8379
8380
8381
8383
8384
8385
8387
8388
8389
8390
8391
8392
8394
8396
8397
8399
8400
8401
8402
8404
8405
8406
8407
8409
8410
8411
8412
8413
8414
8415
8417
8418
8419
8421
8422
8426
8427
8430
8431
8432
8433
8434
8435
8438
8439
8440
8441
8443
8444
8446
8448
8450
8452
8453
8454
8455
8457
8459
8460
8461
8463
8464
8465
8466
8468
8470
8471
8472
8476
8477
8480
8481
8482
8483
8485
8486
8488
8490
8491
8494
8495
8496
8498
8500
8501
8502
8503
8504
8505
8506
8508
8509
8510
8511
8512
8513
8515
8516
8517
8519
8520
8523
8524
8525
8526
8527
8529
8530
8533
8534
8535
8536
8537
8539
8540
8541
8543
8545
8547
8548
8551
8552
8554
8555
8556
8557
8559
8561
8563
8564
8565
8566
8567
8568
8569
8570
8574
8577
8578
8580
8581
8582
8584
8585
8586
8589
8591
8592
8593
8594
8595
8597
8598
8599
8601
8602
8603
8604
8605
8608
8609
8610
8613
8615
8617
8618
8619
8620
8621
8623
8624
8626
8627
8628
8629
8632
8633
8635
8637
8638
8639
8640
8643
8644
8645
8646
8649
8650
8652
8653
8656
8657
8660
8662
8663
8668
8670
8672
8673
8674
8677
8678
8679
8682
8683
8684
8685
8686
8687
8688
8689
8691
8692
8693
8695
8697
8698
8699
8700
8701
8702
8703
8704
8707
8708
8712
8714
8715
8716
8717
8719
8720
8722
8724
8725
8727
8729
8730
8732
8735
8737
8738
8739
8742
8743
8744
8745
8746
8747
8750
8751
8754
8755
8758
8761
8762
8763
8764
8765
8769
8770
8771
8772
8773
8776
8779
8780
8781
8782
8783
8784
8785
8786
8788
8789
8790
8791
8792
8793
8794
8796
8797
8798
8799
8800
8801
8806
8807
8808
8809
8812
8814
8815
8817
8818
8819
8823
8826
8828
8831
8833
8835
8838
8839
8842
8844
8845
8847
8848
8851
8852
8853
8854
8855
8856
8857
8858
8859
8861
8862
8863
8864
8868
8869
8870
8871
8872
8875
8876
8877
8878
8879
8881
8882
8883
8884
8885
8886
8887
8889
8891
8893
8894
8897
8898
8900
8902
8903
8904
8906
8910
8911
8912
8913
8917
8918
8919
8920
8921
8923
8924
8925
8927
8928
8929
8930
8932
8937
8938
8940
8941
8943
8944
8945
8946
8948
8949
8950
8951
8952
8953
8961
8963
8964
8967
8968
8969
8970
8971
8972
8974
8976
8977
8978
8979
8980
8981
8982
8983
8984
8985
8986
8987
8988
8992
8995
8996
8998
8999
9000
9002
9003
9004
9006
9007
9009
9010
9011
9013
9014
9016
9017
9018
9019
9022
9023
9024
9026
9027
9029
9030
9031
9032
9033
9034
9035
9037
9038
9039
9040
9041
9042
9043
9044
9045
9047
9048
9050
9052
9053
9054
9055
9057
9059
9060
9061
9063
9064
9065
9066
9071
9074
9075
9076
9077
9078
9079
9080
9084
9085
9086
9090
9091
9094
9095
9096
9097
9099
9100
9101
9103
9104
9108
9110
9111
9112
9113
9114
9115
9116
9117
9121
9123
9124
9128
9130
9132
9133
9135
9137
9138
9139
9140
9141
9142
9143
9144
9145
9147
9149
9150
9151
9152
9153
9154
9155
9156
9157
9158
9160
9161
9162
9163
9164
9166
9167
9168
9169
9170
9171
9172
9173
9174
9175
9180
9181
9183
9184
9185
9186
9188
9191
9192
9193
9194
9195
9197
9198
9199
9201
9202
9203
9204
9205
9206
9207
9208
9209
9210
9211
9214
9215
9216
9217
9218
9219
9220
9221
9223
9225
9226
9227
9228
9229
9230
9232
9235
9237
9238
9239
9240
9241
9244
9248
9249
9250
9253
9254
9256
9257
9258
9259
9261
9263
9265
9266
9267
9268
9269
9270
9272
9279
9281
9282
9283
9284
9285
9287
9289
9290
9292
9296
9297
9298
9299
9300
9302
9303
9304
9305
9306
9308
9317
9318
9319
9321
9324
9325
9326
9329
9330
9331
9332
9334
9335
9338
9340
9341
9343
9347
9348
9350
9354
9355
9356
9357
9358
9361
9362
9364
9365
9368
9370
9374
9375
9376
9378
9379
9380
9381
9383
9387
9389
9391
9392
9393
9394
9395
9398
9399
9400
9401
9402
9403
9404
9405
9406
9407
9408
9412
9413
9414
9416
9417
9420
9421
9422
9429
9430
9432
9433
9434
9435
9437
9439
9440
9442
9444
9445
9446
9447
9448
9450
9451
9452
9454
9455
9457
9459
9460
9463
9464
9465
9467
9468
9469
9470
9473
9475
9476
9480
9481
9482
9483
9485
9486
9487
9488
9491
9492
9493
9495
9496
9497
9498
9501
9502
9503
9504
9506
9509
9510
9511
9513
9514
9515
9517
9518
9519
9520
9522
9523
9524
9525
9527
9532
9533
9534
9537
9539
9540
9541
9542
9543
9544
9546
9550
9551
9552
9556
9558
9559
9561
9563
9564
9565
9569
9572
9573
9574
9575
9580
9581
9584
9585
9586
9588
9589
9591
9593
9594
9596
9598
9599
9600
9601
9602
9603
9604
9605
9608
9609
9610
9611
9612
9613
9615
9616
9618
9619
9620
9623
9624
9625
9626
9629
9630
9632
9637
9640
9641
9642
9646
9648
9649
9651
9652
9653
9655
9657
9658
9660
9662
9663
9664
9665
9666
9667
9668
9670
9671
9672
9673
9675
9676
9677
9679
9680
9681
9682
9684
9685
9686
9687
9688
9690
9694
9695
9696
9698
9699
9701
9704
9708
9709
9710
9711
9712
9713
9714
9715
9716
9718
9721
9722
9726
9727
9728
9730
9732
9733
9734
9735
9736
9738
9739
9742
9744
9746
9750
9751
9752
9756
9757
9760
9761
9762
9764
9766
9769
9770
9771
9773
9774
9775
9776
9777
9780
9781
9783
9784
9785
9786
9787
9789
9790
9791
9792
9798
9799
9800
9801
9806
9807
9810
9811
9812
9813
9814
9815
9821
9824
9825
9826
9827
9829
9833
9835
9836
9837
9838
9839
9840
9842
9844
9845
9846
9847
9850
9853
9854
9855
9856
9857
9859
9860
9861
9862
9868
9869
9870
9871
9872
9875
9877
9878
9879
9882
9883
9884
9885
9886
9887
9888
9892
9893
9894
9895
9896
9897
9900
9901
9902
9903
9905
9908
9910
9911
9912
9915
9916
9919
9920
9922
9923
9924
9926
9929
9930
9931
9932
9933
9934
9936
9938
9939
9940
9944
9945
9946
9947
9948
9949
9952
9953
9956
9958
9959
9960
9961
9963
9964
9966
9967
9969
9970
9971
9973
9975
9976
9977
9978
9979
9982
9984
9985
9986
9987
9988
9989
9990
9992
9994
9996
9997
9998
10000
10003
10004
10008
10009
10010
10011
10013
10014
10015
10016
10017
10018
10020
10022
10024
10025
10028
10029
10031
10032
10033
10035
10036
10040
10041
10042
10043
10044
10046
10047
10049
10050
10051
10052
10054
10061
10064
10065
10068
10069
10070
10071
10072
10073
10074
10077
10078
10079
10082
10083
10084
10086
10087
10090
10092
10096
10102
10104
10105
10106
10110
10113
10114
10117
10120
10121
10122
10124
10125
10126
10130
10131
10135
10137
10138
10139
10140
10141
10142
10143
10144
10145
10146
10151
10152
10153
10155
10156
10158
10160
10161
10163
10164
10166
10167
10168
10169
10172
10173
10174
10175
10176
10178
10179
10183
10184
10185
10188
10189
10191
10192
10193
10194
10197
10198
10199
10200
10201
10202
10204
10207
10208
10210
10211
10212
10213
10217
10218
10220
10222
10223
10229
10230
10232
10233
10235
10236
10237
10239
10240
10242
10244
10245
10246
10247
10248
10249
10250
10252
10253
10254
10255
10258
10259
10262
10263
10264
10266
10267
10268
10270
10271
10274
10277
10278
10279
10281
10282
10284
10286
10287
10290
10291
10292
10295
10296
10297
10298
10303
10304
10305
10306
10307
10312
10317
10320
10321
10322
10323
10325
10326
10330
10331
10335
10337
10338
10339
10340
10342
10344
10345
10346
10348
10349
10351
10352
10356
10357
10358
10364
10365
10368
10370
10371
10373
10374
10376
10377
10378
10379
10380
10381
10382
10383
10385
10386
10388
10390
10391
10392
10393
10396
10399
10401
10402
10403
10404
10405
10407
10409
10410
10412
10413
10416
10417
10418
10419
10420
10424
10426
10427
10428
10429
10430
10431
10432
10435
10438
10439
10440
10442
10443
10445
10446
10449
10451
10452
10453
10454
10455
10456
10457
10458
10460
10461
10462
10463
10465
10468
10470
10471
10475
10476
10478
10479
10480
10482
10484
10486
10488
10489
10490
10493
10495
10498
10499
10500
10502
10503
10506
10507
10509
10510
10511
10513
10514
10516
10517
10519
10520
10521
10522
10523
10525
10526
10527
10529
10530
10533
10534
10537
10538
10539
10541
10542
10543
10544
10545
10546
10547
10548
10549
10550
10551
10552
10553
10557
10558
10560
10561
10562
10563
10564
10568
10569
10570
10572
10573
10574
10577
10579
10582
10583
10584
10587
10589
10590
10591
10592
10594
10596
10597
10598
10600
10601
10602
10603
10604
10605
10606
10607
10608
10616
10617
10619
10621
10623
10624
10627
10629
10631
10632
10633
10635
10636
10639
10641
10642
10643
10644
10646
10647
10648
10649
10650
10652
10653
10654
10655
10657
10659
10660
10661
10663
10666
10667
10669
10670
10672
10673
10677
10678
10679
10680
10682
10685
10686
10688
10689
10690
10691
10694
10695
10698
10701
10706
10707
10708
10709
10710
10712
10715
10716
10717
10718
10719
10720
10721
10722
10723
10724
10725
10727
10728
10729
10731
10732
10735
10736
10737
10739
10740
10741
10743
10744
10750
10751
10752
10753
10755
10756
10758
10760
10765
10770
10771
10772
10773
10774
10775
10776
10777
10778
10779
10781
10782
10783
10784
10785
10786
10787
10788
10789
10790
10794
10798
10799
10805
10806
10807
10808
10810
10811
10813
10814
10817
10818
10820
10824
10826
10827
10828
10829
10831
10833
10834
10835
10836
10839
10840
10841
10842
10844
10846
10849
10850
10852
10853
10854
10856
10857
10858
10860
10861
10862
10863
10866
10867
10869
10872
10874
10875
10876
10877
10878
10879
10880
10882
10883
10886
10887
10888
10889
10890
10892
10894
10895
10896
10897
10899
10900
10901
10902
10903
10906
10908
10910
10911
10913
10914
10917
10918
10919
10921
10922
10923
10924
10925
10926
10928
10929
10932
10933
10934
10936
10937
10939
10940
10941
10944
10945
10949
10951
10952
10954
10955
10957
10958
10960
10961
10963
10964
10965
10966
10968
10970
10971
10972
10973
10975
10976
10980
10986
10989
10993
10994
10999
11000
11004
11006
11007
11008
11009
11010
11012
11013
11015
11016
11017
11018
11020
11022
11023
11024
11030
11031
11035
11036
11038
11039
11040
11041
11043
11044
11045
11046
11047
11048
11051
11053
11055
11057
11058
11059
11060
11062
11064
11068
11069
11072
11073
11077
11078
11084
11085
11086
11088
11090
11091
11095
11096
11097
11098
11099
11100
11101
11102
11105
11106
11107
11108
11109
11111
11113
11114
11116
11118
11120
11121
11122
11123
11124
11125
11126
11128
11129
11130
11131
11132
11135
11136
11137
11138
11140
11141
11142
11143
11144
11145
11146
11148
11150
11151
11152
11153
11154
11155
11156
11158
11160
11161
11162
11164
11165
11166
11168
11169
11171
11173
11177
11178
11179
11180
11182
11183
11184
11185
11188
11190
11191
11192
11193
11195
11201
11202
11203
11205
11206
11212
11216
11217
11218
11219
11220
11221
11222
11223
11227
11228
11229
11230
11232
11233
11234
11236
11241
11242
11243
11244
11245
11246
11247
11248
11249
11250
11251
11252
11253
11254
11255
11256
11257
11258
11261
11262
11263
11265
11266
11268
11269
11271
11272
11274
11277
11278
11280
11282
11283
11285
11286
11287
11288
11289
11290
11291
11292
11293
11294
11297
11298
11299
11300
11301
11304
11307
11308
11310
11311
11312
11313
11315
11316
11317
11318
11319
11321
11322
11324
11329
11330
11332
11333
11334
11335
11336
11337
11338
11339
11340
11341
11342
11343
11344
11345
11346
11347
11349
11351
11352
11354
11355
11358
11361
11362
11365
11366
11367
11368
11369
11370
11371
11375
11376
11378
11381
11382
11384
11385
11387
11388
11389
11390
11391
11394
11395
11396
11397
11398
11399
11400
11401
11405
11407
11408
11409
11411
11412
11413
11415
11416
11419
11420
11421
11422
11423
11424
11426
11429
11430
11432
11433
11435
11436
11437
11440
11441
11444
11446
11447
11448
11450
11451
11452
11453
11454
11455
11456
11457
11459
11461
11464
11468
11472
11474
11475
11477
11478
11480
11482
11483
11484
11486
11488
11490
11491
11493
11494
11495
11496
11497
11500
11501
11502
11504
11506
11509
11511
11512
11513
11514
11516
11517
11522
11523
11524
11525
11527
11528
11529
11531
11532
11533
11535
11537
11538
11540
11543
11546
11548
11549
11550
11552
11553
11554
11555
11557
11561
11563
11564
11566
11567
11568
11569
11572
11573
11574
11576
11577
11579
11580
11583
11585
11586
11587
11590
11592
11596
11598
11599
11600
11602
11603
11605
11609
11610
11613
11615
11617
11618
11619
11620
11621
11622
11625
11627
11628
11629
11633
11634
11635
11639
11640
11641
11642
11643
11645
11651
11652
11653
11654
11655
11656
11657
11658
11659
11661
11663
11664
11667
11668
11669
11672
11677
11678
11679
11680
11683
11687
11689
11690
11691
11692
11693
11694
11696
11697
11698
11699
11700
11701
11702
11703
11705
11707
11708
11712
11715
11716
11717
11718
11719
11720
11721
11723
11724
11725
11727
11729
11731
11736
11737
11739
11744
11745
11746
11747
11748
11750
11751
11754
11756
11758
11759
11764
11766
11767
11770
11772
11773
11774
11777
11778
11779
11780
11782
11783
11784
11785
11786
11788
11790
11791
11792
11794
11795
11796
11797
11799
11800
11801
11802
11804
11805
11807
11808
11809
11810
11811
11813
11814
11815
11816
11817
11818
11819
11821
11822
11825
11827
11828
11829
11831
11832
11833
11834
11835
11839
11840
11842
11844
11845
11846
11848
11851
11852
11853
11855
11857
11861
11862
11864
11865
11866
11869
11870
11872
11874
11875
11876
11878
11879
11880
11881
11884
11885
11886
11887
11888
11889
11890
11891
11892
11893
11894
11895
11896
11902
11903
11905
11908
11910
11911
11912
11913
11914
11919
11920
11921
11923
11924
11927
11928
11929
11930
11933
11937
11938
11939
11941
11942
11943
11944
11945
11946
11947
11950
11951
11952
11954
11955
11956
11958
11960
11961
11962
11965
11966
11968
11969
11970
11971
11972
11974
11975
11978
11982
11983
11984
11988
11990
11991
11992
11993
11994
11995
11996
11998
11999
12000
12001
12002
12004
12006
12010
12011
12013
12014
12015
12017
12021
12022
12024
12025
12026
12027
12030
12031
12032
12033
12034
12035
12037
12039
12041
12044
12046
12047
12048
12050
12052
12053
12056
12057
12059
12060
12061
12062
12065
12066
12067
12068
12069
12070
12073
12075
12076
12077
12078
12079
12083
12084
12085
12088
12089
12091
12092
12093
12095
12096
12098
12100
12103
12104
12105
12106
12108
12109
12112
12116
12117
12118
12120
12121
12122
12124
12125
12126
12128
12129
12130
12131
12134
12135
12136
12137
12140
12141
12142
12144
12145
12148
12149
12150
12151
12152
12154
12155
12156
12157
12158
12159
12163
12168
12169
12172
12174
12175
12176
12177
12178
12180
12183
12186
12188
12189
12190
12193
12194
12195
12196
12197
12198
12199
12200
12202
12203
12205
12206
12207
12209
12210
12215
12219
12220
12222
12223
12225
12226
12227
12228
12229
12230
12231
12232
12233
12234
12235
12236
12238
12239
12241
12244
12246
12247
12248
12249
12250
12252
12253
12254
12257
12258
12259
12260
12261
12262
12263
12266
12269
12271
12274
12277
12278
12279
12281
12282
12283
12285
12286
12287
12291
12292
12293
12296
12297
12298
12299
12301
12304
12306
12307
12308
12310
12311
12312
12313
12314
12315
12317
12320
12321
12322
12323
12325
12326
12329
12331
12332
12333
12335
12336
12339
12342
12345
12346
12347
12348
12350
12351
12355
12356
12360
12361
12363
12364
12365
12366
12367
12368
12373
12375
12376
12378
12379
12381
12383
12386
12387
12389
12390
12391
12392
12395
12396
12397
12398
12399
12401
12402
12403
12404
12405
12406
12407
12410
12412
12414
12415
12417
12418
12419
12420
12421
12422
12426
12427
12429
12431
12432
12433
12436
12439
12441
12442
12444
12447
12448
12449
12450
12451
12452
12453
12454
12456
12458
12459
12460
12461
12463
12465
12466
12467
12468
12470
12471
12472
12474
12476
12477
12478
12481
12482
12483
12484
12485
12488
12489
12490
12492
12495
12497
12500
12501
12502
12503
12506
12507
12509
12510
12511
12513
12514
12515
12517
12519
12521
12523
12525
12526
12528
12529
12531
12533
12534
12535
12537
12539
12540
12541
12542
12543
12547
12549
12551
12552
12553
12554
12555
12557
12558
12561
12562
12563
12566
12567
12568
12570
12571
12572
12573
12576
12578
12585
12586
12587
12588
12590
12591
12593
12594
12597
12598
12601
12603
12607
12610
12611
12612
12613
12614
12615
12617
12618
12620
12622
12625
12627
12630
12634
12635
12636
12638
12639
12640
12641
12642
12643
12644
12646
12647
12650
12651
12652
12653
12654
12655
12656
12659
12661
12663
12664
12665
12666
12668
12669
12673
12674
12675
12676
12679
12680
12681
12682
12683
12688
12689
12694
12696
12698
12701
12702
12704
12705
12706
12708
12711
12712
12713
12715
12717
12718
12720
12721
12723
12726
12727
12728
12731
12732
12733
12734
12735
12737
12738
12739
12740
12743
12744
12747
12748
12750
12751
12752
12753
12754
12757
12758
12760
12761
12768
12769
12770
12771
12772
12773
12775
12777
12778
12779
12780
12781
12782
12784
12786
12787
12790
12791
12792
12793
12794
12795
12797
12798
12799
12802
12803
12804
12805
12806
12807
12808
12809
12816
12817
12822
12823
12826
12828
12829
12830
12832
12833
12834
12837
12838
12840
12841
12844
12845
12846
12848
12849
12850
12851
12852
12854
12856
12857
12858
12859
12861
12862
12863
12864
12865
12868
12870
12871
12872
12874
12878
12879
12882
12884
12888
12891
12892
12893
12894
12895
12896
12897
12899
12904
12906
12908
12909
12910
12911
12913
12914
12915
12917
12918
12919
12920
12922
12923
12924
12925
12928
12929
12930
12931
12932
12933
12934
12935
12937
12939
12941
12943
12944
12945
12946
12948
12949
12951
12954
12955
12957
12959
12960
12961
12962
12963
12964
12965
12967
12968
12970
12971
12974
12976
12977
12978
12980
12981
12982
12983
12985
12987
12988
12989
12990
12991
12993
12995
12996
12997
12998
12999
13000
13001
13002
13003
13004
13005
13006
13007
13009
13010
13011
13014
13015
13016
13017
13018
13019
13021
13022
13024
13028
13029
13030
13031
13033
13035
13037
13038
13040
13041
13043
13044
13045
13046
13047
13048
13051
13053
13057
13059
13060
13061
13062
13063
13064
13065
13068
13071
13072
13074
13075
13077
13082
13084
13085
13086
13087
13088
13090
13091
13092
13093
13094
13095
13096
13097
13099
13100
13101
13106
13108
13109
13110
13113
13114
13116
13117
13120
13121
13122
13125
13126
13127
13128
13130
13136
13138
13139
13140
13142
13143
13144
13145
13147
13148
13150
13154
13156
13157
13158
13159
13161
13164
13168
13170
13173
13176
13177
13178
13179
13180
13181
13184
13185
13187
13188
13190
13191
13193
13194
13195
13196
13197
13202
13205
13207
13208
13210
13211
13212
13214
13219
13222
13224
13226
13227
13228
13229
13230
13232
13233
13234
13235
13236
13237
13238
13239
13240
13241
13244
13245
13249
13250
13253
13254
13255
13260
13261
13262
13263
13264
13265
13266
13267
13270
13271
13272
13273
13276
13280
13281
13282
13283
13285
13290
13292
13293
13295
13299
13302
13305
13306
13307
13308
13309
13311
13312
13315
13316
13317
13318
13319
13320
13322
13324
13325
13326
13328
13329
13330
13331
13333
13336
13337
13338
13339
13340
13343
13346
13348
13349
13352
13355
13357
13358
13362
13363
13364
13366
13367
13368
13370
13371
13372
13373
13375
13376
13377
13378
13379
13380
13383
13386
13388
13389
13392
13395
13398
13399
13400
13402
13406
13407
13408
13409
13410
13411
13412
13413
13414
13416
13418
13419
13421
13422
13423
13424
13427
13428
13429
13430
13432
13433
13434
13435
13437
13438
13439
13441
13443
13445
13446
13447
13449
13450
13452
13453
13454
13455
13456
13457
13458
13459
13462
13464
13468
13469
13471
13474
13477
13479
13480
13481
13482
13483
13484
13485
13486
13487
13491
13492
13493
13494
13495
13496
13498
13499
13501
13502
13508
13511
13512
13513
13514
13515
13518
13519
13520
13522
13523
13527
13528
13529
13530
13531
13534
13535
13538
13539
13542
13543
13544
13546
13548
13549
13550
13553
13554
13555
13556
13557
13558
13561
13562
13563
13564
13565
13567
13569
13570
13571
13576
13578
13579
13580
13581
13583
13590
13591
13592
13593
13595
13600
13602
13604
13607
13608
13609
13610
13613
13614
13615
13616
13618
13620
13621
13624
13625
13626
13627
13628
13630
13631
13632
13633
13634
13635
13639
13640
13643
13644
13647
13648
13649
13650
13653
13654
13657
13658
13660
13661
13662
13665
13666
13668
13669
13671
13672
13673
13674
13675
13676
13677
13680
13681
13684
13686
13687
13689
13693
13695
13696
13697
13698
13699
13701
13702
13704
13706
13708
13710
13712
13713
13714
13716
13717
13718
13719
13721
13722
13726
13727
13728
13729
13730
13731
13732
13733
13736
13742
13743
13747
13748
13749
13750
13751
13752
13753
13758
13759
13760
13761
13762
13764
13767
13769
13770
13771
13772
13775
13776
13778
13780
13781
13783
13784
13785
13789
13791
13792
13793
13795
13799
13801
13805
13806
13809
13810
13813
13817
13818
13819
13820
13822
13823
13824
13827
13830
13831
13832
13833
13834
13838
13840
13841
13842
13843
13845
13846
13847
13849
13851
13852
13853
13855
13856
13860
13861
13864
13865
13866
13868
13870
13872
13873
13874
13875
13876
13878
13879
13880
13881
13885
13889
13890
13891
13892
13893
13895
13898
13899
13900
13901
13902
13905
13906
13907
13908
13909
13910
13911
13912
13914
13915
13918
13920
13921
13924
13926
13927
13928
13932
13934
13935
13936
13938
13940
13942
13944
13945
13948
13949
13954
13955
13959
13962
13964
13966
13968
13969
13970
13972
13974
13976
13977
13983
13984
13985
13987
13988
13989
13990
13991
13993
13995
13996
13999
14000
14002
14004
14005
14006
14008
14009
14010
14012
14014
14016
14018
14019
14020
14022
14023
14025
14026
14028
14029
14034
14036
14037
14038
14040
14041
14042
14043
14046
14047
14050
14053
14054
14055
14058
14060
14061
14063
14064
14066
14072
14073
14074
14075
14078
14079
14081
14083
14084
14085
14086
14088
14089
14090
14091
14092
14093
14094
14095
14100
14103
14107
14108
14109
14110
14111
14114
14115
14120
14121
14124
14129
14130
14131
14133
14134
14135
14136
14137
14138
14141
14142
14143
14144
14147
14149
14151
14154
14155
14156
14157
14159
14162
14163
14164
14166
14167
14168
14170
14171
14172
14173
14174
14175
14179
14180
14181
14183
14184
14185
14188
14190
14191
14192
14193
14194
14195
14201
14202
14203
14204
14205
14207
14208
14209
14211
14212
14213
14215
14217
14218
14221
14223
14225
14226
14227
14228
14229
14230
14231
14234
14235
14237
14238
14241
14245
14246
14247
14249
14250
14255
14257
14260
14262
14263
14264
14265
14268
14269
14270
14271
14272
14273
14276
14279
14283
14284
14287
14289
14290
14293
14294
14296
14299
14300
14302
14307
14311
14313
14314
14315
14318
14320
14321
14322
14325
14326
14328
14330
14331
14333
14334
14336
14338
14340
14341
14342
14344
14345
14346
14348
14351
14352
14355
14356
14358
14359
14362
14363
14365
14367
14369
14372
14375
14377
14378
14381
14382
14387
14388
14389
14390
14392
14393
14394
14396
14397
14399
14400
14403
14405
14406
14408
14410
14412
14413
14417
14418
14419
14420
14421
14422
14426
14428
14430
14431
14432
14435
14437
14442
14443
14444
14446
14447
14448
14450
14453
14454
14455
14456
14457
14458
14459
14460
14461
14463
14464
14466
14467
14469
14470
14471
14472
14475
14476
14477
14478
14479
14480
14481
14482
14484
14486
14488
14490
14493
14495
14496
14497
14498
14499
14500
14501
14506
14507
14513
14514
14517
14518
14519
14520
14527
14529
14533
14534
14536
14537
14539
14540
14541
14542
14543
14546
14549
14552
14554
14555
14557
14558
14560
14561
14563
14570
14571
14572
14573
14575
14581
14583
14585
14586
14588
14589
14590
14593
14597
14599
14600
14601
14603
14606
14607
14608
14609
14611
14612
14613
14615
14616
14617
14619
14620
14622
14627
14628
14631
14634
14635
14636
14639
14642
14643
14645
14647
14649
14652
14656
14657
14658
14661
14663
14664
14665
14670
14672
14673
14674
14677
14679
14680
14681
14687
14688
14689
14691
14693
14697
14698
14700
14701
14703
14704
14706
14707
14708
14709
14710
14711
14712
14713
14714
14718
14722
14730
14731
14732
14733
14735
14737
14739
14741
14742
14743
14744
14745
14748
14749
14752
14753
14756
14759
14760
14761
14762
14763
14765
14767
14768
14770
14772
14773
14774
14775
14777
14778
14780
14782
14786
14788
14789
14790
14791
14792
14795
14799
14800
14801
14803
14804
14807
14808
14810
14811
14813
14815
14817
14818
14819
14820
14821
14825
14827
14828
14829
14830
14832
14833
14834
14835
14836
14838
14840
14841
14845
14848
14849
14850
14852
14853
14855
14856
14857
14858
14859
14862
14863
14864
14865
14867
14868
14870
14871
14873
14880
14882
14884
14885
14886
14887
14889
14890
14891
14892
14895
14896
14898
14899
14903
14904
14908
14909
14910
14911
14912
14913
14915
14917
14920
14921
14922
14924
14926
14929
14930
14931
14935
14936
14937
14938
14939
14940
14941
14942
14943
14944
14946
14947
14949
14951
14952
14954
14955
14958
14959
14960
14961
14963
14965
14967
14970
14971
14972
14973
14977
14979
14981
14982
14984
14986
14987
14988
14989
14991
14992
14995
14996
14999
15001
15003
15005
15006
15011
15014
15015
15016
15017
15018
15019
15020
15023
15024
15025
15028
15029
15030
15031
15036
15038
15039
15041
15043
15046
15047
15048
15049
15053
15055
15056
15057
15058
15059
15060
15062
15065
15067
15069
15070
15074
15075
15076
15077
15078
15081
15083
15085
15087
15088
15089
15090
15092
15095
15097
15098
15099
15103
15105
15106
15107
15108
15110
15113
15117
15119
15120
15121
15122
15123
15125
15126
15127
15128
15130
15131
15133
15137
15139
15142
15143
15144
15147
15152
15153
15156
15158
15161
15163
15164
15166
15167
15168
15170
15171
15172
15173
15174
15175
15177
15181
15183
15187
15190
15191
15192
15193
15194
15196
15199
15200
15201
15202
15203
15204
15205
15207
15209
15210
15212
15214
15217
15218
15220
15222
15225
15226
15227
15228
15230
15232
15234
15235
15238
15239
15240
15241
15243
15244
15245
15246
15247
15250
15251
15252
15254
15256
15257
15260
15261
15262
15264
15265
15268
15271
15272
15275
15277
15278
15279
15281
15282
15285
15286
15288
15291
15292
15293
15296
15302
15303
15305
15306
15308
15310
15314
15315
15317
15322
15323
15324
15325
15326
15327
15328
15330
15331
15333
15335
15336
15338
15339
15340
15341
15346
15348
15350
15352
15354
15358
15361
15363
15364
15366
15367
15374
15375
15377
15380
15383
15388
15390
15391
15393
15394
15395
15396
15397
15402
15403
15405
15410
15414
15416
15417
15418
15420
15424
15425
15426
15429
15432
15433
15436
15437
15439
15440
15443
15444
15445
15448
15449
15450
15451
15458
15463
15464
15465
15468
15470
15471
15477
15481
15482
15484
15485
15486
15487
15491
15492
15493
15494
15496
15498
15499
15501
15503
15505
15506
15513
15514
15515
15516
15518
15519
15521
15522
15524
15526
15527
15528
15529
15530
15531
15532
15533
15535
15537
15540
15541
15542
15544
15545
15547
15549
15550
15553
15554
15555
15556
15560
15561
15563
15565
15572
15573
15575
15578
15579
15580
15582
15588
15589
15591
15592
15596
15597
15598
15599
15601
15603
15607
15608
15610
15612
15613
15614
15617
15620
15624
15625
15626
15628
15629
15630
15631
15632
15633
15634
15636
15637
15641
15644
15647
15648
15649
15653
15654
15659
15663
15664
15666
15669
15670
15673
15675
15676
15678
15679
15680
15681
15683
15686
15687
15693
15694
15695
15699
15700
15703
15705
15706
15707
15711
15714
15715
15716
15717
15721
15722
15724
15725
15728
15729
15731
15732
15733
15734
15735
15738
15739
15740
15742
15745
15746
15747
15749
15750
15751
15752
15753
15754
15756
15761
15765
15766
15767
15768
15769
15771
15774
15775
15777
15780
15782
15783
15784
15786
15787
15788
15793
15797
15798
15803
15804
15806
15808
15809
15810
15811
15813
15817
15818
15822
15823
15824
15828
15829
15832
15833
15836
15837
15838
15840
15844
15848
15849
15852
15855
15856
15859
15860
15861
15865
15866
15867
15873
15874
15875
15878
15879
15881
15883
15885
15886
15888
15892
15893
15894
15895
15896
15898
15899
15900
15903
15904
15909
15911
15912
15915
15917
15919
15920
15921
15922
15923
15926
15927
15930
15934
15936
15941
15944
15946
15948
15949
15950
15951
15955
15957
15958
15959
15960
15961
15963
15965
15966
15970
15974
15977
15979
15981
15982
15987
15988
15990
15995
15996
15997
15999
16002
16004
16005
16006
16007
16009
16011
16012
16013
16014
16015
16017
16018
16020
16021
16022
16023
16025
16027
16030
16031
16032
16035
16036
16037
16039
16041
16043
16044
16045
16047
16048
16050
16051
16052
16053
16057
16058
16060
16061
16062
16063
16064
16066
16067
16068
16069
16070
16076
16078
16080
16082
16086
16087
16088
16091
16092
16093
16094
16096
16097
16099
16100
16101
16102
16105
16106
16107
16109
16111
16113
16114
16115
16118
16120
16126
16127
16129
16130
16131
16133
16134
16136
16137
16138
16139
16140
16142
16143
16144
16146
16149
16152
16153
16155
16157
16161
16162
16164
16165
16166
16167
16168
16169
16170
16171
16172
16173
16174
16175
16178
16179
16181
16182
16185
16186
16187
16188
16190
16194
16195
16197
16198
16200
16201
16202
16204
16205
16207
16208
16209
16210
16213
16214
16215
16218
16219
16222
16224
16225
16228
16229
16230
16231
16232
16233
16234
16235
16238
16239
16240
16242
16244
16245
16246
16248
16249
16250
16251
16253
16256
16262
16263
16266
16267
16275
16277
16278
16279
16280
16282
16283
16284
16288
16289
16290
16291
16296
16297
16298
16300
16301
16303
16305
16306
16307
16308
16310
16311
16315
16317
16319
16323
16324
16327
16328
16329
16330
16331
16332
16334
16335
16337
16338
16340
16343
16344
16346
16348
16350
16352
16353
16354
16355
16357
16359
16360
16361
16362
16363
16366
16367
16375
16376
16382
16383
16384
16387
16388
16389
16392
16393
16395
16398
16399
16400
16402
16403
16405
16408
16409
16410
16411
16413
16415
16416
16417
16419
16421
16422
16423
16427
16429
16430
16431
16432
16433
16434
16439
16440
16441
16443
16444
16448
16450
16451
16453
16454
16455
16456
16457
16463
16465
16466
16467
16468
16470
16472
16473
16474
16475
16476
16484
16485
16488
16489
16491
16494
16496
16498
16501
16503
16504
16505
16506
16508
16509
16511
16512
16513
16515
16517
16519
16521
16522
16525
16526
16530
16531
16532
16534
16536
16538
16539
16540
16541
16542
16543
16545
16547
16548
16549
16553
16556
16561
16563
16568
16569
16570
16573
16576
16577
16579
16580
16583
16585
16586
16587
16589
16592
16594
16599
16600
16602
16603
16604
16605
16609
16610
16612
16613
16614
16615
16617
16618
16619
16620
16621
16623
16627
16628
16629
16632
16633
16635
16637
16638
16639
16640
16643
16645
16646
16648
16651
16656
16657
16659
16661
16663
16665
16666
16670
16672
16673
16675
16676
16677
16679
16681
16682
16684
16686
16687
16688
16689
16693
16695
16696
16697
16698
16699
16701
16702
16706
16708
16709
16710
16712
16713
16716
16718
16719
16722
16723
16724
16725
16727
16728
16731
16732
16735
16737
16738
16739
16741
16742
16743
16744
16746
16747
16748
16751
16753
16757
16760
16762
16763
16765
16766
16770
16771
16778
16779
16781
16784
16785
16786
16788
16789
16792
16796
16802
16806
16807
16808
16810
16812
16814
16817
16818
16819
16820
16821
16827
16829
16832
16834
16842
16845
16847
16849
16850
16852
16855
16856
16857
16860
16863
16864
16865
16866
16867
16868
16870
16872
16873
16876
16878
16879
16880
16881
16883
16884
16887
16888
16889
16891
16892
16893
16894
16897
16898
16900
16902
16903
16905
16908
16909
16910
16911
16913
16915
16916
16917
16918
16920
16922
16923
16925
16926
16929
16932
16933
16935
16936
16937
16940
16941
16943
16944
16950
16952
16953
16954
16957
16958
16959
16960
16961
16964
16966
16970
16973
16974
16976
16980
16981
16982
16983
16988
16990
16993
16998
16999
17000
17002
17003
17005
17008
17009
17011
17016
17017
17018
17019
17020
17022
17023
17024
17027
17030
17031
17032
17034
17039
17040
17041
17043
17044
17045
17049
17051
17052
17053
17055
17057
17058
17060
17061
17064
17065
17066
17068
17070
17071
17072
17075
17076
17077
17079
17081
17082
17083
17086
17087
17088
17089
17090
17091
17093
17094
17097
17098
17099
17101
17102
17106
17107
17109
17113
17114
17119
17120
17125
17127
17128
17129
17131
17132
17133
17134
17136
17139
17140
17141
17146
17148
17149
17151
17153
17154
17157
17158
17159
17160
17162
17163
17165
17166
17168
17169
17171
17173
17175
17177
17180
17181
17185
17187
17188
17191
17192
17193
17198
17199
17200
17203
17204
17205
17206
17207
17208
17210
17211
17216
17219
17220
17221
17223
17225
17227
17228
17230
17232
17234
17235
17236
17238
17239
17240
17241
17242
17243
17244
17245
17246
17248
17249
17251
17254
17257
17258
17264
17265
17266
17267
17270
17271
17272
17273
17275
17278
17280
17281
17282
17283
17285
17287
17288
17289
17290
17291
17292
17295
17296
17297
17298
17299
17300
17302
17304
17305
17306
17310
17311
17312
17313
17315
17318
17321
17323
17324
17325
17326
17328
17330
17332
17333
17338
17345
17346
17349
17350
17352
17353
17354
17355
17356
17357
17358
17360
17364
17367
17368
17374
17378
17381
17383
17384
17385
17386
17388
17389
17393
17394
17397
17399
17404
17407
17413
17414
17415
17416
17417
17419
17422
17423
17424
17425
17429
17430
17432
17434
17435
17437
17439
17440
17441
17443
17444
17447
17448
17452
17453
17454
17457
17458
17465
17466
17467
17469
17471
17474
17475
17480
17481
17485
17487
17488
17489
17491
17492
17494
17495
17496
17498
17500
17501
17502
17503
17504
17506
17507
17508
17509
17511
17513
17514
17515
17516
17517
17521
17528
17529
17530
17531
17533
17539
17540
17541
17548
17551
17553
17554
17556
17557
17558
17560
17561
17563
17564
17567
17568
17575
17576
17577
17578
17583
17584
17587
17588
17589
17591
17592
17593
17597
17598
17599
17601
17602
17603
17604
17605
17606
17610
17614
17615
17616
17617
17621
17622
17625
17626
17628
17629
17631
17633
17634
17637
17638
17639
17640
17642
17645
17646
17648
17651
17653
17658
17661
17666
17668
17669
17670
17671
17672
17675
17676
17677
17680
17683
17685
17686
17688
17689
17690
17691
17692
17693
17695
17697
17699
17702
17703
17704
17705
17706
17708
17710
17711
17714
17722
17723
17724
17726
17727
17732
17733
17735
17736
17737
17739
17740
17742
17743
17744
17745
17749
17750
17754
17756
17757
17758
17759
17761
17762
17763
17765
17770
17771
17773
17774
17775
17776
17779
17782
17783
17786
17787
17789
17790
17791
17793
17796
17798
17799
17800
17801
17802
17803
17807
17810
17812
17814
17820
17821
17822
17825
17826
17827
17828
17829
17831
17832
17833
17834
17835
17836
17845
17850
17851
17852
17853
17855
17856
17859
17860
17863
17865
17866
17869
17872
17873
17877
17881
17882
17883
17886
17887
17888
17892
17893
17896
17898
17904
17907
17911
17912
17914
17916
17918
17921
17922
17923
17925
17926
17927
17928
17929
17931
17933
17934
17935
17936
17940
17942
17943
17950
17951
17952
17954
17955
17956
17957
17958
17959
17960
17961
17964
17967
17968
17969
17971
17973
17974
17975
17978
17981
17982
17983
17984
17985
17986
17987
17991
17997
17998
18000
18001
18003
18004
18005
18007
18009
18013
18016
18018
18020
18021
18022
18023
18027
18032
18034
18035
18036
18037
18038
18039
18040
18041
18042
18043
18046
18047
18048
18049
18050
18052
18053
18057
18058
18060
18066
18068
18069
18072
18073
18074
18075
18076
18077
18080
18081
18082
18085
18086
18087
18088
18089
18090
18091
18092
18094
18095
18097
18098
18099
18100
18101
18103
18106
18108
18110
18114
18115
18116
18117
18120
18124
18126
18131
18133
18134
18136
18137
18138
18139
18140
18141
18142
18143
18144
18145
18146
18147
18149
18150
18151
18155
18156
18157
18158
18163
18164
18165
18167
18168
18169
18171
18172
18173
18175
18176
18177
18178
18183
18184
18185
18187
18188
18189
18193
18194
18196
18197
18198
18200
18202
18203
18204
18206
18207
18209
18211
18212
18213
18214
18216
18217
18218
18220
18222
18223
18229
18231
18232
18234
18235
18236
18237
18238
18239
18240
18241
18243
18244
18247
18248
18251
18252
18253
18255
18259
18262
18264
18266
18269
18270
18271
18274
18278
18279
18282
18283
18284
18287
18289
18290
18291
18293
18294
18295
18296
18297
18301
18303
18305
18306
18307
18309
18310
18314
18318
18320
18322
18324
18329
18330
18331
18333
18334
18335
18337
18339
18340
18344
18348
18349
18350
18352
18354
18356
18358
18365
18368
18369
18372
18373
18374
18375
18377
18378
18379
18382
18384
18385
18387
18388
18391
18392
18393
18394
18395
18396
18397
18398
18400
18402
18403
18404
18409
18411
18412
18414
18418
18419
18420
18421
18422
18423
18424
18427
18428
18430
18431
18432
18433
18436
18439
18444
18447
18448
18450
18451
18452
18453
18456
18457
18458
18459
18460
18461
18463
18464
18465
18467
18468
18469
18470
18471
18473
18475
18476
18477
18478
18480
18483
18484
18486
18489
18494
18496
18498
18499
18500
18502
18503
18504
18505
18506
18507
18508
18509
18511
18513
18514
18516
18517
18518
18520
18522
18523
18524
18526
18527
18533
18535
18537
18538
18539
18541
18542
18546
18547
18548
18549
18550
18553
18554
18555
18556
18557
18558
18559
18561
18563
18565
18567
18569
18570
18571
18574
18575
18576
18578
18579
18581
18585
18591
18592
18593
18597
18599
18600
18603
18606
18608
18609
18610
18616
18617
18618
18622
18623
18624
18626
18627
18631
18632
18637
18639
18640
18641
18642
18645
18646
18647
18650
18652
18653
18654
18655
18656
18657
18659
18660
18662
18664
18666
18669
18670
18671
18674
18675
18676
18677
18678
18679
18682
18684
18687
18691
18692
18693
18694
18698
18699
18701
18702
18704
18705
18706
18707
18709
18712
18715
18716
18717
18718
18720
18721
18722
18723
18724
18725
18726
18727
18728
18729
18730
18731
18732
18734
18735
18737
18739
18740
18741
18744
18748
18749
18752
18756
18758
18760
18763
18764
18765
18766
18767
18768
18770
18771
18773
18774
18775
18778
18783
18785
18786
18788
18791
18792
18794
18795
18798
18801
18802
18804
18805
18806
18808
18809
18810
18815
18816
18818
18819
18820
18822
18830
18831
18833
18835
18836
18839
18840
18843
18844
18845
18849
18850
18856
18858
18861
18862
18863
18864
18865
18866
18867
18868
18869
18870
18871
18875
18877
18878
18880
18881
18882
18884
18889
18896
18897
18898
18899
18900
18905
18906
18908
18909
18910
18911
18912
18913
18915
18918
18919
18921
18922
18925
18931
18933
18935
18936
18937
18939
18944
18945
18946
18953
18954
18955
18957
18961
18963
18964
18966
18967
18970
18972
18973
18974
18978
18979
18980
18982
18984
18985
18986
18987
18988
18989
18990
18991
18992
18995
19002
19003
19008
19009
19012
19013
19014
19015
19017
19018
19019
19020
19022
19024
19025
19026
19029
19033
19034
19035
19036
19037
19039
19040
19041
19042
19043
19044
19047
19048
19049
19051
19052
19053
19055
19057
19058
19059
19060
19061
19062
19065
19066
19068
19069
19070
19072
19074
19077
19079
19080
19083
19084
19087
19088
19090
19094
19095
19096
19097
19099
19100
19101
19103
19104
19106
19107
19108
19117
19119
19121
19122
19123
19124
19128
19132
19133
19137
19138
19139
19140
19141
19142
19144
19145
19146
19147
19148
19149
19150
19151
19153
19154
19157
19158
19159
19162
19163
19166
19167
19168
19169
19170
19171
19174
19176
19177
19178
19181
19182
19183
19186
19188
19190
19191
19192
19194
19195
19196
19200
19204
19207
19213
19214
19215
19217
19220
19221
19222
19223
19227
19228
19231
19232
19233
19234
19235
19237
19241
19242
19245
19246
19248
19249
19251
19252
19253
19254
19256
19257
19261
19262
19263
19264
19265
19269
19270
19274
19276
19278
19280
19283
19286
19288
19290
19292
19297
19299
19301
19306
19308
19312
19315
19317
19319
19320
19321
19322
19324
19329
19332
19333
19334
19335
19337
19338
19340
19342
19343
19344
19345
19347
19349
19350
19352
19353
19354
19356
19357
19361
19363
19366
19367
19368
19371
19375
19376
19377
19379
19381
19382
19383
19386
19389
19392
19394
19395
19396
19397
19398
19403
19404
19405
19406
19407
19408
19411
19417
19418
19420
19421
19423
19425
19426
19427
19428
19431
19432
19434
19435
19436
19438
19440
19441
19442
19446
19447
19448
19449
19451
19454
19457
19458
19459
19460
19461
19462
19466
19468
19471
19478
19480
19481
19482
19484
19487
19488
19489
19492
19493
19494
19495
19499
19500
19501
19502
19503
19505
19506
19507
19509
19510
19512
19513
19514
19515
19516
19518
19524
19525
19528
19529
19530
19531
19533
19535
19537
19539
19540
19543
19545
19548
19549
19552
19553
19556
19557
19558
19559
19560
19561
19562
19565
19566
19568
19569
19572
19573
19574
19576
19577
19579
19581
19582
19586
19588
19591
19592
19594
19595
19597
19598
19601
19604
19605
19606
19611
19613
19618
19620
19621
19622
19623
19628
19629
19631
19633
19634
19640
19643
19646
19647
19649
19653
19654
19662
19663
19664
19667
19668
19669
19670
19671
19672
19674
19675
19678
19680
19681
19684
19686
19691
19692
19694
19695
19697
19698
19699
19700
19704
19705
19706
19707
19708
19710
19711
19712
19715
19716
19717
19719
19720
19722
19724
19729
19730
19735
19736
19742
19743
19744
19749
19750
19752
19753
19760
19763
19769
19772
19773
19775
19781
19782
19784
19785
19786
19787
19788
19789
19792
19793
19796
19797
19799
19800
19802
19803
19806
19808
19811
19812
19813
19814
19815
19816
19818
19820
19822
19823
19825
19826
19830
19835
19837
19839
19841
19843
19845
19847
19848
19849
19850
19851
19855
19856
19857
19860
19861
19865
19866
19868
19871
19872
19874
19875
19878
19879
19882
19883
19884
19886
19887
19888
19889
19891
19895
19896
19898
19899
19900
19902
19911
19914
19915
19917
19918
19919
19920
19922
19923
19926
19929
19931
19934
19935
19936
19941
19947
19951
19952
19953
19956
19963
19964
19965
19973
19976
19978
19979
19980
19982
19983
19984
19987
19990
19992
19994
19996
19997
19998
20002
20003
20004
20005
20006
20007
20010
20011
20014
20016
20017
20018
20019
20020
20021
20022
20023
20025
20026
20028
20029
20032
20033
20036
20038
20042
20045
20051
20052
20053
20057
20058
20059
20060
20064
20065
20066
20067
20070
20071
20073
20074
20078
20079
20080
20086
20088
20090
20091
20093
20094
20095
20098
20099
20101
20103
20105
20106
20107
20108
20111
20112
20113
20117
20120
20121
20122
20123
20124
20125
20127
20128
20129
20130
20131
20132
20134
20138
20139
20140
20146
20147
20149
20151
20156
20157
20158
20159
20161
20162
20165
20168
20169
20170
20171
20172
20174
20175
20180
20181
20182
20185
20186
20188
20192
20193
20194
20196
20199
20201
20202
20203
20204
20205
20207
20208
20209
20212
20214
20215
20218
20219
20226
20228
20230
20231
20232
20233
20239
20241
20243
20249
20254
20256
20260
20264
20265
20267
20268
20269
20271
20273
20275
20277
20278
20284
20285
20288
20290
20292
20293
20306
20307
20309
20310
20311
20316
20317
20318
20319
20321
20327
20328
20329
20331
20332
20333
20335
20336
20337
20340
20343
20347
20348
20352
20355
20359
20364
20367
20369
20374
20375
20380
20382
20383
20385
20387
20388
20395
20397
20398
20403
20404
20406
20407
20409
20411
20412
20413
20414
20415
20416
20417
20420
20423
20425
20434
20435
20437
20438
20443
20444
20450
20452
20453
20454
20456
20457
20459
20464
20466
20468
20469
20470
20473
20478
20479
20480
20481
20482
20483
20484
20485
20487
20490
20491
20493
20494
20495
20496
20500
20501
20502
20503
20505
20509
20510
20511
20512
20513
20514
20515
20516
20518
20522
20525
20527
20530
20533
20535
20537
20538
20539
20541
20542
20543
20546
20547
20548
20551
20554
20555
20556
20557
20558
20559
20560
20562
20563
20564
20566
20569
20573
20575
20580
20583
20584
20585
20586
20587
20588
20589
20590
20591
20592
20598
20599
20600
20602
20604
20606
20608
20609
20611
20612
20613
20614
20616
20617
20618
20619
20620
20621
20622
20623
20624
20629
20630
20631
20632
20637
20639
20640
20645
20648
20649
20651
20652
20653
20654
20655
20657
20658
20659
20660
20661
20662
20663
20664
20665
20666
20667
20670
20671
20672
20674
20675
20677
20684
20685
20686
20699
20701
20703
20706
20709
20710
20715
20716
20717
20720
20725
20726
20728
20729
20730
20731
20732
20734
20735
20736
20737
20738
20739
20740
20743
20747
20749
20753
20754
20756
20757
20758
20765
20767
20771
20772
20773
20774
20777
20779
20780
20782
20783
20784
20787
20788
20789
20790
20791
20794
20795
20796
20797
20798
20799
20801
20803
20804
20805
20806
20809
20810
20812
20814
20816
20817
20818
20819
20820
20821
20825
20826
20827
20829
20830
20832
20833
20837
20842
20843
20846
20850
20852
20854
20855
20857
20858
20865
20866
20867
20869
20872
20876
20878
20882
20884
20885
20890
20891
20892
20893
20895
20898
20899
20901
20903
20904
20905
20906
20908
20911
20913
20915
20918
20919
20920
20921
20922
20923
20924
20926
20928
20930
20932
20933
20934
20935
20936
20939
20941
20945
20947
20950
20951
20952
20955
20956
20958
20959
20961
20965
20967
20968
20969
20970
20971
20975
20977
20979
20982
20983
20984
20986
20993
20994
20997
21001
21002
21004
21006
21007
21008
21009
21015
21016
21018
21019
21021
21024
21030
21033
21034
21036
21037
21038
21040
21041
21042
21044
21046
21047
21048
21049
21054
21057
21059
21062
21066
21067
21068
21070
21071
21072
21073
21074
21078
21079
21084
21085
21087
21090
21091
21094
21095
21098
21099
21100
21103
21104
21105
21106
21109
21110
21111
21113
21114
21115
21116
21117
21118
21120
21122
21123
21125
21128
21130
21131
21132
21133
21134
21135
21136
21137
21138
21141
21143
21146
21150
21153
21154
21155
21156
21158
21161
21163
21165
21169
21172
21173
21176
21178
21179
21180
21183
21184
21187
21188
21190
21191
21192
21194
21195
21197
21199
21200
21201
21204
21205
21207
21208
21209
21210
21211
21213
21215
21216
21217
21218
21219
21220
21223
21228
21231
21232
21234
21235
21237
21238
21241
21245
21246
21248
21249
21250
21251
21254
21257
21259
21260
21261
21262
21263
21264
21265
21267
21268
21269
21270
21271
21274
21275
21276
21278
21281
21286
21288
21289
21296
21297
21300
21301
21304
21306
21307
21310
21311
21312
21314
21316
21317
21318
21320
21321
21322
21330
21333
21335
21339
21343
21345
21346
21348
21350
21353
21354
21355
21356
21358
21360
21362
21365
21368
21370
21371
21373
21374
21380
21382
21385
21387
21388
21391
21394
21395
21397
21398
21403
21404
21406
21408
21409
21410
21412
21413
21414
21419
21421
21422
21423
21426
21427
21428
21429
21431
21432
21433
21440
21441
21443
21444
21446
21449
21450
21451
21453
21459
21460
21461
21463
21464
21466
21473
21474
21475
21477
21478
21479
21482
21483
21484
21486
21487
21488
21490
21492
21493
21495
21496
21500
21502
21503
21504
21505
21511
21513
21517
21520
21521
21530
21531
21534
21535
21538
21542
21543
21544
21545
21546
21550
21551
21553
21557
21560
21563
21566
21568
21574
21575
21576
21577
21582
21583
21585
21586
21587
21588
21591
21592
21595
21597
21599
21603
21605
21606
21607
21608
21610
21613
21616
21617
21619
21620
21622
21625
21627
21630
21631
21633
21635
21637
21639
21640
21641
21643
21645
21646
21648
21652
21654
21655
21656
21658
21662
21664
21665
21666
21668
21669
21671
21674
21675
21676
21678
21681
21682
21683
21684
21685
21688
21690
21691
21692
21693
21695
21696
21697
21698
21701
21708
21709
21711
21712
21716
21717
21719
21720
21722
21725
21727
21730
21734
21735
21736
21738
21740
21741
21744
21747
21748
21750
21751
21753
21754
21755
21756
21758
21760
21762
21764
21765
21767
21768
21774
21775
21776
21778
21779
21780
21786
21789
21793
21794
21798
21800
21801
21808
21809
21810
21815
21816
21817
21818
21819
21821
21823
21825
21827
21831
21832
21833
21835
21838
21840
21845
21846
21849
21850
21851
21853
21857
21860
21861
21866
21867
21870
21871
21872
21873
21874
21875
21876
21877
21878
21883
21884
21886
21887
21891
21892
21893
21896
21899
21900
21903
21909
21910
21911
21912
21914
21916
21918
21921
21926
21930
21931
21933
21934
21935
21936
21938
21943
21947
21948
21949
21955
21957
21959
21960
21961
21962
21968
21970
21977
21981
21982
21983
21987
21988
21990
21991
21992
21993
21995
21998
22000
22001
22002
22005
22006
22008
22014
22021
22022
22023
22026
22033
22034
22035
22038
22041
22042
22043
22044
22049
22053
22057
22060
22061
22062
22063
22071
22077
22078
22081
22084
22087
22088
22089
22090
22094
22096
22099
22102
22103
22104
22106
22107
22108
22109
22114
22115
22117
22120
22124
22125
22126
22127
22132
22133
22134
22135
22136
22139
22143
22145
22147
22149
22150
22151
22152
22153
22155
22156
22157
22158
22160
22161
22162
22164
22165
22168
22171
22174
22175
22181
22183
22184
22185
22187
22188
22189
22191
22193
22194
22195
22196
22197
22199
22200
22201
22205
22207
22208
22209
22210
22211
22212
22214
22217
22218
22219
22220
22223
22226
22233
22235
22236
22237
22238
22239
22240
22241
22244
22247
22248
22250
22254
22255
22260
22262
22263
22265
22267
22268
22270
22272
22273
22275
22277
22279
22282
22284
22286
22289
22290
22292
22293
22294
22299
22300
22301
22305
22308
22313
22315
22316
22317
22318
22321
22323
22324
22325
22327
22328
22329
22330
22333
22336
22337
22338
22339
22343
22345
22348
22349
22351
22353
22356
22358
22359
22360
22362
22363
22365
22367
22368
22369
22371
22372
22373
22374
22378
22380
22381
22382
22383
22385
22387
22390
22394
22396
22397
22399
22400
22402
22405
22408
22409
22411
22412
22413
22414
22415
22416
22417
22418
22419
22421
22423
22424
22425
22426
22428
22430
22432
22433
22434
22437
22439
22440
22442
22443
22445
22447
22449
22451
22452
22459
22460
22461
22463
22465
22466
22468
22469
22471
22472
22474
22476
22477
22478
22480
22481
22482
22484
22485
22486
22492
22494
22495
22496
22497
22498
22499
22503
22505
22506
22510
22513
22515
22516
22518
22519
22521
22522
22525
22526
22527
22528
22529
22532
22533
22537
22538
22540
22545
22546
22548
22550
22551
22552
22554
22555
22557
22559
22560
22561
22563
22564
22567
22569
22571
22572
22573
22574
22575
22576
22577
22581
22583
22584
22586
22589
22591
22593
22595
22596
22597
22598
22600
22602
22604
22605
22606
22608
22609
22610
22617
22618
22619
22620
22623
22624
22625
22627
22628
22629
22630
22633
22636
22637
22641
22643
22649
22651
22654
22655
22656
22658
22661
22662
22663
22664
22665
22666
22668
22669
22670
22672
22673
22675
22677
22679
22682
22683
22685
22687
22690
22693
22696
22700
22703
22707
22712
22714
22715
22717
22718
22719
22723
22725
22730
22731
22735
22736
22737
22738
22739
22741
22742
22746
22751
22753
22756
22757
22760
22763
22765
22766
22767
22768
22770
22771
22773
22778
22782
22784
22786
22787
22788
22790
22792
22793
22794
22796
22797
22799
22800
22804
22806
22809
22811
22814
22816
22817
22819
22822
22823
22824
22825
22827
22828
22833
22834
22835
22836
22839
22840
22841
22842
22844
22846
22854
22855
22856
22857
22858
22864
22865
22866
22867
22868
22869
22870
22871
22873
22874
22875
22878
22880
22881
22882
22885
22887
22888
22889
22891
22892
22893
22898
22900
22901
22903
22904
22905
22906
22907
22908
22909
22911
22913
22914
22916
22918
22919
22921
22922
22924
22925
22929
22934
22936
22937
22940
22941
22944
22945
22947
22948
22949
22950
22951
22952
22953
22957
22958
22960
22961
22962
22967
22969
22973
22975
22978
22980
22983
22984
22985
22987
22990
22991
22992
22994
22995
22996
22998
22999
23000
23004
23005
23007
23008
23009
23011
23016
23021
23024
23025
23027
23030
23032
23037
23038
23040
23041
23045
23046
23050
23057
23058
23059
23061
23064
23067
23069
23070
23074
23075
23081
23082
23083
23084
23086
23088
23093
23094
23099
23102
23103
23104
23107
23110
23113
23116
23117
23120
23122
23123
23128
23133
23134
23136
23140
23142
23143
23145
23146
23152
23153
23154
23155
23158
23159
23161
23162
23165
23166
23167
23168
23170
23172
23173
23174
23176
23177
23182
23183
23187
23189
23190
23191
23193
23194
23195
23197
23198
23199
23202
23203
23204
23205
23206
23208
23209
23210
23211
23213
23214
23215
23216
23217
23218
23219
23220
23221
23222
23223
23225
23227
23230
23232
23235
23236
23237
23240
23245
23246
23249
23252
23254
23255
23260
23261
23267
23268
23269
23270
23271
23272
23273
23274
23275
23276
23277
23278
23279
23284
23285
23286
23287
23288
23291
23292
23293
23294
23297
23298
23299
23301
23302
23304
23307
23308
23310
23312
23316
23320
23324
23325
23327
23330
23331
23339
23341
23343
23346
23351
23352
23353
23354
23355
23358
23364
23372
23373
23374
23377
23378
23379
23380
23381
23383
23384
23386
23389
23393
23394
23397
23398
23399
23401
23402
23403
23405
23407
23410
23413
23414
23419
23422
23423
23426
23428
23429
23431
23432
23437
23438
23439
23442
23443
23447
23449
23450
23452
23454
23456
23459
23464
23466
23468
23469
23470
23471
23472
23475
23476
23479
23481
23482
23483
23484
23485
23487
23489
23494
23495
23497
23499
23502
23505
23511
23512
23514
23516
23517
23522
23523
23525
23526
23527
23533
23534
23535
23536
23537
23538
23540
23542
23543
23544
23545
23547
23549
23553
23557
23560
23561
23562
23563
23564
23568
23570
23571
23572
23579
23580
23583
23585
23586
23589
23590
23595
23597
23598
23600
23601
23602
23604
23606
23607
23608
23609
23611
23613
23614
23616
23618
23620
23622
23624
23626
23630
23631
23632
23634
23639
23640
23641
23643
23644
23647
23649
23652
23653
23655
23658
23659
23662
23665
23668
23669
23672
23673
23675
23677
23678
23679
23681
23683
23684
23689
23692
23693
23698
23699
23702
23704
23706
23708
23709
23713
23714
23715
23716
23717
23719
23720
23724
23725
23728
23729
23730
23731
23735
23736
23738
23739
23742
23743
23746
23747
23748
23749
23750
23751
23752
23753
23755
23756
23757
23759
23760
23761
23762
23767
23769
23770
23772
23773
23774
23775
23779
23782
23785
23787
23790
23792
23793
23795
23796
23797
23800
23804
23809
23810
23812
23815
23816
23819
23820
23823
23825
23831
23833
23834
23836
23837
23838
23840
23842
23843
23845
23847
23848
23850
23853
23855
23856
23857
23860
23862
23864
23867
23868
23870
23871
23873
23874
23877
23879
23880
23883
23886
23890
23891
23897
23898
23899
23900
23901
23907
23908
23910
23913
23918
23920
23926
23927
23928
23929
23930
23932
23934
23935
23936
23937
23938
23940
23941
23944
23945
23949
23950
23951
23953
23955
23956
23957
23960
23962
23963
23975
23978
23981
23982
23985
23987
23988
23991
23993
23994
23996
24001
24002
24007
24011
24013
24014
24015
24016
24019
24021
24022
24023
24024
24026
24027
24028
24029
24036
24037
24039
24040
24046
24050
24051
24052
24057
24059
24060
24062
24064
24066
24068
24070
24072
24073
24075
24080
24081
24082
24083
24086
24088
24089
24091
24093
24095
24096
24101
24102
24103
24110
24112
24113
24115
24116
24118
24119
24123
24124
24125
24126
24127
24129
24133
24137
24138
24140
24142
24145
24146
24148
24149
24150
24152
24156
24157
24160
24161
24164
24165
24167
24171
24176
24179
24180
24186
24191
24194
24195
24197
24198
24199
24200
24201
24203
24205
24206
24207
24209
24214
24217
24219
24220
24223
24224
24225
24228
24233
24234
24235
24236
24238
24239
24240
24241
24244
24249
24251
24253
24259
24261
24263
24264
24267
24268
24270
24272
24275
24276
24278
24279
24281
24282
24284
24288
24289
24294
24297
24298
24302
24303
24304
24308
24309
24313
24316
24319
24322
24323
24328
24331
24333
24335
24337
24339
24340
24342
24345
24347
24349
24352
24353
24355
24358
24365
24366
24367
24368
24372
24374
24378
24379
24380
24382
24383
24384
24387
24388
24389
24391
24393
24396
24397
24398
24402
24409
24413
24414
24415
24416
24419
24420
24421
24423
24424
24425
24429
24431
24434
24435
24438
24439
24443
24444
24445
24446
24447
24448
24450
24452
24455
24458
24463
24464
24468
24469
24471
24477
24479
24480
24481
24482
24484
24486
24489
24490
24491
24493
24494
24495
24496
24497
24501
24502
24504
24505
24507
24508
24509
24513
24514
24517
24520
24524
24526
24529
24530
24532
24534
24537
24538
24539
24543
24544
24545
24546
24547
24549
24552
24554
24556
24557
24559
24560
24561
24562
24564
24568
24572
24574
24576
24577
24578
24579
24580
24587
24590
24592
24593
24598
24601
24602
24606
24608
24612
24616
24617
24620
24621
24624
24629
24632
24635
24637
24639
24640
24642
24646
24648
24651
24652
24654
24655
24657
24658
24660
24661
24662
24665
24666
24671
24674
24677
24679
24681
24685
24687
24688
24689
24691
24693
24694
24695
24696
24698
24699
24700
24703
24710
24714
24715
24716
24717
24719
24723
24725
24728
24729
24733
24736
24738
24740
24742
24744
24745
24756
24757
24758
24760
24764
24765
24766
24770
24775
24776
24778
24779
24782
24783
24784
24785
24788
24792
24793
24794
24795
24797
24799
24800
24804
24806
24808
24809
24810
24811
24813
24815
24820
24824
24828
24829
24830
24832
24833
24834
24836
24837
24839
24844
24847
24853
24855
24856
24863
24864
24865
24866
24867
24873
24874
24875
24876
24879
24882
24883
24890
24897
24899
24901
24902
24903
24904
24912
24915
24917
24918
24919
24923
24924
24925
24928
24929
24931
24934
24935
24940
24944
24946
24949
24951
24953
24954
24955
24956
24957
24958
24959
24963
24964
24966
24969
24970
24972
24975
24977
24978
24979
24982
24985
24986
24990
24993
24995
24997
24998
25001
25003
25005
25006
25008
25010
25012
25014
25015
25016
25025
25027
25028
25029
25035
25036
25037
25040
25042
25043
25044
25047
25053
25054
25055
25056
25057
25058
25060
25063
25065
25066
25067
25068
25070
25072
25074
25076
25077
25080
25082
25087
25088
25089
25091
25097
25098
25100
25104
25105
25106
25108
25111
25113
25115
25119
25120
25123
25132
25133
25134
25138
25143
25144
25149
25152
25155
25156
25158
25160
25161
25162
25165
25167
25168
25170
25172
25173
25174
25178
25181
25183
25186
25187
25192
25193
25194
25197
25198
25201
25202
25203
25206
25208
25215
25217
25219
25220
25224
25227
25228
25229
25230
25231
25233
25237
25238
25241
25244
25245
25247
25249
25250
25259
25261
25262
25264
25265
25267
25268
25271
25274
25276
25277
25278
25279
25280
25281
25282
25284
25285
25286
25291
25292
25296
25297
25300
25302
25303
25307
25309
25315
25317
25319
25320
25321
25323
25325
25326
25328
25329
25330
25333
25335
25341
25342
25343
25344
25347
25348
25349
25350
25351
25352
25354
25358
25361
25362
25363
25364
25368
25372
25374
25375
25376
25378
25379
25383
25385
25388
25389
25391
25392
25396
25397
25398
25399
25400
25405
25407
25410
25411
25416
25417
25420
25423
25424
25425
25427
25430
25432
25433
25437
25438
25439
25440
25442
25446
25447
25448
25450
25453
25456
25457
25460
25461
25462
25464
25465
25466
25467
25469
25471
25472
25476
25477
25478
25479
25482
25483
25489
25490
25492
25493
25497
25500
25503
25504
25507
25508
25510
25514
25517
25518
25519
25521
25522
25524
25525
25526
25527
25530
25531
25534
25536
25540
25542
25544
25545
25546
25547
25548
25553
25556
25557
25559
25562
25563
25565
25567
25568
25569
25570
25572
25577
25578
25579
25580
25581
25582
25585
25586
25588
25590
25592
25593
25595
25598
25599
25600
25602
25605
25607
25608
25611
25613
25615
25616
25617
25618
25620
25621
25624
25626
25627
25628
25637
25638
25642
25643
25644
25645
25649
25650
25652
25654
25655
25657
25659
25661
25662
25664
25666
25668
25670
25672
25674
25676
25678
25679
25683
25685
25688
25690
25692
25693
25697
25700
25701
25703
25704
25705
25707
25709
25710
25714
25715
25717
25720
25721
25722
25723
25724
25725
25728
25729
25731
25733
25737
25739
25742
25744
25749
25750
25753
25761
25763
25766
25768
25769
25771
25773
25774
25776
25786
25787
25788
25790
25791
25793
25794
25795
25797
25798
25800
25802
25804
25806
25807
25812
25816
25817
25818
25819
25822
25826
25831
25832
25833
25835
25838
25839
25842
25844
25849
25850
25852
25854
25858
25861
25863
25865
25872
25873
25874
25878
25880
25881
25882
25883
25887
25888
25891
25893
25896
25897
25898
25899
25900
25905
25908
25909
25910
25911
25913
25916
25919
25920
25923
25924
25929
25933
25936
25939
25943
25945
25946
25948
25950
25952
25956
25959
25962
25964
25969
25971
25972
25974
25975
25977
25984
25986
25987
25988
25989
25991
25996
25997
25998
26000
26001
26003
26005
26006
26007
26010
26013
26018
26019
26021
26025
26027
26029
26030
26031
26032
26035
26039
26042
26043
26044
26045
26047
26048
26052
26053
26054
26055
26061
26068
26069
26071
26072
26073
26074
26075
26078
26081
26085
26089
26096
26097
26099
26100
26104
26108
26109
26110
26111
26112
26115
26116
26119
26124
26125
26126
26127
26128
26129
26131
26132
26135
26137
26138
26142
26144
26146
26148
26151
26153
26155
26159
26162
26163
26164
26166
26167
26170
26172
26173
26174
26177
26178
26179
26180
26183
26184
26187
26189
26191
26193
26195
26196
26198
26201
26203
26205
26207
26208
26211
26214
26216
26217
26219
26222
26223
26226
26228
26230
26231
26234
26235
26236
26241
26243
26246
26248
26250
26252
26254
26257
26258
26260
26261
26262
26263
26265
26266
26267
26268
26271
26273
26274
26280
26281
26283
26284
26286
26288
26289
26290
26295
26296
26298
26302
26303
26305
26306
26307
26310
26312
26314
26317
26321
26323
26330
26334
26338
26340
26341
26342
26344
26346
26347
26349
26350
26351
26352
26354
26355
26358
26361
26365
26367
26368
26370
26373
26375
26377
26379
26380
26382
26383
26385
26387
26388
26391
26392
26394
26395
26396
26397
26398
26400
26401
26402
26408
26409
26410
26413
26415
26417
26418
26421
26422
26423
26424
26426
26432
26433
26435
26437
26438
26439
26440
26444
26448
26454
26458
26460
26462
26463
26466
26469
26471
26472
26475
26477
26479
26481
26482
26484
26487
26491
26492
26496
26498
26500
26504
26506
26508
26510
26513
26514
26515
26516
26519
26525
26532
26533
26536
26541
26542
26543
26544
26548
26554
26557
26561
26565
26566
26569
26572
26577
26578
26584
26586
26588
26590
26595
26596
26597
26599
26600
26601
26605
26606
26607
26609
26611
26613
26615
26616
26617
26619
26620
26621
26623
26629
26630
26631
26632
26634
26635
26642
26644
26646
26647
26652
26654
26655
26656
26658
26659
26660
26661
26663
26664
26666
26670
26676
26677
26678
26679
26680
26682
26683
26684
26685
26688
26690
26691
26696
26699
26701
26702
26703
26704
26705
26707
26709
26710
26711
26713
26716
26722
26728
26729
26730
26731
26733
26734
26740
26746
26747
26748
26754
26756
26758
26760
26767
26768
26770
26773
26774
26775
26782
26783
26784
26785
26788
26790
26791
26792
26793
26796
26799
26801
26802
26809
26811
26813
26814
26815
26816
26817
26818
26819
26820
26823
26824
26825
26826
26831
26832
26834
26845
26846
26847
26848
26849
26857
26858
26859
26860
26865
26872
26875
26880
26881
26882
26884
26887
26891
26893
26895
26896
26897
26898
26899
26901
26904
26907
26914
26917
26924
26925
26926
26927
26928
26929
26932
26937
26939
26940
26944
26946
26947
26949
26950
26952
26957
26961
26963
26964
26965
26967
26969
26973
26974
26977
26980
26981
26982
26984
26988
26989
26990
26991
26992
26994
26995
26997
27000
27002
27006
27008
27010
27012
27016
27018
27019
27020
27023
27024
27026
27028
27030
27031
27032
27034
27035
27036
27043
27044
27045
27048
27049
27050
27051
27053
27054
27055
27056
27060
27062
27063
27064
27065
27067
27068
27070
27073
27077
27078
27079
27082
27085
27086
27087
27088
27091
27092
27095
27097
27099
27100
27102
27103
27105
27106
27107
27109
27112
27115
27117
27118
27119
27125
27128
27129
27130
27131
27132
27133
27134
27136
27138
27139
27141
27142
27146
27150
27151
27152
27155
27156
27158
27163
27164
27167
27169
27172
27174
27175
27179
27181
27183
27186
27187
27189
27190
27193
27198
27199
27201
27204
27206
27209
27210
27211
27215
27216
27217
27218
27219
27221
27222
27223
27224
27227
27228
27230
27232
27233
27237
27243
27247
27248
27254
27256
27257
27264
27267
27269
27271
27275
27276
27277
27278
27283
27284
27286
27287
27290
27291
27294
27296
27298
27299
27301
27302
27303
27306
27308
27312
27314
27317
27318
27323
27324
27328
27329
27334
27336
27338
27339
27342
27344
27350
27356
27357
27358
27361
27365
27366
27367
27371
27373
27374
27375
27376
27378
27381
27382
27384
27388
27389
27390
27391
27392
27393
27394
27396
27402
27404
27411
27412
27415
27416
27418
27419
27422
27425
27436
27438
27439
27443
27445
27447
27449
27450
27451
27452
27454
27455
27458
27460
27461
27462
27463
27464
27466
27467
27469
27477
27480
27481
27482
27484
27486
27487
27489
27490
27491
27492
27498
27499
27500
27504
27507
27509
27510
27514
27517
27519
27520
27521
27523
27524
27526
27530
27531
27532
27534
27535
27538
27539
27542
27544
27546
27548
27549
27550
27560
27562
27570
27571
27572
27574
27577
27581
27583
27584
27585
27586
27590
27593
27595
27599
27601
27605
27607
27609
27610
27612
27614
27619
27620
27622
27624
27626
27629
27632
27634
27635
27636
27638
27639
27642
27643
27646
27647
27648
27649
27650
27652
27653
27654
27657
27662
27666
27669
27670
27671
27672
27675
27676
27680
27683
27687
27692
27697
27698
27699
27700
27701
27703
27704
27706
27707
27710
27711
27713
27716
27722
27723
27724
27725
27726
27728
27730
27732
27734
27735
27737
27740
27743
27744
27745
27746
27747
27749
27751
27752
27754
27756
27759
27760
27764
27765
27769
27770
27775
27778
27779
27780
27782
27786
27788
27790
27791
27795
27796
27797
27800
27805
27808
27809
27811
27812
27815
27817
27820
27822
27823
27824
27825
27826
27827
27830
27832
27833
27834
27836
27837
27840
27844
27846
27848
27853
27858
27862
27863
27864
27866
27868
27869
27871
27876
27878
27879
27882
27885
27888
27889
27891
27893
27895
27897
27900
27901
27902
27904
27905
27906
27908
27910
27911
27914
27916
27917
27918
27920
27921
27923
27924
27925
27929
27930
27931
27932
27934
27935
27936
27945
27946
27949
27952
27956
27968
27969
27975
27978
27980
27984
27986
27987
27988
27989
27990
27993
27997
27998
28000
28005
28008
28015
28022
28025
28026
28028
28030
28031
28032
28037
28039
28041
28043
28049
28050
28052
28053
28054
28055
28056
28057
28058
28064
28067
28069
28076
28078
28079
28082
28085
28086
28089
28092
28097
28098
28099
28100
28101
28103
28106
28107
28109
28111
28113
28115
28116
28118
28121
28122
28124
28139
28140
28141
28142
28144
28147
28148
28149
28151
28152
28154
28155
28158
28163
28169
28170
28173
28174
28176
28177
28178
28180
28183
28184
28186
28187
28188
28189
28192
28193
28198
28201
28203
28206
28208
28209
28220
28222
28225
28226
28227
28228
28229
28231
28232
28238
28240
28241
28244
28245
28246
28247
28248
28249
28250
28253
28256
28259
28260
28261
28262
28263
28266
28267
28268
28270
28278
28279
28280
28282
28286
28288
28290
28291
28294
28296
28299
28304
28312
28313
28320
28321
28323
28328
28329
28330
28331
28332
28334
28338
28343
28346
28348
28350
28352
28355
28357
28358
28363
28367
28371
28377
28378
28380
28381
28384
28387
28390
28391
28394
28396
28400
28402
28403
28404
28406
28407
28414
28418
28424
28425
28428
28430
28438
28439
28440
28441
28442
28443
28444
28445
28446
28447
28448
28451
28457
28460
28464
28466
28468
28474
28475
28477
28482
28484
28486
28487
28488
28494
28495
28497
28502
28506
28507
28508
28509
28510
28515
28520
28521
28522
28523
28528
28532
28537
28538
28540
28543
28545
28546
28551
28552
28554
28555
28557
28558
28559
28562
28564
28567
28569
28571
28572
28573
28574
28575
28579
28585
28587
28588
28589
28593
28594
28597
28598
28599
28600
28603
28604
28606
28607
28609
28611
28621
28623
28627
28628
28629
28633
28637
28639
28641
28644
28645
28646
28647
28651
28659
28660
28661
28663
28665
28667
28669
28670
28671
28673
28674
28678
28679
28681
28686
28689
28691
28695
28698
28699
28704
28705
28707
28710
28711
28712
28719
28721
28727
28728
28730
28731
28732
28733
28736
28737
28741
28746
28750
28753
28754
28756
28759
28760
28761
28762
28763
28764
28765
28766
28772
28773
28774
28776
28779
28782
28783
28786
28790
28791
28792
28793
28799
28802
28807
28808
28810
28811
28812
28813
28816
28819
28822
28823
28826
28828
28829
28835
28838
28839
28840
28845
28846
28849
28852
28853
28855
28858
28868
28869
28870
28873
28875
28876
28878
28880
28883
28886
28891
28892
28893
28896
28897
28898
28899
28900
28901
28904
28905
28908
28909
28910
28911
28913
28915
28917
28921
28924
28926
28928
28932
28933
28934
28935
28936
28938
28939
28940
28941
28943
28945
28954
28956
28958
28961
28962
28964
28966
28969
28970
28975
28976
28978
28981
28991
28992
28993
28994
28995
28996
29000
29001
29006
29007
29008
29009
29010
29011
29014
29015
29016
29018
29020
29021
29025
29032
29035
29039
29040
29042
29044
29046
29050
29051
29053
29055
29057
29058
29060
29062
29063
29069
29071
29073
29074
29076
29077
29078
29080
29082
29086
29088
29091
29092
29093
29094
29095
29096
29097
29098
29099
29104
29108
29110
29113
29114
29116
29118
29119
29120
29121
29122
29123
29125
29128
29131
29133
29134
29136
29140
29141
29144
29145
29146
29149
29153
29158
29159
29160
29161
29164
29167
29168
29169
29170
29171
29172
29176
29177
29180
29181
29184
29186
29187
29189
29191
29193
29199
29201
29203
29206
29209
29211
29213
29214
29216
29218
29219
29220
29222
29223
29233
29234
29236
29237
29238
29242
29243
29245
29246
29248
29249
29252
29256
29257
29258
29259
29260
29261
29262
29264
29265
29267
29268
29272
29274
29275
29281
29285
29288
29289
29294
29295
29296
29297
29299
29300
29303
29304
29306
29308
29309
29310
29314
29315
29317
29318
29320
29321
29328
29329
29333
29334
29337
29340
29344
29346
29347
29349
29350
29353
29354
29358
29360
29364
29368
29372
29375
29377
29378
29379
29380
29382
29384
29385
29386
29389
29391
29394
29395
29397
29398
29403
29404
29409
29411
29412
29414
29421
29422
29424
29425
29426
29428
29430
29431
29433
29436
29438
29439
29441
29442
29445
29446
29447
29448
29449
29451
29452
29455
29459
29460
29463
29466
29469
29477
29478
29482
29492
29494
29496
29501
29505
29507
29509
29510
29515
29516
29517
29522
29529
29530
29537
29539
29548
29550
29552
29553
29556
29557
29559
29561
29564
29566
29568
29569
29573
29575
29576
29577
29578
29579
29580
29581
29586
29588
29592
29593
29596
29598
29600
29601
29602
29605
29606
29607
29611
29612
29614
29615
29616
29617
29618
29620
29621
29622
29623
29624
29627
29635
29636
29638
29639
29640
29642
29643
29644
29646
29647
29651
29652
29656
29658
29659
29660
29663
29667
29669
29678
29680
29681
29682
29684
29685
29686
29687
29688
29689
29690
29693
29694
29695
29697
29701
29703
29712
29713
29714
29715
29716
29717
29719
29721
29726
29728
29735
29746
29748
29749
29750
29752
29753
29754
29756
29760
29761
29764
29774
29775
29776
29780
29783
29784
29787
29793
29795
29796
29798
29799
29801
29802
29805
29808
29809
29810
29811
29813
29815
29818
29819
29821
29822
29824
29826
29827
29831
29833
29835
29837
29841
29842
29843
29845
29846
29847
29849
29853
29854
29855
29856
29858
29859
29862
29863
29865
29877
29878
29880
29881
29884
29889
29890
29891
29892
29893
29895
29896
29898
29899
29900
29901
29902
29904
29908
29909
29910
29912
29913
29916
29920
29922
29924
29925
29927
29932
29934
29935
29938
29939
29940
29946
29949
29952
29959
29960
29961
29962
29965
29966
29967
29972
29976
29978
29979
29980
29983
29985
29988
29989
29991
29993
29997
29998
30004
30005
30007
30008
30009
30014
30016
30021
30022
30023
30027
30028
30030
30033
30034
30035
30040
30042
30043
30046
30052
30053
30054
30056
30062
30064
30066
30067
30068
30071
30072
30076
30078
30080
30087
30089
30092
30095
30096
30098
30104
30108
30111
30117
30118
30119
30120
30121
30124
30125
30126
30129
30132
30135
30137
30141
30142
30143
30149
30155
30157
30164
30165
30173
30177
30181
30184
30188
30191
30195
30197
30198
30201
30203
30204
30205
30207
30210
30211
30214
30217
30219
30220
30222
30223
30224
30227
30228
30232
30233
30235
30238
30239
30240
30242
30243
30245
30246
30248
30249
30253
30254
30261
30262
30265
30266
30269
30272
30274
30278
30282
30283
30284
30285
30287
30293
30295
30296
30298
30299
30303
30304
30306
30308
30310
30311
30314
30315
30316
30318
30323
30328
30332
30333
30334
30335
30346
30347
30348
30353
30355
30357
30360
30361
30362
30363
30365
30366
30367
30368
30369
30378
30379
30382
30385
30386
30393
30394
30397
30398
30404
30408
30410
30411
30412
30414
30415
30416
30417
30420
30423
30425
30426
30428
30429
30431
30434
30437
30439
30441
30443
30446
30452
30456
30457
30458
30459
30462
30463
30465
30466
30469
30471
30472
30476
30477
30479
30481
30482
30483
30486
30488
30490
30491
30494
30495
30496
30497
30499
30500
30501
30503
30505
30506
30509
30512
30513
30514
30515
30520
30527
30530
30532
30533
30537
30538
30539
30541
30542
30543
30550
30553
30557
30559
30560
30564
30568
30569
30570
30572
30575
30579
30580
30581
30585
30586
30587
30588
30590
30591
30592
30593
30596
30598
30599
30601
30603
30604
30605
30606
30607
30610
30614
30616
30617
30618
30619
30620
30621
30622
30623
30625
30626
30630
30637
30638
30639
30641
30644
30647
30651
30652
30655
30656
30658
30660
30661
30662
30664
30673
30676
30680
30683
30687
30691
30692
30694
30696
30697
30700
30701
30703
30705
30707
30711
30712
30713
30714
30715
30716
30717
30718
30720
30723
30725
30730
30732
30735
30740
30743
30744
30746
30750
30753
30755
30761
30767
30768
30773
30774
30780
30782
30784
30785
30786
30787
30788
30792
30794
30795
30798
30799
30801
30803
30805
30813
30814
30815
30817
30818
30820
30822
30825
30827
30828
30832
30834
30835
30839
30840
30844
30846
30849
30850
30858
30859
30860
30862
30864
30869
30870
30871
30873
30875
30876
30879
30880
30882
30885
30886
30899
30901
30902
30911
30913
30921
30925
30931
30932
30933
30934
30935
30936
30938
30939
30941
30942
30943
30946
30948
30949
30950
30953
30954
30955
30957
30958
30961
30962
30965
30966
30971
30975
30976
30978
30979
30982
30987
30994
30996
30999
31000
31002
31003
31005
31007
31009
31012
31015
31016
31022
31039
31042
31043
31046
31049
31052
31054
31055
31059
31064
31065
31066
31071
31072
31073
31075
31076
31078
31079
31083
31084
31086
31087
31092
31093
31095
31096
31101
31104
31106
31107
31109
31110
31111
31113
31116
31117
31119
31121
31126
31127
31128
31130
31131
31133
31135
31136
31137
31138
31139
31141
31142
31143
31149
31152
31154
31155
31156
31164
31167
31174
31177
31178
31179
31185
31186
31187
31189
31197
31207
31210
31216
31217
31218
31219
31224
31229
31230
31233
31238
31240
31241
31242
31245
31247
31248
31249
31253
31255
31257
31258
31260
31262
31266
31267
31268
31269
31274
31275
31277
31279
31282
31284
31287
31291
31294
31296
31299
31301
31303
31304
31309
31310
31313
31315
31317
31318
31319
31321
31324
31325
31330
31334
31340
31341
31344
31345
31347
31348
31349
31352
31353
31355
31358
31365
31367
31369
31371
31376
31381
31383
31384
31385
31390
31391
31394
31397
31402
31405
31406
31407
31410
31413
31416
31419
31420
31422
31423
31424
31427
31432
31433
31434
31437
31438
31442
31447
31448
31449
31451
31457
31460
31465
31466
31474
31477
31478
31479
31480
31481
31484
31493
31495
31498
31499
31502
31504
31508
31510
31511
31513
31519
31521
31522
31523
31530
31533
31534
31535
31536
31538
31540
31541
31542
31546
31547
31548
31550
31551
31554
31555
31558
31559
31563
31566
31574
31575
31577
31580
31581
31582
31589
31591
31594
31595
31596
31602
31603
31604
31607
31609
31612
31613
31615
31616
31618
31623
31626
31627
31628
31630
31633
31634
31635
31639
31641
31643
31644
31645
31647
31649
31651
31654
31655
31657
31659
31660
31664
31665
31666
31669
31676
31679
31683
31685
31687
31691
31693
31694
31701
31702
31703
31708
31710
31716
31717
31718
31719
31721
31724
31728
31731
31732
31733
31736
31747
31748
31749
31753
31754
31761
31762
31763
31765
31766
31768
31774
31777
31779
31782
31784
31785
31786
31788
31791
31795
31798
31800
31801
31802
31803
31805
31810
31811
31812
31816
31819
31821
31822
31823
31824
31837
31838
31839
31850
31852
31854
31856
31857
31858
31860
31864
31866
31867
31868
31872
31874
31877
31879
31881
31883
31884
31885
31886
31888
31889
31890
31891
31893
31897
31900
31904
31907
31908
31909
31910
31913
31914
31920
31923
31924
31927
31928
31930
31936
31938
31939
31941
31944
31947
31948
31949
31950
31952
31955
31957
31958
31959
31961
31962
31966
31968
31969
31971
31972
31973
31983
31986
31987
31988
31989
31994
31995
31996
31999
32001
32004
32007
32011
32014
32016
32018
32022
32025
32026
32027
32029
32032
32035
32036
32037
32039
32040
32043
32044
32048
32050
32053
32054
32057
32058
32059
32060
32062
32063
32065
32067
32080
32081
32082
32085
32089
32090
32091
32092
32094
32095
32096
32097
32102
32104
32107
32112
32113
32115
32118
32119
32121
32122
32125
32127
32131
32132
32139
32141
32145
32146
32148
32150
32153
32158
32159
32160
32161
32166
32167
32170
32172
32175
32177
32179
32180
32184
32185
32187
32189
32192
32194
32195
32197
32207
32208
32209
32212
32213
32216
32219
32223
32224
32225
32226
32228
32235
32238
32242
32243
32246
32248
32249
32252
32253
32254
32259
32261
32262
32263
32267
32269
32270
32272
32273
32274
32275
32279
32280
32281
32284
32286
32287
32289
32290
32294
32298
32306
32308
32313
32314
32316
32317
32318
32320
32323
32328
32329
32334
32335
32336
32337
32338
32339
32342
32343
32345
32348
32351
32353
32358
32359
32361
32362
32365
32368
32371
32372
32374
32375
32376
32377
32378
32383
32385
32389
32390
32391
32392
32393
32394
32396
32401
32403
32404
32407
32411
32414
32417
32420
32422
32424
32432
32433
32437
32441
32442
32443
32450
32451
32453
32455
32456
32458
32459
32469
32471
32472
32473
32474
32476
32480
32482
32483
32485
32486
32487
32489
32491
32492
32498
32499
32500
32504
32509
32512
32517
32524
32525
32526
32530
32532
32534
32537
32540
32543
32545
32547
32549
32551
32556
32559
32560
32561
32565
32567
32569
32570
32573
32574
32577
32578
32582
32584
32588
32589
32590
32592
32594
32595
32600
32601
32602
32604
32606
32607
32609
32610
32611
32614
32616
32620
32626
32628
32635
32636
32637
32638
32640
32642
32644
32645
32646
32647
32652
32653
32655
32658
32661
32662
32663
32666
32668
32670
32671
32675
32678
32681
32687
32689
32699
32701
32703
32706
32708
32710
32714
32718
32721
32722
32725
32726
32727
32728
32732
32735
32745
32746
32747
32751
32752
32754
32759
32764
32767
32768
32770
32773
32775
32776
32785
32788
32790
32792
32795
32796
32797
32800
32801
32805
32810
32811
32815
32816
32822
32826
32828
32829
32830
32836
32837
32838
32839
32840
32841
32845
32847
32849
32850
32853
32863
32865
32866
32868
32871
32875
32876
32877
32878
32886
32888
32890
32891
32893
32897
32902
32903
32906
32907
32909
32910
32913
32918
32920
32921
32922
32927
32928
32931
32932
32934
32941
32942
32945
32946
32947
32950
32951
32952
32957
32958
32961
32962
32966
32967
32969
32970
32972
32973
32974
32976
32977
32979
32981
32982
32983
32984
32988
32989
32991
32992
32994
32996
32997
33001
33002
33004
33007
33009
33012
33014
33016
33026
33027
33029
33032
33034
33035
33036
33038
33039
33040
33041
33045
33049
33051
33053
33054
33056
33059
33060
33063
33064
33066
33068
33072
33073
33074
33075
33078
33079
33080
33082
33085
33086
33087
33088
33089
33093
33094
33095
33097
33101
33102
33105
33107
33109
33110
33114
33116
33118
33119
33121
33122
33124
33129
33130
33137
33138
33140
33142
33145
33147
33148
33150
33151
33152
33153
33155
33158
33159
33163
33165
33166
33167
33168
33170
33171
33172
33178
33179
33188
33189
33190
33194
33195
33197
33200
33201
33205
33207
33212
33213
33214
33218
33219
33226
33230
33239
33240
33241
33245
33249
33250
33252
33254
33255
33256
33260
33266
33268
33272
33273
33274
33275
33276
33279
33283
33285
33286
33290
33295
33297
33298
33300
33302
33304
33305
33308
33311
33312
33314
33317
33323
33330
33331
33334
33341
33345
33350
33354
33358
33360
33361
33362
33366
33367
33377
33379
33380
33382
33387
33389
33391
33392
33393
33398
33400
33412
33416
33418
33419
33420
33421
33423
33426
33429
33431
33433
33436
33439
33440
33442
33443
33448
33450
33458
33461
33464
33467
33470
33471
33472
33473
33474
33478
33479
33481
33484
33485
33488
33489
33493
33494
33495
33498
33499
33503
33504
33507
33510
33513
33514
33515
33518
33519
33521
33525
33527
33528
33536
33537
33538
33539
33544
33546
33547
33552
33554
33556
33558
33559
33560
33564
33565
33572
33573
33576
33577
33582
33584
33589
33591
33594
33595
33597
33599
33601
33602
33604
33606
33607
33612
33617
33619
33621
33622
33625
33631
33632
33638
33639
33649
33652
33654
33655
33656
33657
33661
33666
33672
33676
33679
33681
33683
33685
33689
33690
33691
33692
33694
33697
33699
33701
33702
33706
33708
33710
33712
33713
33714
33716
33718
33719
33720
33722
33724
33725
33731
33732
33733
33734
33735
33737
33739
33741
33742
33743
33745
33746
33749
33750
33751
33754
33759
33760
33761
33762
33765
33767
33770
33771
33774
33776
33778
33779
33780
33781
33783
33784
33788
33789
33790
33791
33792
33794
33800
33802
33805
33807
33811
33814
33817
33818
33823
33825
33826
33828
33829
33832
33837
33841
33842
33845
33847
33849
33850
33852
33855
33856
33866
33868
33869
33872
33873
33876
33877
33882
33883
33891
33892
33894
33899
33902
33910
33912
33914
33916
33921
33924
33927
33929
33931
33933
33936
33942
33945
33946
33948
33949
33952
33953
33955
33956
33958
33959
33960
33963
33967
33968
33971
33972
33975
33978
33979
33980
33983
33986
33989
33990
33991
33992
33994
33995
33997
33998
33999
34004
34007
34013
34018
34019
34020
34021
34022
34027
34029
34030
34032
34036
34037
34038
34045
34048
34050
34051
34054
34057
34058
34061
34063
34065
34067
34075
34094
34097
34098
34099
34100
34101
34103
34105
34106
34107
34108
34110
34112
34124
34126
34131
34137
34139
34140
34141
34143
34145
34146
34148
34151
34153
34156
34163
34165
34172
34173
34175
34183
34187
34189
34192
34196
34198
34199
34200
34202
34207
34208
34215
34218
34227
34229
34230
34233
34234
34237
34242
34243
34245
34249
34250
34255
34256
34260
34264
34265
34267
34268
34269
34271
34272
34276
34281
34282
34288
34294
34295
34296
34297
34299
34301
34303
34317
34319
34320
34322
34330
34334
34337
34338
34341
34343
34346
34349
34350
34352
34353
34358
34359
34360
34361
34366
34367
34369
34370
34371
34372
34373
34378
34382
34383
34385
34386
34388
34389
34390
34393
34396
34402
34403
34407
34410
34412
34413
34415
34427
34430
34431
34432
34439
34440
34441
34444
34445
34446
34449
34460
34463
34465
34468
34470
34471
34472
34474
34475
34479
34482
34487
34489
34492
34495
34499
34501
34503
34508
34512
34513
34517
34520
34522
34523
34525
34526
34539
34540
34546
34547
34549
34556
34560
34565
34566
34568
34571
34572
34573
34576
34577
34578
34579
34580
34585
34590
34591
34595
34597
34601
34604
34605
34606
34609
34613
34614
34615
34617
34624
34626
34632
34635
34638
34639
34644
34646
34647
34649
34652
34656
34664
34667
34669
34670
34671
34677
34678
34679
34680
34690
34700
34705
34706
34707
34709
34713
34717
34724
34725
34726
34727
34729
34731
34738
34742
34745
34746
34747
34752
34754
34756
34758
34761
34772
34773
34775
34776
34779
34780
34783
34787
34788
34790
34792
34793
34795
34802
34805
34806
34807
34809
34811
34812
34813
34816
34817
34826
34827
34830
34839
34841
34844
34846
34847
34849
34854
34860
34867
34869
34870
34873
34875
34876
34877
34878
34885
34886
34888
34889
34895
34896
34897
34898
34900
34902
34903
34905
34906
34909
34912
34916
34917
34919
34920
34924
34927
34928
34929
34930
34932
34934
34935
34937
34939
34940
34941
34942
34948
34950
34951
34955
34958
34960
34961
34965
34968
34969
34980
34982
34987
34988
34989
34990
34995
34997
34998
35004
35006
35007
35013
35016
35020
35028
35031
35032
35034
35039
35042
35045
35051
35052
35055
35056
35057
35058
35059
35060
35061
35067
35072
35074
35075
35076
35078
35080
35081
35087
35091
35092
35093
35094
35098
35100
35102
35106
35107
35109
35119
35120
35130
35137
35139
35140
35143
35149
35150
35152
35154
35155
35159
35163
35164
35166
35172
35173
35174
35175
35177
35179
35182
35185
35186
35187
35188
35189
35190
35191
35193
35195
35197
35198
35203
35207
35208
35209
35210
35214
35217
35220
35222
35223
35224
35225
35228
35229
35233
35234
35235
35237
35241
35244
35246
35250
35251
35254
35255
35259
35261
35262
35264
35271
35272
35273
35276
35277
35281
35283
35284
35289
35292
35296
35298
35299
35300
35302
35306
35311
35312
35313
35317
35320
35322
35324
35325
35327
35329
35331
35332
35334
35336
35337
35338
35339
35341
35342
35343
35345
35351
35357
35358
35359
35360
35361
35363
35365
35366
35371
35374
35375
35381
35383
35387
35390
35394
35401
35402
35408
35414
35418
35420
35422
35424
35425
35426
35432
35433
35436
35442
35443
35444
35446
35448
35449
35452
35453
35454
35455
35456
35457
35459
35461
35462
35463
35465
35467
35468
35471
35474
35476
35477
35488
35490
35491
35493
35494
35495
35498
35500
35506
35507
35510
35513
35514
35515
35517
35519
35520
35523
35525
35528
35530
35531
35532
35533
35536
35538
35539
35541
35542
35544
35545
35546
35558
35564
35567
35570
35582
35583
35588
35590
35593
35594
35597
35599
35600
35612
35616
35617
35619
35620
35621
35622
35625
35634
35635
35637
35638
35639
35640
35642
35643
35644
35645
35650
35653
35654
35656
35664
35667
35670
35671
35673
35674
35677
35678
35685
35686
35688
35689
35694
35695
35697
35698
35700
35702
35706
35711
35712
35715
35718
35722
35723
35725
35727
35728
35729
35732
35733
35734
35735
35736
35737
35739
35742
35745
35747
35750
35752
35755
35759
35761
35766
35767
35768
35769
35771
35772
35774
35778
35779
35789
35792
35796
35798
35799
35801
35803
35806
35807
35810
35811
35817
35821
35826
35836
35839
35840
35841
35842
35844
35848
35850
35851
35859
35863
35869
35870
35871
35872
35874
35876
35878
35880
35882
35884
35886
35887
35888
35890
35891
35893
35896
35897
35901
35904
35907
35909
35913
35915
35916
35917
35921
35922
35923
35924
35925
35926
35927
35929
35932
35937
35938
35939
35941
35943
35945
35948
35950
35953
35960
35963
35965
35967
35968
35969
35970
35974
35978
35983
35990
35991
35992
35994
35997
35998
35999
36004
36007
36009
36010
36012
36014
36017
36018
36020
36023
36024
36032
36039
36042
36044
36049
36050
36055
36064
36065
36076
36078
36080
36081
36084
36085
36087
36088
36089
36091
36092
36093
36100
36102
36108
36112
36113
36122
36126
36127
36129
36131
36132
36133
36134
36137
36139
36140
36141
36145
36147
36148
36149
36150
36152
36153
36154
36156
36157
36158
36162
36164
36167
36168
36170
36185
36189
36192
36193
36205
36207
36210
36213
36216
36219
36223
36226
36228
36229
36231
36232
36235
36239
36244
36251
36252
36253
36256
36257
36259
36261
36269
36271
36272
36274
36275
36279
36283
36284
36288
36289
36290
36291
36292
36295
36296
36299
36303
36306
36308
36312
36313
36317
36321
36324
36328
36330
36331
36334
36336
36339
36342
36348
36352
36353
36356
36361
36363
36364
36365
36377
36378
36379
36380
36381
36383
36386
36388
36390
36391
36400
36401
36403
36405
36409
36412
36416
36419
36420
36421
36426
36434
36435
36436
36437
36439
36445
36448
36457
36459
36460
36461
36462
36463
36468
36472
36473
36475
36478
36479
36480
36481
36485
36487
36488
36489
36492
36497
36510
36515
36516
36517
36518
36520
36523
36527
36530
36531
36534
36540
36541
36543
36544
36545
36547
36549
36554
36556
36563
36564
36565
36566
36571
36579
36582
36584
36585
36586
36590
36593
36597
36599
36600
36602
36604
36608
36609
36613
36614
36615
36617
36618
36619
36620
36624
36626
36628
36633
36634
36636
36637
36638
36640
36644
36646
36647
36650
36655
36657
36665
36667
36670
36673
36674
36676
36678
36683
36684
36685
36686
36687
36688
36690
36694
36695
36698
36699
36703
36707
36714
36715
36719
36720
36721
36729
36731
36733
36734
36736
36737
36741
36742
36743
36744
36748
36751
36758
36762
36763
36764
36766
36767
36769
36770
36771
36774
36775
36777
36779
36780
36783
36784
36785
36786
36790
36791
36792
36796
36797
36800
36803
36804
36808
36809
36810
36813
36814
36817
36820
36833
36841
36843
36844
36845
36846
36850
36852
36855
36856
36860
36862
36863
36866
36870
36873
36874
36878
36883
36885
36889
36890
36891
36893
36897
36898
36900
36903
36910
36912
36913
36919
36920
36921
36926
36928
36929
36932
36935
36942
36946
36947
36949
36956
36958
36963
36964
36965
36969
36974
36980
36983
36986
37006
37008
37010
37011
37013
37017
37019
37023
37024
37026
37027
37036
37038
37042
37043
37048
37051
37052
37054
37055
37057
37060
37062
37065
37067
37070
37073
37075
37076
37077
37078
37079
37082
37083
37085
37087
37090
37092
37093
37099
37101
37103
37104
37105
37106
37112
37113
37117
37119
37122
37126
37129
37135
37136
37137
37140
37143
37146
37150
37157
37162
37163
37167
37168
37170
37174
37176
37177
37178
37185
37186
37190
37191
37192
37194
37198
37199
37200
37201
37203
37212
37214
37216
37218
37220
37221
37222
37223
37225
37226
37227
37229
37232
37233
37235
37236
37237
37240
37242
37244
37247
37250
37251
37253
37254
37257
37259
37260
37265
37266
37274
37276
37281
37287
37289
37291
37292
37296
37298
37299
37300
37302
37305
37306
37307
37315
37316
37317
37321
37322
37328
37335
37336
37337
37338
37344
37347
37350
37354
37357
37359
37360
37365
37366
37368
37378
37382
37385
37394
37400
37404
37421
37431
37443
37446
37448
37456
37457
37459
37461
37462
37465
37469
37470
37471
37473
37474
37475
37476
37481
37483
37485
37486
37487
37491
37492
37496
37498
37500
37502
37504
37509
37514
37515
37519
37525
37527
37531
37532
37535
37536
37538
37540
37549
37550
37551
37562
37563
37564
37569
37570
37573
37577
37578
37579
37584
37586
37589
37603
37604
37606
37608
37612
37614
37617
37619
37620
37622
37626
37629
37631
37632
37633
37635
37639
37640
37641
37646
37647
37652
37655
37662
37663
37664
37665
37666
37670
37671
37674
37675
37677
37679
37680
37683
37685
37686
37687
37688
37689
37694
37698
37699
37704
37708
37709
37714
37721
37728
37732
37733
37734
37737
37739
37741
37742
37744
37746
37751
37753
37755
37756
37760
37762
37763
37768
37769
37770
37779
37780
37781
37783
37789
37795
37796
37802
37804
37805
37806
37807
37808
37810
37811
37812
37817
37818
37820
37822
37824
37825
37832
37833
37835
37836
37838
37843
37844
37845
37847
37850
37853
37854
37861
37865
37874
37876
37877
37883
37885
37888
37894
37895
37897
37904
37907
37909
37910
37912
37914
37917
37918
37919
37920
37923
37924
37930
37932
37935
37936
37937
37942
37945
37960
37962
37963
37967
37968
37970
37973
37974
37975
37976
37977
37982
37983
37987
37989
37990
37994
37995
37996
37997
37999
38001
38003
38005
38007
38010
38013
38016
38018
38022
38023
38024
38030
38032
38036
38038
38041
38042
38054
38058
38059
38063
38072
38073
38079
38081
38083
38084
38086
38088
38089
38090
38093
38095
38096
38098
38100
38101
38104
38107
38108
38111
38116
38117
38125
38130
38132
38136
38139
38143
38144
38145
38146
38149
38157
38160
38167
38173
38176
38181
38182
38185
38186
38188
38189
38192
38195
38199
38200
38201
38204
38206
38207
38208
38209
38211
38214
38215
38217
38220
38225
38228
38229
38231
38237
38239
38243
38249
38251
38252
38254
38256
38257
38261
38262
38264
38265
38275
38276
38279
38280
38282
38284
38287
38289
38290
38292
38295
38296
38298
38299
38300
38301
38302
38303
38308
38316
38320
38329
38334
38339
38341
38344
38345
38346
38347
38349
38350
38356
38358
38359
38360
38361
38362
38369
38371
38373
38380
38381
38384
38386
38389
38392
38396
38397
38400
38401
38402
38403
38405
38406
38407
38409
38410
38411
38412
38422
38423
38426
38428
38432
38434
38435
38436
38437
38438
38444
38449
38451
38453
38460
38462
38463
38470
38472
38474
38475
38480
38483
38486
38491
38495
38498
38502
38507
38509
38514
38517
38520
38530
38531
38535
38540
38545
38546
38549
38551
38556
38557
38558
38562
38563
38564
38566
38568
38573
38580
38587
38589
38592
38595
38597
38605
38609
38615
38617
38618
38620
38621
38622
38632
38634
38636
38640
38643
38644
38646
38647
38650
38663
38664
38666
38668
38670
38671
38672
38677
38679
38684
38685
38686
38688
38694
38698
38700
38702
38704
38706
38710
38712
38714
38727
38728
38731
38732
38733
38734
38737
38738
38753
38757
38758
38760
38761
38764
38770
38773
38776
38782
38785
38787
38789
38791
38795
38797
38799
38802
38803
38808
38813
38819
38821
38823
38825
38826
38827
38830
38841
38844
38851
38852
38854
38855
38856
38857
38860
38863
38864
38866
38868
38870
38873
38874
38876
38880
38885
38889
38891
38899
38901
38902
38907
38908
38910
38913
38920
38921
38925
38930
38932
38934
38936
38943
38947
38950
38952
38955
38956
38965
38968
38971
38972
38973
38976
38981
38982
38983
38984
38988
38993
38997
38998
38999
39002
39003
39005
39006
39007
39008
39011
39013
39016
39017
39019
39025
39028
39029
39031
39032
39033
39035
39041
39045
39047
39052
39056
39058
39059
39060
39062
39063
39065
39066
39068
39070
39087
39096
39098
39099
39102
39106
39107
39108
39110
39111
39114
39116
39118
39121
39122
39125
39126
39128
39129
39134
39135
39136
39138
39139
39140
39144
39147
39149
39151
39155
39160
39161
39164
39170
39176
39184
39185
39187
39188
39190
39192
39193
39194
39196
39200
39203
39213
39214
39220
39221
39226
39227
39229
39231
39233
39234
39235
39236
39238
39239
39243
39247
39248
39251
39252
39254
39259
39260
39262
39264
39266
39276
39277
39292
39294
39301
39303
39304
39306
39311
39315
39317
39319
39321
39326
39327
39336
39338
39340
39341
39348
39350
39352
39354
39356
39358
39359
39360
39366
39372
39373
39377
39383
39388
39390
39391
39394
39395
39399
39400
39402
39407
39411
39413
39415
39419
39421
39426
39428
39429
39430
39431
39435
39438
39439
39442
39444
39449
39450
39451
39456
39457
39460
39462
39464
39465
39467
39471
39472
39478
39481
39484
39485
39488
39489
39491
39492
39493
39494
39500
39502
39505
39508
39511
39514
39515
39518
39520
39523
39527
39529
39530
39535
39536
39537
39538
39544
39547
39548
39549
39550
39551
39553
39555
39559
39563
39564
39570
39574
39575
39577
39578
39580
39582
39583
39585
39586
39590
39591
39594
39597
39599
39604
39607
39612
39615
39617
39618
39622
39623
39627
39633
39635
39636
39644
39645
39646
39647
39650
39653
39654
39655
39657
39659
39662
39664
39671
39673
39674
39677
39681
39685
39686
39687
39689
39698
39703
39704
39705
39714
39716
39717
39720
39726
39727
39739
39740
39742
39743
39744
39745
39749
39750
39751
39752
39753
39755
39758
39759
39762
39764
39767
39776
39777
39781
39782
39783
39784
39787
39792
39795
39796
39797
39799
39801
39803
39805
39806
39811
39812
39813
39816
39817
39821
39823
39824
39826
39827
39830
39836
39839
39846
39849
39850
39851
39852
39853
39855
39857
39858
39859
39865
39867
39887
39888
39890
39891
39893
39895
39896
39898
39902
39905
39908
39915
39919
39923
39926
39928
39929
39934
39935
39937
39939
39942
39943
39944
39945
39948
39950
39951
39953
39957
39960
39964
39967
39970
39975
39976
39977
39978
39979
39980
39982
39983
39984
39987
39994
39998
40004
40014
40025
40026
40028
40032
40034
40037
40038
40039
40040
40041
40047
40050
40053
40063
40064
40066
40070
40073
40075
40079
40080
40087
40088
40089
40090
40096
40101
40107
40108
40110
40111
40116
40118
40122
40123
40127
40128
40132
40134
40135
40143
40144
40146
40147
40149
40151
40152
40156
40157
40158
40164
40166
40167
40168
40171
40173
40174
40175
40181
40183
40186
40189
40193
40201
40204
40206
40207
40212
40215
40216
40219
40224
40225
40226
40227
40232
40233
40237
40239
40241
40243
40250
40252
40258
40263
40266
40271
40274
40275
40283
40286
40292
40293
40297
40300
40301
40303
40305
40311
40312
40314
40317
40324
40332
40339
40344
40345
40346
40347
40348
40349
40350
40352
40353
40354
40355
40357
40358
40361
40362
40368
40369
40370
40373
40376
40378
40380
40385
40386
40388
40391
40392
40397
40398
40404
40408
40409
40410
40414
40417
40423
40427
40428
40429
40431
40433
40434
40435
40439
40443
40447
40450
40451
40452
40454
40458
40463
40469
40470
40476
40477
40478
40479
40480
40482
40485
40486
40488
40489
40494
40499
40500
40501
40505
40506
40509
40525
40527
40529
40530
40532
40533
40535
40536
40538
40541
40542
40544
40545
40546
40547
40548
40554
40557
40558
40559
40561
40562
40563
40564
40571
40572
40577
40580
40582
40584
40589
40591
40593
40597
40599
40600
40602
40609
40613
40614
40617
40625
40627
40630
40631
40632
40633
40634
40639
40640
40641
40642
40643
40646
40653
40655
40657
40660
40662
40664
40667
40670
40671
40672
40673
40675
40677
40678
40679
40682
40687
40689
40692
40693
40702
40707
40712
40713
40715
40716
40721
40725
40727
40733
40745
40747
40749
40751
40753
40754
40756
40760
40764
40773
40774
40782
40788
40790
40791
40793
40802
40808
40813
40814
40816
40817
40818
40823
40829
40839
40840
40841
40845
40848
40853
40856
40857
40858
40861
40863
40868
40870
40874
40878
40879
40884
40890
40891
40893
40896
40900
40914
40916
40917
40920
40926
40933
40934
40935
40937
40940
40949
40950
40951
40952
40953
40954
40957
40966
40967
40970
40971
40983
40984
40985
40987
40988
40993
40995
40999
41000
41001
41005
41006
41011
41012
41015
41016
41019
41020
41021
41022
41027
41031
41033
41039
41040
41042
41043
41050
41052
41053
41054
41058
41065
41066
41068
41069
41075
41078
41080
41082
41087
41090
41095
41096
41099
41100
41101
41113
41115
41117
41126
41127
41129
41131
41133
41136
41140
41141
41142
41146
41147
41151
41152
41153
41156
41159
41160
41161
41163
41165
41166
41167
41169
41170
41171
41173
41175
41177
41178
41183
41185
41186
41188
41193
41196
41201
41205
41208
41209
41211
41212
41218
41221
41223
41228
41230
41231
41232
41233
41234
41239
41242
41243
41246
41247
41248
41250
41256
41257
41258
41259
41260
41262
41265
41268
41271
41272
41274
41275
41276
41278
41290
41297
41298
41300
41304
41307
41318
41324
41325
41328
41329
41331
41333
41335
41336
41341
41349
41353
41354
41358
41359
41360
41361
41364
41365
41366
41368
41375
41378
41381
41382
41386
41391
41392
41396
41397
41400
41407
41414
41416
41418
41423
41424
41433
41434
41439
41443
41446
41455
41459
41462
41463
41467
41469
41471
41474
41475
41476
41478
41479
41484
41491
41495
41496
41499
41500
41501
41504
41505
41508
41510
41511
41512
41513
41514
41517
41518
41520
41521
41525
41526
41530
41531
41533
41535
41536
41538
41539
41542
41543
41544
41545
41547
41549
41550
41551
41552
41555
41557
41561
41567
41568
41569
41570
41583
41584
41586
41589
41594
41596
41600
41602
41605
41608
41609
41613
41617
41623
41626
41630
41633
41634
41638
41640
41641
41643
41645
41646
41647
41650
41653
41655
41658
41659
41662
41663
41664
41665
41666
41668
41669
41671
41674
41675
41676
41679
41680
41683
41692
41696
41698
41699
41700
41701
41702
41703
41706
41707
41712
41713
41716
41724
41727
41728
41730
41732
41733
41736
41738
41749
41753
41754
41756
41757
41763
41772
41774
41776
41779
41780
41783
41784
41786
41787
41788
41790
41791
41792
41795
41796
41800
41801
41802
41803
41804
41810
41812
41813
41814
41820
41822
41827
41829
41831
41835
41839
41850
41854
41855
41856
41858
41862
41863
41864
41867
41868
41876
41879
41883
41889
41896
41897
41898
41904
41906
41907
41908
41909
41913
41915
41916
41919
41925
41926
41928
41930
41935
41936
41939
41940
41952
41956
41957
41959
41961
41964
41966
41967
41968
41974
41975
41977
41978
41979
41981
41983
41985
41986
41990
41998
42000
42003
42004
42005
42009
42011
42016
42019
42026
42027
42028
42033
42039
42041
42042
42044
42046
42048
42051
42053
42054
42056
42057
42060
42061
42067
42070
42071
42072
42073
42076
42078
42079
42087
42088
42089
42092
42093
42095
42097
42098
42103
42108
42110
42115
42118
42119
42120
42122
42125
42126
42127
42128
42131
42135
42139
42140
42143
42145
42146
42149
42152
42153
42157
42159
42162
42164
42166
42167
42169
42170
42171
42172
42176
42178
42180
42182
42185
42189
42191
42196
42197
42199
42203
42210
42212
42220
42228
42233
42234
42243
42246
42249
42250
42251
42254
42258
42261
42263
42264
42265
42267
42270
42274
42282
42286
42290
42292
42294
42297
42301
42303
42304
42308
42312
42314
42315
42316
42317
42320
42323
42324
42325
42326
42327
42328
42331
42333
42335
42342
42344
42345
42348
42349
42351
42353
42356
42358
42360
42363
42365
42366
42368
42370
42371
42374
42377
42378
42381
42383
42384
42385
42386
42387
42391
42392
42397
42403
42404
42405
42406
42407
42413
42418
42419
42422
42426
42428
42431
42434
42435
42441
42449
42450
42451
42452
42453
42458
42461
42464
42465
42466
42468
42470
42473
42474
42475
42477
42478
42480
42481
42483
42484
42485
42486
42488
42493
42496
42499
42502
42507
42508
42511
42516
42519
42524
42527
42528
42529
42532
42533
42534
42535
42536
42547
42553
42555
42559
42563
42565
42568
42570
42572
42573
42599
42606
42608
42610
42612
42619
42622
42624
42628
42629
42632
42634
42637
42642
42649
42650
42653
42655
42665
42666
42667
42669
42672
42673
42674
42678
42680
42684
42691
42693
42699
42704
42705
42706
42711
42714
42715
42721
42724
42725
42726
42727
42734
42735
42741
42744
42745
42746
42747
42748
42749
42754
42756
42762
42765
42766
42767
42769
42770
42775
42777
42778
42780
42784
42785
42786
42787
42791
42794
42797
42798
42800
42804
42807
42808
42813
42820
42822
42824
42826
42828
42832
42833
42835
42837
42846
42849
42851
42853
42861
42862
42863
42864
42868
42873
42874
42875
42877
42883
42886
42887
42889
42895
42896
42898
42900
42902
42905
42907
42912
42916
42919
42923
42924
42925
42927
42930
42933
42934
42936
42940
42941
42942
42943
42946
42948
42949
42953
42955
42956
42959
42960
42964
42966
42967
42970
42972
42975
42976
42978
42980
42981
42983
42985
42986
42991
42992
42995
42999
43001
43005
43008
43009
43011
43015
43017
43018
43019
43021
43022
43028
43030
43034
43038
43041
43046
43050
43051
43054
43058
43060
43062
43063
43066
43070
43073
43074
43081
43082
43088
43089
43092
43094
43098
43099
43102
43104
43111
43124
43126
43129
43135
43136
43137
43140
43142
43145
43159
43164
43167
43171
43181
43183
43185
43187
43190
43191
43193
43194
43195
43196
43205
43206
43211
43217
43221
43222
43224
43230
43236
43241
43244
43248
43250
43254
43256
43257
43261
43267
43271
43274
43281
43284
43285
43287
43288
43289
43294
43298
43299
43304
43309
43312
43313
43315
43316
43322
43325
43328
43330
43334
43335
43336
43338
43341
43354
43356
43357
43361
43362
43363
43370
43371
43372
43373
43374
43376
43377
43386
43389
43395
43397
43398
43400
43401
43405
43406
43407
43408
43410
43415
43422
43423
43431
43433
43434
43438
43439
43440
43441
43442
43448
43451
43453
43454
43456
43457
43459
43460
43461
43466
43468
43469
43471
43472
43474
43479
43483
43488
43489
43490
43492
43495
43498
43504
43506
43510
43517
43520
43521
43529
43532
43534
43535
43537
43541
43542
43555
43556
43558
43559
43563
43567
43568
43570
43571
43576
43578
43580
43581
43583
43592
43601
43605
43609
43610
43611
43614
43617
43618
43619
43620
43621
43623
43626
43636
43637
43638
43639
43643
43651
43655
43661
43663
43666
43669
43671
43674
43676
43682
43683
43686
43687
43688
43690
43691
43693
43694
43695
43697
43701
43703
43705
43707
43710
43714
43715
43718
43720
43722
43723
43725
43729
43733
43736
43737
43739
43740
43741
43743
43748
43749
43751
43752
43755
43759
43773
43775
43777
43778
43779
43782
43783
43786
43787
43788
43793
43797
43798
43801
43802
43807
43812
43819
43823
43827
43837
43838
43841
43845
43850
43852
43855
43856
43857
43859
43860
43866
43867
43868
43872
43873
43883
43889
43891
43895
43899
43906
43908
43915
43919
43928
43934
43935
43941
43943
43945
43947
43948
43950
43952
43962
43964
43965
43967
43973
43978
43981
43984
43986
43987
43998
43999
44003
44010
44013
44014
44015
44022
44025
44026
44032
44034
44038
44039
44044
44047
44048
44051
44054
44057
44059
44062
44067
44075
44079
44080
44081
44084
44090
44095
44096
44102
44104
44109
44115
44121
44122
44123
44128
44131
44134
44141
44153
44159
44162
44164
44165
44170
44171
44173
44174
44175
44178
44179
44181
44189
44191
44192
44198
44200
44201
44206
44208
44211
44212
44217
44218
44221
44223
44229
44234
44237
44239
44242
44243
44246
44247
44249
44252
44254
44257
44265
44268
44269
44274
44275
44277
44279
44283
44284
44286
44289
44299
44300
44301
44303
44305
44307
44312
44313
44315
44317
44318
44327
44329
44331
44333
44335
44336
44340
44341
44343
44348
44350
44353
44362
44364
44367
44372
44373
44377
44380
44381
44383
44394
44399
44408
44409
44410
44411
44413
44417
44425
44429
44431
44443
44444
44448
44452
44457
44458
44459
44460
44463
44464
44465
44466
44475
44477
44479
44481
44483
44488
44489
44495
44499
44500
44505
44512
44515
44516
44525
44529
44531
44532
44539
44541
44553
44557
44558
44561
44562
44570
44574
44589
44596
44601
44603
44608
44610
44611
44613
44628
44635
44641
44643
44651
44653
44656
44663
44665
44667
44669
44673
44676
44687
44692
44693
44694
44696
44700
44708
44715
44719
44721
44722
44723
44731
44733
44736
44737
44738
44741
44745
44746
44747
44749
44754
44755
44758
44761
44764
44766
44767
44770
44771
44773
44778
44781
44782
44784
44786
44787
44791
44798
44800
44806
44816
44818
44822
44823
44824
44828
44831
44833
44839
44843
44847
44857
44861
44864
44868
44870
44871
44875
44877
44880
44883
44888
44893
44894
44896
44899
44901
44903
44911
44918
44921
44925
44936
44938
44941
44942
44943
44947
44949
44954
44966
44969
44970
44971
44974
44979
44980
44983
44989
44990
44993
45001
45008
45009
45012
45013
45016
45018
45023
45026
45028
45030
45032
45033
45034
45035
45039
45041
45051
45052
45054
45055
45057
45068
45070
45074
45075
45079
45080
45086
45089
45092
45095
45099
45104
45105
45106
45114
45116
45119
45123
45127
45128
45129
45135
45143
45147
45149
45150
45152
45154
45157
45158
45161
45164
45178
45179
45180
45182
45184
45186
45190
45191
45192
45195
45197
45198
45199
45205
45212
45213
45215
45216
45217
45219
45226
45227
45228
45229
45230
45232
45233
45234
45238
45239
45245
45247
45248
45263
45265
45270
45272
45275
45276
45279
45292
45295
45297
45299
45300
45301
45302
45309
45311
45312
45313
45316
45317
45320
45321
45324
45325
45326
45328
45330
45333
45339
45341
45342
45346
45348
45351
45362
45367
45368
45373
45374
45375
45376
45378
45394
45396
45400
45401
45409
45410
45412
45414
45416
45421
45426
45427
45430
45432
45452
45456
45457
45462
45463
45465
45466
45467
45468
45476
45478
45479
45486
45494
45511
45513
45516
45517
45519
45525
45527
45529
45533
45534
45535
45537
45540
45545
45546
45548
45551
45554
45555
45556
45560
45575
45576
45579
45585
45586
45588
45595
45600
45614
45615
45621
45622
45623
45626
45627
45630
45634
45635
45636
45640
45641
45651
45658
45665
45669
45670
45683
45685
45688
45690
45691
45692
45695
45696
45698
45702
45705
45707
45709
45712
45714
45718
45720
45723
45727
45736
45739
45743
45746
45752
45766
45770
45772
45775
45781
45787
45788
45790
45794
45796
45808
45812
45813
45822
45827
45831
45833
45834
45840
45841
45842
45845
45849
45854
45855
45858
45859
45860
45861
45862
45866
45868
45869
45875
45878
45879
45881
45883
45890
45893
45895
45897
45898
45899
45903
45904
45906
45914
45920
45922
45930
45936
45939
45940
45950
45956
45957
45959
45968
45969
45973
45979
45981
45983
45986
45989
45992
45993
45994
45995
45996
45997
46001
46003
46006
46007
46008
46009
46017
46018
46022
46024
46025
46033
46035
46037
46039
46043
46046
46051
46052
46053
46060
46061
46064
46068
46074
46082
46084
46091
46094
46097
46099
46101
46103
46104
46110
46112
46113
46118
46120
46121
46124
46130
46133
46134
46142
46143
46148
46149
46151
46154
46157
46158
46160
46163
46164
46170
46171
46175
46178
46181
46182
46183
46184
46189
46193
46194
46201
46202
46206
46207
46209
46213
46221
46224
46228
46231
46234
46239
46240
46245
46251
46255
46257
46260
46261
46264
46265
46266
46273
46280
46285
46287
46289
46290
46295
46299
46300
46302
46306
46310
46314
46315
46317
46328
46338
46339
46342
46343
46344
46346
46353
46363
46368
46372
46377
46379
46385
46388
46389
46396
46398
46399
46403
46407
46410
46411
46414
46418
46419
46434
46435
46437
46438
46441
46445
46446
46449
46451
46456
46460
46471
46475
46476
46480
46481
46482
46483
46489
46491
46493
46497
46499
46507
46508
46509
46514
46520
46522
46529
46531
46534
46535
46536
46539
46544
46547
46548
46552
46559
46560
46565
46566
46568
46569
46571
46573
46578
46582
46587
46589
46596
46604
46605
46609
46610
46618
46620
46621
46627
46628
46631
46633
46634
46635
46636
46637
46643
46649
46653
46654
46655
46658
46659
46662
46664
46673
46674
46676
46678
46679
46685
46694
46698
46702
46704
46705
46706
46708
46710
46715
46716
46724
46726
46734
46736
46737
46739
46746
46747
46754
46767
46768
46778
46779
46782
46785
46786
46787
46796
46805
46807
46813
46814
46815
46819
46820
46822
46824
46828
46830
46837
46838
46840
46850
46862
46864
46867
46878
46886
46890
46908
46909
46912
46918
46919
46921
46922
46924
46925
46926
46927
46930
46931
46932
46937
46938
46943
46945
46947
46949
46951
46955
46958
46960
46961
46964
46966
46967
46968
46973
46975
46977
46981
46984
46985
46989
47000
47002
47006
47014
47022
47024
47026
47033
47034
47045
47047
47055
47057
47059
47060
47061
47066
47067
47070
47072
47074
47075
47077
47078
47081
47090
47091
47092
47093
47104
47108
47109
47113
47116
47126
47130
47132
47133
47145
47154
47157
47158
47160
47161
47162
47164
47171
47173
47177
47179
47185
47187
47188
47189
47193
47194
47204
47206
47209
47212
47214
47222
47224
47231
47236
47238
47241
47246
47252
47253
47260
47265
47266
47272
47275
47279
47280
47283
47286
47289
47292
47293
47301
47307
47313
47315
47317
47319
47322
47325
47327
47334
47336
47339
47340
47341
47344
47345
47346
47348
47351
47354
47356
47357
47358
47362
47364
47369
47373
47374
47375
47378
47384
47386
47391
47394
47406
47409
47410
47411
47412
47415
47416
47418
47422
47432
47433
47434
47437
47442
47449
47450
47451
47455
47468
47470
47473
47477
47478
47480
47484
47485
47494
47495
47497
47501
47503
47506
47510
47512
47514
47515
47521
47525
47526
47528
47538
47539
47544
47547
47548
47554
47558
47559
47561
47571
47577
47579
47584
47585
47592
47598
47599
47612
47621
47622
47625
47629
47641
47642
47645
47647
47653
47658
47659
47663
47665
47669
47673
47675
47677
47678
47680
47681
47686
47690
47692
47694
47698
47700
47702
47704
47718
47720
47726
47731
47734
47737
47740
47741
47743
47745
47747
47749
47752
47754
47755
47763
47768
47769
47771
47772
47778
47780
47781
47782
47784
47791
47797
47801
47802
47805
47813
47816
47821
47823
47828
47831
47832
47837
47842
47843
47852
47854
47863
47869
47870
47872
47874
47879
47882
47891
47895
47898
47904
47909
47913
47915
47927
47928
47929
47930
47941
47943
47944
47946
47952
47957
47961
47966
47970
47973
47979
47994
48001
48003
48015
48017
48023
48026
48030
48031
48033
48037
48039
48040
48043
48053
48056
48066
48068
48071
48077
48080
48086
48088
48095
48098
48099
48102
48109
48112
48113
48114
48116
48117
48120
48124
48125
48126
48127
48130
48131
48142
48144
48147
48149
48150
48153
48154
48155
48156
48163
48164
48166
48171
48176
48183
48189
48193
48203
48204
48209
48212
48217
48228
48230
48231
48232
48233
48237
48244
48248
48260
48261
48264
48270
48271
48274
48277
48281
48285
48286
48289
48293
48297
48298
48299
48302
48303
48309
48311
48315
48319
48321
48322
48323
48325
48326
48327
48328
48330
48331
48333
48335
48337
48338
48340
48343
48345
48346
48353
48358
48370
48372
48373
48374
48377
48380
48381
48386
48387
48391
48393
48395
48396
48400
48401
48408
48411
48412
48417
48419
48420
48423
48427
48428
48434
48436
48437
48438
48440
48443
48454
48456
48460
48462
48467
48473
48477
48478
48482
48483
48484
48485
48487
48494
48495
48500
48501
48503
48504
48508
48509
48510
48519
48520
48525
48526
48531
48536
48540
48542
48544
48554
48555
48560
48561
48566
48572
48573
48576
48578
48583
48584
48593
48595
48596
48603
48611
48621
48626
48629
48630
48633
48635
48638
48641
48645
48648
48654
48659
48661
48663
48664
48666
48678
48679
48681
48683
48685
48688
48690
48696
48702
48703
48704
48710
48711
48715
48716
48718
48720
48721
48723
48724
48733
48735
48739
48743
48745
48749
48752
48753
48756
48758
48759
48761
48763
48765
48767
48768
48772
48776
48778
48782
48787
48788
48791
48794
48807
48808
48814
48816
48820
48821
48823
48825
48826
48827
48829
48836
48837
48840
48844
48845
48854
48856
48865
48867
48874
48875
48876
48877
48880
48881
48884
48885
48889
48893
48894
48898
48902
48903
48906
48907
48910
48912
48921
48924
48925
48926
48934
48939
48943
48946
48949
48950
48955
48958
48959
48963
48970
48972
48976
48978
48982
48985
48993
48995
48999
49002
49009
49010
49016
49019
49028
49031
49036
49041
49042
49043
49044
49045
49057
49058
49059
49063
49064
49067
49070
49074
49078
49080
49084
49089
49096
49098
49100
49102
49105
49109
49110
49113
49123
49129
49132
49142
49143
49144
49146
49147
49150
49151
49154
49159
49160
49161
49165
49166
49171
49172
49186
49190
49191
49192
49194
49197
49201
49204
49209
49210
49217
49219
49220
49221
49222
49226
49229
49231
49238
49243
49252
49258
49265
49267
49272
49278
49280
49283
49287
49296
49298
49300
49303
49308
49311
49312
49313
49314
49316
49317
49320
49321
49322
49325
49326
49327
49328
49331
49343
49346
49347
49351
49359
49360
49362
49363
49367
49368
49370
49372
49374
49376
49379
49386
49389
49390
49394
49395
49396
49399
49400
49410
49414
49415
49419
49424
49427
49428
49431
49432
49434
49435
49436
49440
49442
49443
49445
49458
49464
49468
49470
49472
49475
49476
49477
49481
49483
49488
49491
49494
49498
49513
49515
49516
49523
49525
49529
49530
49531
49532
49533
49535
49539
49544
49546
49547
49548
49550
49557
49558
49564
49569
49573
49580
49583
49586
49587
49591
49597
49602
49606
49616
49621
49623
49624
49625
49640
49645
49647
49650
49652
49653
49654
49655
49666
49669
49672
49673
49683
49684
49685
49693
49694
49695
49696
49698
49708
49709
49711
49715
49716
49720
49726
49735
49744
49747
49749
49752
49753
49754
49769
49772
49773
49785
49787
49790
49792
49795
49799
49800
49807
49808
49810
49813
49815
49831
49836
49837
49844
49847
49848
49852
49855
49857
49859
49869
49870
49880
49881
49883
49884
49886
49887
49900
49902
49904
49909
49915
49916
49918
49922
49926
49929
49931
49932
49933
49934
49937
49947
49948
49949
49954
49955
49956
49959
49963
49964
49967
49968
49969
49970
49971
49973
49975
49977
49988
49989
49990
49991
49992
49993
49994
49998
50003
50007
50014
50016
50017
50020
50021
50023
50026
50027
50028
50029
50031
50032
50038
50039
50044
50054
50061
50067
50069
50079
50081
50085
50090
50093
50096
50098
50099
50100
50101
50104
50105
50106
50110
50111
50115
50118
50119
50125
50133
50136
50137
50139
50142
50148
50152
50153
50157
50158
50161
50162
50163
50168
50170
50180
50183
50184
50188
50189
50190
50191
50192
50195
50202
50203
50207
50210
50213
50214
50219
50224
50225
50231
50235
50237
50239
50240
50241
50242
50250
50252
50254
50255
50257
50258
50260
50272
50273
50275
50277
50280
50295
50301
50305
50307
50309
50320
50322
50326
50332
50336
50341
50345
50349
50354
50357
50360
50365
50367
50368
50372
50376
50377
50389
50399
50400
50401
50407
50414
50416
50417
50425
50428
50437
50438
50447
50452
50454
50460
50466
50469
50471
50487
50488
50491
50495
50502
50504
50514
50515
50522
50524
50527
50528
50536
50538
50539
50542
50547
50548
50554
50557
50560
50568
50574
50576
50577
50578
50581
50585
50590
50592
50595
50597
50605
50609
50610
50611
50612
50614
50617
50623
50633
50639
50643
50647
50648
50653
50654
50656
50658
50660
50661
50663
50665
50668
50680
50683
50688
50689
50690
50692
50695
50702
50713
50714
50716
50717
50727
50729
50736
50749
50750
50756
50763
50764
50767
50769
50774
50775
50779
50786
50791
50799
50804
50806
50815
50819
50820
50821
50823
50831
50839
50846
50850
50855
50861
50862
50863
50867
50869
50871
50875
50876
50882
50885
50892
50894
50897
50900
50901
50906
50931
50937
50941
50943
50945
50947
50951
50952
50954
50960
50973
50975
50976
50977
50982
50983
50984
50985
50988
50989
50990
50992
50998
51000
51001
51004
51006
51008
51016
51018
51021
51028
51030
51034
51036
51043
51048
51049
51051
51052
51054
51057
51059
51060
51067
51068
51071
51075
51076
51080
51088
51089
51093
51098
51099
51101
51102
51103
51110
51112
51120
51121
51123
51128
51129
51137
51141
51142
51155
51157
51158
51163
51169
51175
51178
51179
51183
51189
51193
51194
51199
51203
51204
51206
51207
51209
51211
51214
51216
51218
51219
51222
51223
51229
51231
51237
51246
51247
51274
51278
51279
51286
51290
51297
51299
51304
51307
51323
51328
51331
51332
51334
51336
51337
51343
51346
51350
51356
51357
51359
51362
51366
51375
51376
51378
51379
51383
51388
51389
51400
51405
51411
51412
51413
51416
51418
51420
51422
51439
51442
51444
51446
51450
51453
51454
51455
51456
51457
51458
51459
51461
51463
51474
51479
51481
51483
51495
51499
51505
51507
51520
51533
51534
51548
51554
51560
51561
51563
51564
51569
51570
51571
51572
51577
51578
51586
51594
51595
51599
51600
51604
51607
51609
51610
51612
51615
51616
51619
51623
51624
51631
51633
51637
51642
51654
51658
51661
51664
51665
51666
51667
51670
51675
51676
51679
51681
51689
51691
51692
51693
51698
51700
51712
51714
51721
51722
51725
51728
51735
51740
51741
51745
51747
51755
51761
51763
51769
51773
51775
51777
51779
51783
51784
51785
51795
51807
51816
51817
51819
51820
51821
51826
51835
51836
51839
51840
51850
51852
51854
51855
51856
51862
51863
51864
51871
51882
51885
51886
51888
51895
51900
51902
51910
51917
51922
51924
51925
51926
51927
51930
51935
51939
51946
51955
51958
51960
51968
51974
51977
51981
51982
51984
51988
51989
51995
52003
52015
52018
52019
52026
52033
52035
52036
52038
52044
52049
52063
52075
52077
52078
52081
52084
52086
52092
52097
52108
52110
52112
52113
52114
52116
52118
52121
52125
52129
52132
52137
52138
52152
52153
52154
52155
52157
52165
52169
52178
52180
52181
52182
52183
52193
52195
52196
52199
52208
52210
52214
52218
52223
52226
52228
52231
52233
52234
52236
52237
52243
52251
52259
52262
52265
52268
52272
52274
52275
52277
52290
52297
52300
52303
52310
52315
52318
52322
52324
52329
52342
52346
52351
52353
52359
52361
52365
52367
52372
52379
52381
52391
52392
52395
52400
52401
52410
52411
52413
52416
52419
52424
52425
52429
52433
52437
52441
52443
52446
52447
52449
52451
52452
52453
52457
52459
52461
52465
52467
52470
52471
52473
52478
52481
52489
52490
52492
52493
52498
52513
52515
52518
52524
52546
52549
52550
52551
52555
52557
52561
52563
52564
52567
52574
52575
52579
52581
52582
52584
52588
52590
52594
52601
52602
52603
52606
52610
52612
52625
52629
52651
52658
52663
52670
52677
52685
52686
52689
52698
52699
52701
52703
52714
52715
52722
52724
52727
52728
52736
52744
52746
52747
52755
52757
52760
52762
52763
52766
52773
52785
52786
52788
52789
52790
52795
52798
52809
52812
52815
52816
52818
52820
52821
52824
52826
52827
52829
52830
52832
52833
52836
52837
52840
52850
52851
52852
52853
52854
52857
52860
52862
52864
52865
52866
52870
52886
52894
52895
52898
52899
52900
52902
52903
52908
52912
52913
52917
52920
52938
52941
52943
52946
52957
52962
52963
52964
52967
52968
52971
52976
52979
52980
52983
52985
52986
52991
53001
53005
53012
53016
53019
53020
53026
53027
53032
53036
53037
53039
53041
53048
53053
53058
53069
53071
53072
53083
53088
53090
53095
53100
53105
53106
53107
53108
53109
53111
53118
53121
53136
53137
53139
53140
53141
53147
53150
53155
53158
53162
53169
53174
53179
53180
53185
53187
53189
53192
53194
53198
53206
53213
53218
53221
53222
53226
53228
53230
53231
53232
53233
53235
53238
53247
53251
53253
53254
53257
53258
53267
53272
53274
53276
53278
53280
53282
53283
53286
53295
53296
53297
53298
53300
53301
53302
53307
53312
53315
53317
53319
53322
53330
53336
53341
53343
53345
53347
53350
53356
53363
53364
53378
53379
53381
53383
53385
53390
53392
53396
53400
53402
53407
53414
53419
53423
53428
53434
53437
53442
53445
53451
53452
53454
53457
53461
53462
53463
53466
53469
53470
53472
53492
53493
53495
53496
53499
53501
53507
53511
53519
53525
53526
53531
53536
53538
53539
53540
53546
53547
53550
53555
53557
53559
53566
53567
53568
53571
53572
53576
53577
53578
53579
53582
53588
53589
53595
53602
53605
53606
53611
53616
53625
53632
53638
53643
53646
53648
53650
53653
53656
53661
53670
53671
53672
53682
53683
53695
53697
53702
53712
53723
53724
53725
53729
53747
53751
53753
53757
53760
53762
53763
53764
53767
53768
53769
53774
53775
53776
53778
53781
53785
53786
53790
53791
53792
53795
53797
53798
53811
53817
53820
53826
53828
53837
53838
53840
53846
53847
53850
53853
53858
53864
53871
53876
53877
53881
53885
53889
53898
53902
53905
53906
53908
53913
53914
53915
53916
53922
53926
53931
53938
53942
53945
53952
53954
53962
53963
53964
53968
53969
53970
53971
53973
53977
53981
53982
53983
53993
53996
54000
54003
54005
54006
54009
54013
54014
54015
54020
54022
54024
54026
54029
54034
54035
54040
54042
54043
54045
54047
54048
54059
54066
54074
54081
54098
54100
54103
54107
54109
54115
54119
54120
54124
54125
54129
54136
54137
54141
54146
54163
54164
54165
54188
54190
54206
54209
54211
54214
54215
54217
54219
54221
54223
54225
54231
54234
54238
54242
54244
54248
54258
54272
54276
54284
54287
54289
54292
54295
54297
54309
54310
54311
54312
54314
54319
54321
54322
54324
54327
54333
54342
54348
54354
54363
54365
54367
54375
54377
54379
54389
54390
54399
54401
54410
54416
54431
54433
54438
54445
54446
54456
54461
54462
54463
54466
54472
54476
54481
54499
54502
54510
54512
54515
54517
54520
54521
54526
54534
54541
54551
54558
54561
54566
54571
54576
54578
54586
54588
54591
54593
54594
54599
54600
54614
54622
54624
54625
54634
54639
54640
54644
54646
54653
54660
54665
54670
54671
54676
54677
54678
54679
54683
54684
54691
54707
54708
54709
54713
54714
54716
54717
54718
54722
54731
54734
54740
54745
54748
54753
54754
54755
54756
54757
54758
54774
54777
54779
54782
54784
54788
54789
54794
54799
54802
54804
54810
54811
54813
54814
54818
54820
54824
54828
54832
54834
54843
54854
54856
54858
54859
54860
54863
54865
54867
54871
54872
54873
54876
54878
54879
54882
54884
54887
54892
54896
54897
54898
54900
54903
54916
54917
54919
54920
54922
54926
54933
54935
54936
54942
54944
54946
54951
54954
54956
54958
54961
54963
54965
54967
54968
54969
54976
54984
54985
54988
54991
54992
54993
54994
55007
55014
55016
55017
55019
55024
55026
55029
55030
55034
55036
55042
55045
55049
55060
55061
55062
55064
55066
55067
55073
55075
55076
55078
55081
55082
55084
55087
55088
55089
55090
55102
55113
55115
55116
55117
55122
55123
55126
55127
55140
55146
55147
55148
55157
55169
55171
55173
55174
55175
55176
55180
55185
55186
55190
55203
55205
55206
55208
55210
55211
55212
55218
55221
55224
55227
55232
55235
55238
55240
55248
55254
55257
55259
55260
55266
55279
55290
55294
55296
55301
55304
55308
55311
55312
55313
55316
55320
55328
55331
55338
55354
55357
55361
55363
55365
55367
55368
55378
55384
55385
55394
55400
55402
55408
55411
55417
55419
55428
55434
55438
55442
55445
55447
55448
55452
55461
55464
55465
55471
55477
55478
55479
55483
55484
55488
55492
55497
55499
55509
55510
55512
55521
55529
55535
55536
55540
55542
55557
55566
55571
55572
55582
55587
55600
55601
55602
55603
55605
55606
55610
55615
55618
55619
55620
55637
55645
55656
55657
55662
55664
55665
55666
55668
55670
55671
55673
55676
55682
55683
55700
55704
55705
55710
55717
55718
55721
55723
55727
55729
55730
55733
55734
55735
55736
55737
55740
55743
55746
55747
55748
55749
55750
55762
55763
55776
55779
55780
55783
55784
55789
55793
55797
55807
55812
55813
55825
55833
55838
55842
55853
55866
55868
55872
55876
55877
55879
55884
55885
55893
55897
55901
55913
55918
55924
55927
55928
55929
55930
55933
55938
55941
55945
55946
55948
55949
55950
55952
55953
55954
55956
55958
55960
55965
55971
55972
55975
55976
55977
55982
55983
55985
55988
55989
55993
56001
56004
56006
56012
56014
56017
56018
56028
56030
56044
56047
56048
56051
56054
56056
56057
56062
56071
56073
56075
56077
56080
56081
56082
56084
56088
56091
56093
56094
56095
56099
56107
56111
56119
56124
56127
56128
56132
56139
56147
56150
56153
56157
56162
56163
56164
56166
56175
56178
56181
56182
56187
56195
56200
56201
56207
56216
56222
56229
56235
56241
56245
56256
56259
56260
56264
56265
56268
56272
56274
56276
56277
56284
56285
56292
56296
56301
56304
56307
56316
56325
56326
56332
56338
56340
56342
56343
56348
56352
56354
56364
56365
56370
56377
56378
56393
56398
56403
56404
56407
56411
56419
56421
56422
56425
56430
56434
56435
56437
56441
56443
56450
56460
56464
56467
56475
56480
56485
56488
56489
56490
56491
56496
56501
56504
56506
56507
56512
56513
56514
56523
56526
56533
56535
56536
56541
56548
56554
56556
56557
56564
56566
56568
56570
56574
56578
56581
56584
56595
56598
56604
56606
56636
56637
56641
56643
56644
56647
56656
56660
56662
56672
56677
56682
56688
56691
56692
56698
56699
56700
56703
56705
56708
56711
56713
56715
56718
56724
56728
56729
56730
56731
56733
56736
56738
56740
56742
56744
56747
56750
56751
56754
56755
56757
56760
56763
56767
56771
56773
56775
56782
56800
56812
56826
56830
56834
56837
56838
56839
56855
56858
56859
56862
56874
56887
56890
56892
56897
56899
56902
56903
56906
56912
56913
56917
56919
56920
56921
56925
56930
56932
56936
56950
56960
56962
56966
56968
56970
56980
56987
56991
56994
56996
57009
57013
57021
57026
57030
57032
57036
57039
57043
57050
57053
57061
57062
57066
57069
57074
57078
57098
57099
57104
57105
57107
57108
57109
57115
57120
57121
57124
57135
57136
57137
57138
57141
57144
57146
57147
57148
57157
57158
57164
57177
57179
57182
57184
57186
57187
57194
57199
57200
57202
57206
57223
57226
57229
57230
57235
57238
57239
57244
57247
57248
57259
57260
57271
57272
57277
57278
57280
57281
57283
57285
57286
57287
57290
57291
57294
57296
57298
57306
57309
57319
57321
57324
57326
57330
57331
57345
57352
57353
57363
57365
57367
57369
57372
57373
57374
57375
57376
57378
57382
57390
57402
57409
57413
57415
57419
57420
57422
57424
57427
57432
57433
57438
57444
57448
57449
57453
57455
57458
57461
57467
57477
57479
57480
57484
57489
57491
57495
57497
57498
57501
57510
57515
57518
57522
57530
57545
57549
57555
57563
57565
57571
57573
57584
57585
57586
57587
57590
57591
57595
57597
57603
57608
57616
57618
57622
57623
57624
57625
57634
57637
57643
57646
57647
57648
57653
57654
57655
57657
57660
57661
57663
57664
57671
57677
57678
57685
57687
57694
57705
57706
57713
57715
57716
57720
57728
57732
57733
57734
57739
57744
57746
57749
57751
57755
57760
57772
57775
57780
57784
57790
57796
57799
57802
57803
57811
57831
57834
57846
57848
57849
57857
57859
57861
57863
57864
57867
57870
57871
57873
57874
57876
57879
57880
57882
57894
57897
57899
57900
57902
57904
57905
57906
57908
57909
57922
57927
57928
57930
57932
57934
57935
57939
57940
57943
57946
57947
57948
57949
57952
57953
57959
57961
57962
57963
57971
57977
57981
57985
57989
57992
57994
57996
57998
57999
58002
58003
58004
58011
58020
58021
58022
58025
58027
58030
58037
58038
58047
58048
58055
58066
58068
58070
58087
58097
58100
58108
58116
58117
58118
58122
58126
58133
58139
58140
58141
58143
58145
58156
58160
58166
58170
58172
58179
58181
58183
58184
58186
58187
58188
58190
58192
58193
58194
58196
58197
58203
58205
58206
58208
58210
58216
58219
58221
58225
58236
58239
58242
58243
58244
58252
58266
58270
58272
58279
58288
58292
58293
58297
58300
58302
58307
58310
58312
58313
58316
58317
58321
58328
58333
58334
58338
58341
58343
58344
58346
58349
58351
58356
58359
58363
58367
58370
58371
58373
58382
58387
58391
58392
58398
58407
58418
58424
58427
58431
58432
58438
58443
58444
58445
58447
58457
58458
58463
58467
58469
58482
58490
58495
58497
58499
58507
58509
58510
58511
58515
58516
58517
58532
58536
58541
58550
58552
58553
58554
58555
58560
58562
58565
58567
58575
58576
58578
58582
58585
58586
58597
58605
58610
58613
58614
58615
58632
58635
58637
58638
58640
58641
58648
58652
58653
58655
58660
58662
58664
58666
58668
58673
58674
58676
58680
58681
58684
58686
58687
58703
58705
58708
58709
58711
58713
58720
58723
58726
58733
58737
58739
58744
58745
58746
58760
58762
58768
58772
58773
58781
58788
58793
58794
58800
58802
58811
58814
58823
58826
58835
58848
58849
58854
58858
58859
58860
58864
58865
58870
58871
58873
58875
58879
58880
58881
58882
58884
58885
58904
58905
58911
58925
58927
58928
58934
58940
58941
58944
58946
58948
58955
58957
58958
58961
58962
58971
58973
58981
58983
58988
58994
58995
58996
59009
59010
59015
59016
59018
59023
59024
59031
59033
59035
59038
59040
59041
59050
59056
59061
59065
59076
59085
59087
59090
59092
59096
59097
59099
59101
59102
59103
59111
59118
59119
59121
59126
59141
59142
59149
59150
59152
59157
59158
59162
59173
59174
59187
59190
59191
59195
59196
59197
59199
59200
59210
59218
59224
59225
59227
59241
59242
59250
59253
59255
59262
59266
59271
59281
59282
59285
59290
59295
59296
59298
59301
59306
59309
59311
59314
59315
59319
59323
59326
59335
59338
59339
59343
59347
59355
59358
59359
59360
59367
59372
59376
59378
59379
59381
59385
59388
59390
59392
59395
59398
59399
59400
59401
59405
59431
59433
59434
59441
59452
59467
59469
59470
59474
59476
59477
59478
59481
59490
59491
59499
59504
59505
59508
59511
59513
59514
59515
59517
59518
59519
59525
59526
59533
59535
59537
59540
59545
59552
59554
59555
59560
59563
59576
59582
59584
59589
59596
59598
59600
59601
59605
59607
59610
59613
59614
59616
59617
59618
59621
59622
59626
59629
59630
59635
59636
59639
59643
59651
59654
59657
59661
59666
59676
59678
59683
59684
59700
59713
59714
59724
59728
59732
59736
59742
59745
59752
59753
59756
59761
59768
59769
59784
59790
59792
59797
59799
59800
59803
59806
59810
59816
59818
59822
59823
59826
59827
59830
59831
59836
59840
59842
59848
59849
59854
59855
59867
59868
59878
59884
59886
59887
59890
59891
59892
59893
59898
59899
59907
59910
59911
59914
59917
59918
59920
59923
59924
59927
59932
59933
59936
59937
59940
59941
59942
59945
59948
59950
59951
59953
59987
59994
59995
60004
60011
60013
60018
60019
60031
60035
60039
60041
60045
60049
60057
60065
60066
60067
60068
60069
60073
60077
60086
60090
60098
60099
60104
60109
60110
60113
60120
60124
60125
60129
60131
60134
60135
60136
60156
60158
60161
60163
60165
60166
60172
60173
60175
60189
60190
60199
60215
60216
60218
60224
60227
60239
60240
60241
60261
60263
60279
60284
60286
60298
60299
60300
60303
60305
60308
60313
60314
60320
60322
60333
60335
60342
60345
60347
60351
60352
60353
60356
60361
60362
60364
60366
60369
60373
60376
60379
60389
60390
60394
60400
60401
60405
60408
60414
60424
60427
60429
60442
60444
60445
60447
60450
60457
60461
60464
60466
60471
60473
60476
60477
60482
60488
60492
60494
60495
60504
60506
60507
60509
60521
60523
60529
60534
60545
60546
60556
60559
60566
60569
60571
60577
60581
60585
60587
60592
60594
60595
60598
60611
60619
60622
60626
60634
60640
60643
60644
60648
60659
60661
60662
60670
60671
60674
60680
60689
60692
60693
60696
60697
60698
60699
60701
60703
60704
60705
60707
60714
60717
60719
60725
60726
60729
60733
60739
60742
60744
60750
60755
60757
60759
60771
60777
60780
60784
60785
60786
60793
60797
60801
60804
60805
60806
60807
60812
60813
60816
60819
60820
60822
60823
60828
60831
60833
60841
60843
60845
60847
60854
60862
60870
60879
60880
60883
60885
60892
60895
60898
60908
60912
60916
60924
60932
60935
60938
60940
60943
60955
60958
60961
60963
60966
60967
60973
60975
60979
60986
60993
60996
61002
61007
61008
61010
61013
61017
61019
61021
61026
61029
61030
61031
61032
61038
61040
61041
61049
61050
61057
61060
61069
61075
61086
61092
61093
61098
61105
61110
61111
61113
61114
61135
61137
61138
61141
61143
61145
61148
61151
61157
61176
61198
61207
61213
61218
61222
61224
61226
61227
61228
61229
61230
61236
61237
61239
61248
61249
61253
61257
61259
61260
61262
61265
61275
61276
61280
61282
61284
61286
61288
61296
61298
61300
61302
61307
61315
61323
61326
61328
61329
61330
61333
61338
61342
61344
61346
61356
61359
61361
61363
61368
61374
61376
61382
61385
61390
61392
61393
61394
61396
61398
61399
61400
61413
61416
61420
61426
61429
61430
61432
61433
61434
61442
61443
61444
61446
61447
61448
61449
61451
61454
61457
61458
61468
61478
61482
61498
61500
61501
61502
61516
61520
61521
61523
61525
61529
61530
61533
61538
61539
61545
61546
61552
61568
61587
61593
61598
61602
61603
61608
61616
61621
61622
61624
61633
61635
61636
61641
61642
61643
61645
61652
61653
61658
61662
61674
61677
61683
61693
61694
61696
61699
61711
61717
61720
61722
61725
61727
61731
61733
61737
61744
61746
61749
61752
61757
61765
61773
61774
61778
61779
61781
61786
61788
61789
61790
61798
61800
61820
61822
61823
61830
61831
61838
61839
61842
61847
61848
61850
61863
61866
61871
61872
61873
61883
61896
61897
61901
61902
61905
61909
61912
61914
61918
61919
61923
61924
61942
61948
61950
61952
61954
61955
61974
61983
61984
61992
62004
62005
62009
62010
62019
62027
62031
62033
62034
62036
62039
62040
62044
62052
62053
62057
62061
62062
62064
62069
62076
62082
62083
62088
62089
62093
62099
62104
62105
62108
62112
62113
62116
62117
62126
62132
62139
62152
62154
62156
62157
62165
62167
62168
62171
62172
62177
62178
62180
62182
62189
62193
62194
62200
62206
62213
62228
62229
62230
62234
62237
62246
62253
62258
62259
62260
62263
62267
62269
62274
62275
62278
62279
62284
62287
62294
62297
62298
62300
62301
62302
62307
62311
62318
62334
62336
62342
62343
62355
62358
62363
62365
62366
62375
62377
62378
62379
62388
62391
62392
62405
62406
62408
62409
62416
62424
62434
62437
62442
62443
62449
62452
62455
62457
62458
62460
62462
62476
62479
62481
62484
62495
62507
62517
62518
62520
62523
62526
62531
62536
62550
62556
62557
62558
62559
62560
62567
62568
62572
62575
62577
62584
62589
62592
62597
62611
62621
62622
62631
62634
62636
62637
62638
62641
62643
62647
62649
62658
62669
62676
62677
62680
62690
62692
62697
62699
62706
62708
62715
62721
62722
62729
62735
62743
62753
62754
62757
62761
62763
62782
62785
62787
62792
62795
62796
62798
62801
62805
62808
62813
62815
62817
62828
62833
62839
62847
62850
62851
62861
62865
62866
62885
62895
62896
62898
62900
62905
62907
62910
62922
62923
62924
62929
62933
62937
62938
62940
62943
62949
62953
62966
62969
62970
62979
62987
62993
63003
63004
63007
63012
63016
63019
63030
63031
63032
63044
63047
63048
63049
63050
63051
63064
63065
63068
63069
63074
63080
63088
63090
63096
63101
63108
63109
63110
63137
63144
63157
63161
63164
63171
63174
63179
63183
63184
63188
63190
63219
63222
63224
63227
63234
63237
63241
63247
63250
63254
63256
63258
63262
63267
63270
63271
63282
63284
63285
63291
63292
63294
63295
63296
63309
63310
63317
63322
63326
63328
63331
63340
63341
63347
63348
63352
63353
63358
63360
63366
63381
63385
63386
63387
63389
63390
63402
63409
63410
63414
63418
63419
63424
63425
63429
63430
63432
63433
63437
63440
63447
63449
63457
63460
63472
63474
63483
63486
63490
63499
63503
63504
63505
63506
63511
63516
63525
63526
63527
63528
63532
63536
63542
63545
63547
63550
63556
63558
63560
63562
63563
63574
63585
63587
63592
63595
63599
63614
63618
63624
63628
63634
63638
63641
63645
63647
63658
63664
63667
63680
63686
63693
63694
63695
63704
63705
63709
63712
63713
63716
63721
63724
63725
63730
63733
63737
63740
63744
63751
63762
63767
63773
63774
63785
63786
63798
63799
63802
63808
63826
63834
63836
63839
63842
63847
63854
63856
63857
63862
63865
63866
63879
63881
63883
63887
63889
63897
63903
63913
63918
63926
63931
63942
63947
63949
63952
63957
63970
63972
63973
63976
63978
63982
63987
63993
63995
64001
64008
64013
64023
64026
64035
64037
64039
64041
64051
64054
64070
64071
64073
64076
64077
64080
64083
64085
64092
64094
64100
64112
64113
64115
64117
64123
64125
64128
64130
64131
64134
64141
64143
64151
64154
64159
64161
64163
64168
64171
64175
64180
64182
64185
64188
64190
64195
64202
64206
64213
64216
64217
64228
64233
64239
64241
64243
64244
64247
64252
64254
64255
64262
64267
64268
64271
64272
64281
64283
64287
64288
64290
64297
64301
64303
64304
64307
64309
64311
64316
64323
64324
64325
64328
64330
64332
64333
64341
64343
64346
64350
64359
64366
64369
64371
64372
64378
64381
64383
64384
64386
64387
64389
64390
64391
64398
64401
64404
64412
64415
64426
64431
64444
64448
64453
64455
64456
64462
64467
64475
64487
64493
64500
64506
64517
64524
64532
64533
64535
64536
64548
64549
64554
64557
64559
64560
64562
64564
64565
64568
64570
64574
64579
64583
64584
64588
64590
64592
64594
64596
64599
64603
64608
64616
64618
64621
64627
64628
64644
64645
64646
64650
64651
64666
64669
64671
64676
64683
64687
64699
64700
64701
64702
64707
64708
64712
64714
64715
64725
64726
64738
64743
64744
64747
64751
64755
64760
64770
64774
64776
64777
64787
64791
64798
64800
64804
64811
64815
64817
64819
64831
64833
64834
64839
64852
64859
64870
64876
64877
64881
64885
64887
64897
64899
64911
64916
64917
64922
64926
64932
64937
64942
64947
64949
64955
64956
64959
64960
64962
64963
64966
64973
64974
64979
64985
64989
64994
64998
65007
65019
65020
65023
65028
65031
65043
65047
65051
65060
65065
65071
65077
65080
65084
65088
65092
65098
65114
65120
65127
65128
65129
65130
65134
65137
65138
65142
65151
65154
65157
65162
65165
65167
65169
65173
65175
65178
65179
65181
65182
65186
65187
65189
65195
65202
65207
65210
65214
65220
65222
65223
65225
65239
65246
65252
65259
65266
65267
65269
65277
65280
65285
65286
65289
65290
65293
65297
65309
65311
65316
65319
65321
65323
65325
65326
65329
65332
65339
65340
65343
65354
65371
65374
65386
65387
65392
65394
65397
65399
65400
65405
65418
65420
65424
65427
65432
65434
65442
65443
65454
65458
65461
65462
65463
65470
65481
65484
65487
65490
65493
65497
65498
65501
65512
65518
65521
65526
65530
65531
65534
65535
65539
65542
65548
65550
65552
65562
65569
65573
65575
65588
65591
65594
65601
65615
65619
65625
65635
65638
65639
65640
65644
65652
65653
65656
65660
65662
65663
65666
65667
65672
65675
65677
65685
65691
65693
65694
65703
65705
65713
65714
65715
65720
65724
65728
65729
65734
65735
65738
65747
65752
65756
65758
65764
65770
65771
65774
65775
65779
65782
65785
65788
65789
65790
65793
65800
65802
65804
65811
65813
65826
65829
65834
65837
65841
65844
65851
65852
65857
65858
65871
65874
65875
65876
65887
65892
65896
65914
65915
65916
65920
65921
65922
65944
65948
65966
65968
65972
65974
65979
65981
65982
65983
65986
65987
65988
65993
65994
65999
66005
66006
66009
66012
66022
66024
66027
66042
66044
66049
66055
66059
66063
66065
66073
66078
66082
66094
66098
66103
66106
66107
66109
66115
66129
66131
66135
66139
66144
66146
66148
66152
66155
66158
66160
66163
66164
66169
66175
66177
66188
66194
66209
66210
66213
66218
66224
66232
66237
66238
66246
66252
66255
66275
66278
66281
66287
66289
66291
66303
66307
66311
66321
66326
66334
66344
66345
66346
66347
66351
66354
66355
66357
66358
66361
66364
66371
66380
66381
66397
66406
66407
66408
66412
66413
66414
66418
66420
66424
66425
66430
66433
66434
66443
66445
66448
66463
66465
66467
66476
66483
66484
66485
66489
66491
66499
66509
66519
66526
66549
66552
66553
66561
66566
66568
66577
66593
66597
66598
66604
66613
66616
66617
66620
66621
66634
66641
66642
66653
66655
66663
66675
66679
66682
66695
66703
66711
66722
66726
66728
66731
66745
66746
66753
66754
66761
66767
66769
66771
66777
66781
66785
66795
66799
66832
66834
66841
66843
66853
66863
66864
66867
66872
66874
66886
66887
66899
66900
66901
66905
66906
66910
66925
66926
66933
66935
66938
66939
66947
66948
66953
66956
66957
66961
66962
66965
66977
66985
66988
66990
66995
66996
67008
67010
67016
67025
67031
67034
67035
67041
67043
67046
67052
67055
67056
67058
67060
67076
67080
67091
67092
67094
67100
67109
67114
67116
67128
67130
67137
67139
67140
67142
67144
67152
67154
67165
67170
67172
67173
67175
67176
67178
67186
67195
67196
67203
67205
67206
67219
67220
67226
67229
67232
67236
67241
67244
67248
67251
67263
67267
67269
67277
67278
67280
67288
67292
67294
67295
67301
67304
67306
67309
67313
67318
67319
67325
67336
67337
67339
67350
67356
67358
67361
67362
67363
67366
67369
67370
67383
67385
67386
67396
67401
67402
67403
67407
67410
67412
67413
67417
67423
67424
67430
67432
67440
67442
67443
67444
67459
67465
67469
67473
67481
67485
67487
67489
67491
67494
67505
67509
67515
67518
67525
67528
67542
67546
67547
67548
67550
67551
67553
67558
67559
67566
67574
67579
67580
67582
67586
67587
67598
67599
67602
67606
67614
67628
67637
67638
67642
67648
67664
67666
67669
67673
67678
67684
67689
67690
67691
67694
67695
67700
67714
67716
67722
67726
67733
67734
67740
67743
67746
67748
67750
67755
67763
67765
67769
67770
67773
67774
67781
67786
67789
67793
67803
67805
67814
67815
67817
67818
67820
67826
67827
67831
67832
67841
67843
67847
67855
67864
67865
67875
67877
67884
67886
67894
67909
67916
67922
67926
67927
67935
67939
67941
67944
67948
67950
67953
67955
67957
67983
67985
67990
67997
68002
68009
68011
68026
68028
68043
68044
68049
68051
68060
68065
68068
68072
68073
68079
68080
68085
68086
68088
68091
68092
68103
68112
68121
68124
68131
68135
68137
68142
68144
68145
68146
68147
68148
68154
68162
68164
68168
68170
68174
68184
68188
68191
68211
68219
68220
68224
68227
68231
68234
68238
68239
68244
68245
68250
68253
68257
68266
68268
68272
68281
68284
68286
68287
68289
68295
68297
68302
68306
68309
68310
68311
68318
68320
68322
68326
68329
68331
68334
68338
68345
68356
68359
68367
68371
68374
68380
68387
68388
68408
68412
68414
68415
68417
68420
68421
68423
68424
68437
68439
68442
68449
68453
68455
68462
68465
68467
68471
68480
68490
68493
68496
68499
68506
68507
68516
68520
68523
68529
68530
68534
68535
68537
68539
68542
68544
68550
68554
68559
68561
68577
68579
68583
68588
68605
68607
68613
68614
68625
68626
68628
68640
68642
68643
68646
68651
68658
68664
68675
68676
68679
68694
68701
68704
68714
68719
68720
68723
68738
68740
68743
68744
68747
68752
68758
68761
68763
68771
68774
68784
68796
68808
68814
68816
68818
68819
68823
68835
68841
68843
68846
68858
68865
68866
68868
68879
68882
68886
68889
68897
68906
68917
68929
68931
68934
68935
68938
68941
68943
68944
68951
68954
68955
68961
68968
68971
68973
68974
68975
68980
68982
68984
68995
68999
69011
69013
69015
69016
69018
69021
69022
69026
69030
69034
69040
69052
69058
69061
69062
69064
69065
69075
69090
69097
69098
69100
69101
69104
69105
69106
69108
69111
69112
69113
69128
69130
69138
69140
69142
69143
69144
69152
69159
69162
69164
69171
69176
69179
69181
69183
69184
69185
69186
69203
69207
69222
69223
69234
69235
69242
69243
69250
69252
69271
69275
69276
69281
69291
69292
69297
69298
69299
69307
69311
69319
69321
69322
69328
69330
69332
69339
69342
69346
69356
69367
69368
69374
69379
69386
69390
69391
69402
69405
69410
69414
69417
69423
69425
69428
69435
69442
69453
69460
69462
69463
69468
69472
69473
69482
69493
69499
69502
69508
69515
69516
69532
69536
69542
69543
69546
69547
69551
69552
69554
69577
69595
69598
69609
69611
69613
69614
69620
69627
69628
69637
69639
69641
69651
69662
69666
69668
69669
69673
69675
69701
69705
69710
69714
69715
69716
69724
69740
69745
69762
69764
69767
69773
69776
69779
69787
69793
69794
69796
69799
69812
69813
69814
69821
69825
69830
69834
69835
69837
69838
69839
69848
69851
69853
69855
69857
69859
69867
69879
69880
69883
69884
69888
69905
69909
69916
69918
69924
69930
69931
69951
69953
69963
69973
69978
69984
69998
70003
70006
70014
70015
70018
70044
70060
70071
70075
70077
70078
70083
70090
70096
70110
70115
70120
70126
70128
70133
70134
70142
70152
70156
70164
70173
70180
70194
70198
70202
70207
70208
70215
70216
70218
70220
70221
70227
70232
70235
70236
70237
70247
70248
70249
70250
70252
70260
70261
70265
70270
70272
70276
70295
70297
70298
70299
70323
70325
70332
70336
70337
70345
70356
70360
70364
70365
70368
70371
70374
70387
70392
70402
70403
70413
70417
70420
70421
70422
70437
70439
70442
70443
70457
70466
70469
70471
70481
70487
70491
70493
70507
70523
70526
70531
70535
70540
70541
70545
70546
70548
70549
70550
70561
70562
70577
70586
70587
70589
70590
70591
70592
70617
70618
70626
70634
70641
70644
70648
70653
70661
70672
70676
70678
70679
70687
70699
70700
70704
70705
70706
70712
70713
70721
70722
70723
70724
70728
70729
70732
70740
70753
70754
70757
70764
70796
70798
70808
70811
70813
70814
70822
70827
70839
70842
70850
70851
70852
70853
70854
70855
70863
70865
70869
70876
70883
70887
70892
70897
70902
70903
70910
70916
70920
70922
70923
70928
70933
70937
70939
70951
70955
70956
70958
70967
70971
70976
70979
70992
70994
70995
70997
71001
71005
71006
71007
71009
71011
71014
71027
71028
71029
71033
71036
71037
71044
71046
71048
71055
71056
71058
71064
71074
71078
71079
71087
71088
71095
71096
71099
71108
71118
71120
71121
71122
71135
71136
71143
71151
71154
71163
71166
71171
71179
71185
71190
71201
71203
71204
71205
71206
71207
71212
71218
71219
71227
71235
71242
71245
71249
71252
71261
71264
71266
71268
71269
71284
71291
71293
71301
71303
71306
71317
71318
71319
71324
71326
71335
71336
71346
71348
71351
71361
71365
71366
71369
71370
71371
71378
71383
71384
71394
71395
71403
71415
71420
71426
71431
71437
71439
71442
71455
71458
71470
71475
71477
71478
71479
71480
71484
71488
71489
71497
71499
71503
71518
71519
71530
71531
71545
71547
71549
71559
71561
71580
71584
71586
71602
71615
71622
71623
71624
71625
71631
71632
71633
71641
71645
71649
71651
71654
71662
71664
71666
71688
71689
71702
71703
71704
71706
71709
71713
71717
71730
71737
71739
71746
71753
71756
71759
71765
71772
71774
71779
71792
71794
71802
71803
71804
71823
71827
71829
71835
71845
71847
71857
71865
71883
71884
71891
71892
71894
71898
71908
71915
71917
71929
71932
71934
71937
71945
71952
71955
71977
71979
71983
71984
71993
71996
72004
72010
72014
72031
72033
72037
72038
72042
72043
72044
72048
72050
72059
72064
72071
72081
72082
72083
72084
72086
72090
72100
72101
72102
72103
72112
72115
72127
72132
72143
72145
72146
72159
72166
72172
72191
72202
72204
72207
72222
72228
72233
72236
72239
72242
72247
72251
72252
72255
72259
72265
72269
72284
72291
72298
72303
72309
72318
72323
72329
72339
72342
72345
72354
72357
72365
72373
72380
72382
72387
72388
72391
72395
72399
72400
72407
72411
72412
72420
72434
72435
72437
72441
72451
72460
72469
72476
72499
72500
72503
72506
72515
72518
72539
72544
72545
72582
72588
72602
72606
72608
72609
72617
72620
72650
72651
72652
72663
72669
72672
72674
72676
72686
72695
72700
72705
72712
72719
72725
72734
72742
72744
72745
72746
72750
72752
72758
72763
72766
72769
72770
72771
72773
72775
72777
72784
72806
72807
72808
72811
72836
72847
72849
72850
72851
72852
72860
72861
72866
72880
72886
72889
72891
72896
72898
72900
72909
72912
72913
72915
72921
72925
72932
72935
72939
72947
72949
72950
72957
72966
72984
72991
72993
72994
73002
73006
73016
73023
73028
73030
73043
73048
73052
73053
73060
73071
73075
73090
73095
73097
73099
73115
73128
73139
73142
73143
73144
73146
73148
73155
73158
73163
73165
73174
73176
73186
73187
73189
73199
73211
73221
73223
73230
73235
73239
73248
73249
73259
73260
73261
73264
73267
73274
73285
73286
73290
73291
73298
73300
73301
73309
73310
73319
73321
73326
73329
73337
73338
73339
73341
73352
73353
73357
73364
73365
73366
73367
73370
73371
73373
73378
73379
73385
73388
73390
73391
73392
73394
73395
73398
73406
73415
73438
73439
73451
73462
73467
73469
73476
73482
73495
73507
73509
73512
73518
73530
73540
73542
73546
73552
73554
73557
73562
73564
73568
73571
73573
73574
73575
73577
73578
73579
73582
73583
73592
73606
73607
73608
73611
73617
73621
73622
73630
73633
73636
73649
73650
73655
73662
73664
73668
73674
73679
73685
73695
73696
73697
73698
73703
73704
73708
73711
73713
73716
73722
73723
73727
73737
73747
73749
73754
73755
73757
73762
73765
73766
73769
73774
73775
73795
73797
73799
73800
73804
73817
73819
73826
73830
73832
73845
73853
73861
73862
73874
73879
73897
73906
73909
73915
73916
73918
73920
73922
73936
73938
73958
73959
73970
73977
73982
73991
74003
74011
74013
74017
74029
74031
74038
74043
74045
74046
74056
74057
74058
74061
74068
74078
74087
74089
74092
74093
74099
74105
74157
74160
74166
74170
74178
74185
74187
74192
74197
74200
74206
74210
74216
74220
74238
74240
74242
74244
74251
74258
74263
74267
74269
74272
74284
74287
74288
74294
74298
74299
74300
74316
74319
74326
74333
74340
74344
74348
74352
74358
74369
74384
74388
74393
74399
74406
74407
74412
74414
74419
74420
74422
74424
74425
74426
74431
74438
74450
74455
74459
74466
74470
74473
74479
74482
74483
74485
74487
74498
74499
74501
74506
74509
74512
74513
74517
74526
74534
74537
74538
74540
74542
74551
74553
74554
74557
74562
74569
74574
74575
74576
74579
74582
74583
74594
74596
74597
74600
74601
74602
74622
74624
74633
74637
74638
74639
74650
74653
74659
74666
74685
74694
74702
74709
74719
74720
74735
74737
74740
74746
74764
74765
74780
74790
74806
74813
74817
74828
74837
74839
74845
74855
74862
74864
74868
74874
74879
74883
74889
74890
74891
74892
74898
74901
74910
74911
74916
74923
74926
74936
74938
74951
74954
74957
74961
74962
74963
74972
74979
74984
74987
74988
74990
74994
74998
75000
75009
75013
75014
75019
75022
75024
75029
75038
75039
75051
75053
75062
75064
75065
75069
75078
75084
75085
75086
75091
75092
75094
75095
75098
75099
75104
75106
75108
75109
75113
75122
75124
75126
75130
75134
75137
75144
75146
75149
75159
75191
75201
75211
75212
75213
75216
75219
75224
75235
75236
75241
75249
75262
75264
75270
75284
75286
75294
75296
75297
75299
75302
75311
75315
75329
75332
75336
75343
75345
75346
75347
75352
75353
75360
75367
75371
75374
75376
75380
75381
75385
75389
75399
75405
75408
75411
75412
75414
75415
75416
75418
75420
75435
75456
75467
75473
75480
75485
75488
75491
75492
75497
75502
75505
75506
75509
75514
75522
75528
75530
75531
75537
75543
75551
75553
75559
75561
75563
75565
75566
75569
75570
75571
75576
75579
75580
75582
75585
75593
75598
75603
75612
75619
75621
75622
75631
75633
75639
75641
75651
75652
75658
75663
75667
75670
75674
75676
75679
75682
75689
75692
75698
75708
75736
75737
75740
75745
75750
75752
75755
75759
75760
75763
75764
75767
75770
75771
75772
75773
75777
75778
75782
75783
75784
75788
75798
75808
75821
75823
75824
75851
75861
75862
75864
75867
75873
75875
75881
75883
75887
75888
75891
75892
75897
75898
75911
75913
75914
75919
75922
75928
75931
75948
75952
75953
75954
75956
75963
75969
75971
75972
75984
75999
76011
76017
76019
76023
76036
76038
76043
76051
76052
76056
76057
76061
76063
76073
76101
76109
76111
76112
76115
76116
76118
76125
76135
76140
76142
76155
76162
76170
76172
76173
76177
76179
76181
76186
76187
76190
76193
76195
76206
76211
76225
76227
76241
76245
76247
76256
76262
76269
76276
76279
76280
76282
76293
76296
76299
76306
76309
76314
76320
76323
76331
76341
76344
76349
76351
76356
76361
76366
76368
76374
76389
76399
76403
76405
76406
76408
76412
76417
76418
76422
76423
76425
76428
76435
76447
76449
76452
76454
76455
76458
76459
76466
76467
76473
76481
76482
76501
76503
76505
76508
76528
76532
76533
76534
76540
76555
76556
76558
76559
76560
76561
76581
76584
76586
76589
76591
76594
76604
76610
76611
76629
76631
76637
76640
76642
76643
76645
76646
76663
76665
76672
76675
76700
76702
76713
76720
76722
76727
76737
76740
76742
76748
76758
76761
76762
76771
76777
76784
76800
76801
76802
76803
76808
76812
76817
76820
76826
76830
76835
76837
76843
76850
76859
76866
76870
76877
76879
76885
76890
76899
76903
76908
76924
76925
76930
76935
76941
76947
76950
76960
76963
76981
76984
76987
76989
76993
76994
76997
77000
77003
77016
77025
77033
77035
77036
77057
77078
77086
77087
77090
77094
77098
77116
77118
77121
77128
77132
77140
77145
77147
77176
77187
77189
77199
77214
77217
77218
77221
77225
77229
77231
77232
77242
77244
77246
77253
77260
77272
77274
77289
77290
77295
77296
77298
77315
77326
77328
77340
77342
77347
77362
77375
77382
77387
77388
77392
77394
77396
77398
77399
77401
77411
77412
77421
77428
77430
77431
77434
77443
77454
77463
77466
77476
77483
77484
77487
77493
77497
77501
77502
77508
77515
77526
77532
77553
77560
77562
77565
77571
77577
77581
77584
77585
77589
77596
77600
77603
77604
77605
77617
77622
77623
77625
77627
77629
77633
77637
77649
77650
77665
77666
77669
77682
77684
77686
77688
77695
77697
77707
77718
77724
77725
77726
77731
77748
77752
77753
77754
77770
77776
77781
77788
77793
77796
77797
77801
77806
77809
77819
77820
77821
77826
77828
77831
77841
77859
77863
77867
77876
77880
77883
77886
77890
77892
77893
77899
77901
77906
77908
77911
77916
77922
77926
77931
77932
77935
77956
77966
77981
77984
77988
77989
77994
77996
78001
78004
78005
78018
78020
78024
78025
78037
78046
78058
78062
78071
78076
78082
78084
78102
78104
78106
78112
78117
78123
78125
78127
78128
78150
78152
78156
78164
78167
78168
78179
78180
78185
78189
78190
78191
78192
78195
78203
78205
78206
78207
78209
78224
78229
78238
78239
78244
78259
78265
78268
78269
78270
78274
78276
78285
78294
78295
78303
78306
78313
78317
78319
78324
78325
78329
78331
78354
78361
78365
78367
78371
78377
78381
78386
78387
78389
78396
78398
78400
78402
78403
78404
78409
78411
78416
78421
78423
78429
78434
78435
78438
78440
78443
78452
78454
78456
78462
78472
78476
78477
78479
78508
78512
78515
78543
78548
78555
78557
78565
78566
78575
78577
78588
78590
78592
78608
78610
78619
78630
78640
78641
78645
78651
78655
78657
78662
78667
78674
78676
78680
78686
78693
78694
78705
78728
78729
78732
78734
78738
78748
78752
78753
78759
78761
78773
78774
78780
78782
78784
78800
78802
78804
78806
78814
78820
78823
78824
78825
78831
78842
78844
78853
78870
78876
78890
78895
78896
78898
78904
78910
78922
78933
78937
78949
78953
78961
78962
78967
78971
78983
78989
78994
78997
78998
79012
79014
79023
79034
79039
79042
79046
79051
79052
79054
79059
79063
79071
79080
79082
79089
79091
79096
79100
79105
79120
79124
79148
79151
79159
79167
79170
79172
79174
79178
79179
79191
79196
79205
79211
79212
79225
79226
79227
79228
79229
79230
79249
79251
79263
79275
79287
79288
79291
79293
79298
79301
79305
79309
79310
79312
79313
79314
79315
79317
79322
79327
79334
79341
79344
79345
79346
79347
79364
79367
79369
79380
79383
79386
79394
79416
79418
79420
79427
79439
79445
79447
79453
79455
79462
79466
79469
79476
79480
79481
79485
79486
79487
79498
79503
79520
79533
79535
79540
79543
79552
79563
79579
79583
79585
79588
79590
79593
79607
79609
79614
79617
79619
79625
79634
79639
79647
79652
79669
79676
79678
79680
79686
79689
79696
79700
79709
79711
79716
79720
79736
79760
79770
79772
79773
79778
79795
79798
79799
79806
79807
79812
79813
79814
79822
79827
79838
79842
79844
79848
79852
79878
79888
79896
79900
79902
79904
79905
79914
79950
79952
79963
79971
79979
79983
79990
79991
79997
79999
80005
80010
80024
80039
80041
80056
80062
80065
80081
80086
80087
80090
80097
80105
80106
80110
80112
80114
80117
80122
80124
80129
80141
80151
80157
80159
80170
80175
80193
80194
80201
80207
80208
80213
80214
80215
80225
80233
80242
80244
80249
80251
80253
80254
80256
80259
80260
80269
80271
80272
80289
80296
80302
80305
80307
80308
80312
80316
80322
80329
80332
80334
80338
80362
80367
80375
80385
80386
80390
80429
80430
80439
80444
80450
80451
80455
80471
80475
80489
80493
80494
80498
80508
80513
80520
80527
80542
80549
80558
80571
80573
80575
80592
80593
80598
80600
80601
80606
80615
80619
80622
80626
80630
80638
80641
80649
80670
80671
80675
80691
80697
80700
80705
80714
80715
80716
80723
80725
80734
80735
80748
80754
80772
80776
80786
80791
80793
80819
80822
80827
80828
80831
80839
80843
80850
80853
80861
80865
80866
80877
80878
80879
80880
80885
80893
80899
80912
80919
80948
80969
80971
80979
80983
80996
81001
81027
81033
81041
81049
81050
81051
81059
81060
81061
81065
81078
81082
81083
81084
81088
81111
81129
81133
81138
81152
81153
81169
81172
81179
81180
81183
81192
81196
81199
81213
81221
81232
81234
81235
81236
81242
81245
81249
81260
81263
81267
81274
81280
81286
81295
81297
81299
81300
81301
81305
81310
81314
81326
81332
81333
81337
81338
81341
81342
81344
81349
81365
81368
81379
81384
81390
81391
81396
81402
81407
81408
81410
81411
81420
81425
81427
81428
81432
81465
81485
81487
81501
81510
81521
81522
81525
81527
81530
81531
81533
81535
81537
81541
81544
81551
81555
81561
81564
81567
81578
81583
81584
81586
81590
81591
81604
81605
81606
81616
81618
81621
81628
81631
81637
81639
81646
81650
81651
81655
81672
81676
81683
81686
81690
81704
81707
81709
81712
81717
81722
81723
81725
81726
81728
81735
81741
81743
81744
81751
81756
81765
81771
81783
81789
81790
81804
81809
81830
81836
81838
81842
81844
81846
81850
81855
81861
81867
81868
81870
81871
81875
81882
81887
81904
81906
81925
81937
81949
81954
81957
81960
81969
81979
81980
81981
81991
81997
81998
82000
82012
82013
82024
82025
82036
82037
82051
82057
82060
82064
82081
82083
82092
82096
82099
82100
82107
82115
82117
82131
82132
82139
82142
82143
82145
82148
82157
82159
82161
82170
82180
82187
82191
82192
82193
82194
82197
82198
82201
82210
82212
82222
82224
82232
82240
82241
82250
82252
82254
82258
82259
82266
82270
82271
82277
82288
82293
82298
82301
82302
82305
82314
82319
82324
82337
82339
82344
82347
82351
82359
82370
82375
82380
82391
82395
82399
82402
82412
82413
82433
82435
82440
82443
82446
82450
82469
82472
82474
82475
82482
82488
82494
82498
82503
82506
82507
82510
82511
82516
82517
82525
82529
82534
82551
82552
82569
82573
82578
82583
82584
82587
82588
82589
82596
82597
82612
82620
82621
82628
82629
82632
82648
82653
82666
82677
82679
82690
82691
82697
82700
82705
82707
82708
82711
82713
82723
82732
82734
82740
82749
82751
82755
82763
82766
82769
82771
82778
82786
82788
82792
82797
82798
82803
82809
82812
82822
82827
82830
82837
82838
82839
82851
82874
82881
82884
82893
82900
82907
82910
82923
82925
82927
82932
82944
82945
82949
82954
82975
82976
82988
82994
82995
83014
83022
83034
83036
83039
83046
83050
83057
83059
83064
83071
83079
83080
83086
83087
83093
83107
83112
83116
83117
83123
83127
83131
83138
83144
83145
83146
83149
83150
83153
83157
83164
83170
83182
83184
83195
83209
83210
83220
83222
83224
83238
83240
83253
83260
83265
83269
83270
83271
83273
83285
83291
83292
83295
83296
83303
83325
83330
83334
83337
83340
83343
83351
83355
83360
83371
83374
83380
83386
83390
83394
83399
83404
83420
83425
83429
83432
83441
83446
83454
83457
83464
83470
83489
83491
83494
83497
83505
83506
83509
83515
83521
83528
83535
83536
83545
83549
83551
83557
83559
83564
83565
83569
83575
83580
83583
83601
83602
83613
83623
83626
83628
83641
83646
83651
83656
83659
83684
83686
83687
83694
83704
83706
83708
83721
83722
83731
83745
83761
83769
83773
83788
83789
83805
83817
83823
83828
83842
83851
83854
83855
83859
83868
83874
83877
83878
83888
83896
83898
83899
83903
83908
83912
83915
83935
83957
83965
83968
83985
83988
83990
84010
84014
84018
84019
84021
84028
84032
84035
84038
84043
84047
84049
84057
84060
84063
84066
84073
84100
84129
84138
84140
84143
84145
84157
84168
84169
84181
84182
84187
84198
84200
84202
84206
84208
84215
84218
84240
84246
84254
84255
84259
84278
84280
84282
84284
84285
84288
84292
84294
84297
84313
84318
84321
84322
84325
84326
84328
84331
84336
84338
84339
84342
84350
84353
84354
84356
84358
84361
84365
84370
84375
84378
84393
84397
84411
84432
84438
84442
84444
84446
84457
84459
84461
84486
84487
84488
84489
84503
84507
84511
84532
84533
84535
84537
84538
84544
84547
84553
84556
84560
84569
84570
84573
84579
84581
84583
84586
84591
84593
84596
84603
84613
84614
84617
84620
84632
84647
84648
84649
84660
84668
84673
84676
84677
84685
84697
84699
84701
84702
84705
84722
84724
84734
84740
84746
84750
84761
84792
84793
84806
84811
84829
84832
84836
84841
84853
84854
84859
84871
84879
84881
84893
84903
84907
84911
84927
84939
84943
84946
84956
84957
84966
84973
84976
84979
84988
84991
84995
85008
85010
85014
85015
85017
85018
85033
85037
85047
85059
85092
85103
85108
85110
85113
85117
85125
85129
85130
85142
85146
85151
85174
85176
85177
85181
85182
85184
85186
85188
85195
85205
85216
85220
85225
85226
85229
85241
85250
85251
85255
85257
85265
85282
85283
85298
85307
85308
85310
85311
85312
85314
85318
85326
85331
85346
85348
85357
85358
85374
85378
85379
85399
85401
85408
85413
85414
85420
85440
85444
85445
85447
85456
85457
85459
85467
85472
85478
85491
85492
85496
85497
85515
85516
85545
85546
85550
85562
85567
85569
85570
85572
85573
85579
85587
85596
85606
85609
85611
85612
85616
85623
85631
85635
85650
85654
85659
85663
85665
85684
85688
85692
85708
85739
85743
85751
85756
85779
85782
85787
85789
85791
85794
85798
85800
85802
85814
85825
85826
85827
85841
85842
85845
85855
85866
85867
85869
85880
85884
85886
85892
85894
85902
85905
85908
85919
85921
85922
85923
85927
85949
85950
85955
85959
85963
85964
85967
85970
85978
85983
85987
85988
85990
85996
85998
86014
86029
86030
86046
86060
86063
86065
86067
86070
86076
86083
86091
86100
86119
86130
86134
86150
86157
86159
86161
86162
86163
86168
86173
86174
86183
86185
86190
86191
86193
86198
86199
86203
86209
86223
86228
86231
86234
86239
86250
86252
86262
86266
86267
86272
86275
86279
86284
86287
86299
86301
86310
86315
86316
86318
86324
86327
86353
86361
86368
86369
86371
86377
86381
86385
86399
86406
86408
86410
86417
86419
86422
86425
86457
86466
86483
86498
86499
86504
86508
86514
86533
86546
86558
86561
86564
86578
86579
86589
86604
86605
86613
86616
86624
86628
86635
86638
86644
86646
86652
86676
86679
86689
86691
86694
86698
86700
86704
86705
86713
86716
86725
86726
86732
86738
86745
86746
86749
86767
86778
86786
86788
86791
86792
86794
86806
86820
86826
86833
86839
86841
86843
86855
86856
86857
86863
86869
86878
86880
86881
86884
86887
86893
86903
86907
86918
86922
86924
86925
86931
86932
86935
86936
86937
86939
86951
86952
86954
86961
86964
86965
86973
86989
87003
87006
87010
87012
87014
87020
87023
87026
87028
87029
87052
87055
87057
87073
87093
87096
87097
87103
87108
87110
87112
87114
87118
87120
87124
87135
87153
87156
87158
87161
87164
87170
87194
87195
87210
87246
87255
87263
87277
87281
87285
87286
87291
87304
87310
87312
87317
87321
87322
87324
87325
87337
87343
87350
87366
87373
87384
87387
87395
87401
87411
87418
87420
87422
87429
87450
87451
87453
87456
87457
87476
87478
87484
87489
87493
87496
87501
87527
87528
87531
87537
87538
87541
87553
87557
87559
87571
87592
87598
87600
87602
87612
87614
87617
87618
87622
87626
87632
87634
87651
87654
87663
87693
87701
87743
87750
87754
87760
87763
87783
87789
87799
87805
87808
87809
87810
87813
87819
87823
87824
87833
87838
87840
87842
87843
87852
87853
87856
87871
87874
87875
87879
87887
87910
87920
87922
87925
87936
87948
87951
87979
88001
88010
88047
88064
88066
88067
88073
88093
88094
88103
88105
88116
88117
88120
88126
88130
88137
88140
88161
88166
88167
88192
88211
88233
88244
88247
88252
88255
88262
88280
88281
88285
88292
88301
88302
88303
88310
88315
88326
88335
88341
88344
88351
88352
88355
88356
88361
88376
88381
88394
88398
88408
88410
88417
88438
88441
88445
88447
88448
88450
88454
88455
88468
88469
88473
88476
88479
88481
88483
88486
88487
88494
88495
88520
88523
88526
88533
88548
88554
88555
88563
88566
88567
88573
88575
88584
88592
88594
88602
88603
88604
88613
88632
88633
88641
88651
88657
88664
88665
88666
88668
88675
88677
88678
88679
88695
88716
88727
88728
88731
88742
88750
88768
88785
88789
88801
88802
88807
88812
88821
88822
88828
88830
88832
88841
88842
88844
88849
88850
88852
88853
88854
88855
88868
88883
88888
88892
88893
88911
88913
88934
88936
88945
88972
88977
88981
88983
88986
88988
88998
89020
89024
89033
89041
89043
89044
89051
89053
89058
89076
89079
89082
89086
89102
89105
89106
89112
89115
89119
89120
89123
89143
89147
89176
89179
89181
89192
89202
89204
89211
89219
89227
89230
89236
89237
89242
89245
89257
89263
89270
89274
89275
89279
89282
89284
89293
89295
89298
89300
89301
89302
89306
89311
89312
89314
89317
89329
89342
89343
89345
89348
89350
89385
89388
89404
89408
89409
89417
89439
89443
89470
89478
89480
89489
89503
89513
89538
89543
89545
89547
89554
89577
89596
89602
89609
89635
89639
89647
89655
89657
89678
89679
89680
89683
89690
89692
89699
89700
89702
89705
89707
89712
89730
89768
89776
89782
89792
89793
89798
89799
89800
89806
89810
89829
89835
89836
89842
89851
89852
89867
89869
89892
89894
89896
89900
89903
89904
89911
89917
89924
89931
89944
89950
89969
89984
89990
90002
90005
90007
90020
90054
90061
90063
90070
90086
90090
90098
90105
90110
90129
90130
90131
90140
90141
90146
90151
90152
90156
90165
90185
90191
90193
90197
90204
90210
90211
90214
90218
90219
90224
90225
90226
90238
90239
90241
90242
90246
90248
90250
90252
90275
90277
90290
90293
90313
90315
90320
90325
90327
90332
90350
90360
90371
90377
90379
90382
90392
90403
90410
90422
90430
90456
90483
90485
90495
90505
90526
90532
90535
90536
90538
90545
90549
90552
90559
90572
90574
90578
90580
90586
90600
90602
90603
90629
90630
90634
90639
90642
90673
90677
90679
90680
90691
90700
90706
90710
90711
90712
90718
90727
90729
90734
90758
90765
90796
90810
90826
90836
90842
90844
90846
90875
90884
90890
90895
90905
90906
90912
90916
90917
90934
90938
90946
90949
90959
90963
90964
90971
90979
90981
91006
91009
91015
91020
91031
91044
91051
91056
91064
91087
91090
91092
91093
91096
91098
91100
91103
91108
91112
91124
91135
91143
91144
91149
91154
91157
91170
91174
91175
91187
91191
91197
91200
91216
91225
91226
91229
91240
91259
91266
91271
91272
91292
91294
91298
91306
91307
91310
91313
91321
91324
91326
91336
91340
91341
91359
91364
91366
91377
91383
91400
91402
91408
91410
91420
91424
91427
91434
91440
91444
91457
91463
91472
91479
91483
91492
91496
91503
91512
91515
91519
91521
91523
91525
91554
91564
91565
91572
91576
91589
91595
91597
91610
91611
91633
91635
91638
91648
91652
91657
91660
91676
91679
91687
91690
91698
91707
91711
91720
91726
91730
91733
91738
91748
91749
91765
91767
91772
91775
91776
91784
91792
91794
91796
91803
91805
91808
91811
91823
91824
91829
91834
91838
91839
91847
91852
91861
91863
91864
91867
91881
91889
91894
91896
91904
91909
91910
91917
91919
91926
91929
91935
91937
91945
91946
91947
91964
91967
91972
91974
91976
91982
91983
91986
91988
91991
91993
92001
92004
92011
92015
92016
92018
92020
92023
92033
92035
92038
92041
92043
92045
92047
92049
92054
92060
92068
92069
92074
92089
92094
92103
92108
92120
92128
92129
92131
92132
92137
92150
92154
92162
92176
92191
92199
92200
92206
92213
92214
92217
92218
92230
92234
92249
92253
92260
92261
92268
92274
92284
92285
92305
92320
92328
92349
92355
92356
92362
92371
92372
92386
92387
92390
92391
92396
92397
92402
92407
92409
92410
92417
92421
92428
92431
92435
92436
92445
92447
92456
92463
92465
92466
92469
92477
92478
92480
92482
92498
92500
92507
92509
92510
92552
92554
92564
92572
92578
92590
92592
92598
92609
92612
92624
92631
92632
92636
92665
92674
92676
92684
92690
92692
92694
92695
92714
92728
92735
92741
92745
92747
92751
92768
92773
92781
92785
92795
92804
92821
92825
92831
92832
92834
92843
92853
92857
92863
92887
92888
92906
92911
92913
92916
92918
92921
92923
92927
92930
92933
92947
92952
92958
92980
92986
92987
92994
93001
93013
93017
93022
93027
93033
93034
93035
93049
93051
93058
93080
93099
93106
93107
93144
93150
93154
93159
93161
93171
93172
93178
93182
93188
93190
93194
93203
93209
93219
93223
93227
93228
93231
93237
93250
93252
93269
93274
93275
93287
93290
93295
93304
93317
93342
93343
93355
93384
93401
93408
93422
93424
93434
93436
93451
93465
93468
93471
93478
93484
93500
93503
93509
93511
93513
93519
93523
93532
93536
93538
93541
93542
93544
93545
93559
93570
93574
93588
93590
93592
93611
93612
93635
93643
93648
93659
93660
93669
93682
93687
93692
93697
93701
93708
93727
93740
93741
93745
93752
93806
93813
93815
93817
93824
93833
93851
93854
93855
93866
93868
93884
93886
93891
93895
93896
93904
93922
93926
93930
93948
93953
93964
93968
93971
93982
93996
94002
94016
94018
94032
94034
94036
94039
94042
94044
94046
94060
94063
94064
94067
94075
94077
94080
94084
94094
94113
94114
94118
94127
94137
94152
94157
94162
94165
94166
94168
94171
94174
94178
94179
94181
94200
94205
94216
94225
94229
94242
94247
94261
94266
94277
94287
94292
94306
94320
94327
94343
94363
94365
94370
94371
94403
94428
94436
94450
94454
94462
94463
94492
94493
94498
94508
94512
94514
94526
94542
94544
94547
94549
94561
94565
94567
94571
94576
94617
94623
94631
94638
94641
94646
94647
94655
94677
94682
94690
94691
94692
94699
94704
94715
94723
94729
94737
94750
94757
94758
94773
94777
94783
94784
94787
94793
94803
94812
94838
94842
94848
94854
94862
94872
94890
94895
94902
94905
94914
94926
94934
94935
94937
94944
94965
94971
94975
94992
94995
95001
95015
95042
95045
95049
95057
95069
95072
95083
95086
95094
95097
95115
95117
95125
95129
95133
95134
95140
95152
95161
95166
95180
95182
95183
95200
95211
95214
95218
95226
95227
95233
95240
95247
95249
95254
95262
95264
95270
95289
95293
95295
95307
95320
95324
95352
95366
95369
95376
95385
95388
95392
95393
95397
95405
95418
95420
95442
95447
95451
95455
95456
95462
95467
95469
95475
95482
95493
95497
95501
95510
95529
95546
95547
95548
95549
95571
95573
95574
95579
95588
95603
95613
95627
95634
95636
95640
95641
95648
95650
95662
95676
95682
95683
95692
95694
95705
95711
95716
95724
95725
95726
95727
95728
95729
95730
95733
95735
95741
95742
95743
95744
95745
95747
95749
95752
95756
95761
95764
95775
95777
95786
95788
95790
95791
95792
95801
95825
95840
95843
95844
95851
95855
95871
95874
95879
95905
95919
95921
95926
95987
96002
96019
96023
96043
96060
96081
96092
96120
96125
96149
96163
96165
96198
96210
96245
96252
96284
96349
96359
96382
96394
96477
96479
96507
96517
96638
96647
96664
96669
96694
96703
96713
96743
96928
97149
97259
97274
97354
97442
97622
97632
97888
97913
98025
98267
98430
98663
98682
100749
101878
104058
106923
108818
109120
116096
118442
122590
127914
148275
148276
148277
148284
148292
148294
148319
148336
148366
148369
148380
148397
148470
148511
148518
148526
148569
148724
148748
148782
148823
148860
148883
148971
148996
149003
149131
149132
149171
149303
149413
149489
149491
149498
149537
149574
149590
149630
149643
149644
149686
149767
149800
149837
150106
150109
150264
150301
150324
150371
150446
150516
150532
150541
150621
150800
150808
150865
150872
150898
151205
151376
151522
151545
151600
151706
151903
151907
152141
152182
152183
152195
152220
152415
152460
152510
152531
152650
152655
152738
152781
152785
152836
152897
152900
152927
152937
152954
152955
153018
153022
153107
153162
153181
153182
153204
153217
153219
153241
153306
153372
153403
153471
153571
153638
153682
153722
153743
153761
153819
153878
153887
154063
154099
154122
154131
154162
154193
154200
154237
154324
154345
154349
154350
154391
154402
154419
154420
154446
154475
154491
154494
154515
154529
154530
154532
154541
154572
154579
154586
154591
154593
154595
154639
154652
154671
154681
154682
154688
154700
154704
154709
154716
154721
154752
154770
154784
154789
154809
154811
154812
154819
154828
154988
154995
155046
155059
155080
155107
155123
155126
155129
155211
155232
155248
155323
155334
155360
155361
155389
155426
155510
155542
155547
155581
155606
155613
155633
155648
155687
155719
155721
155803
155821
155825
155837
155849
155875
155884
155949
155953
155985
155999
156004
156007
156033
156086
156138
156177
156240
156250
156257
156265
156334
156338
156470
156505
156508
156532
156538
156546
156568
156571
156572
156634
156639
156666
156672
156724
156729
156795
156812
156829
156833
156856
156865
156872
156878
156881
156885
156888
156901
156931
156939
156960
156961
156967
157034
157042
157044
157049
157050
157057
157062
157097
157115
157131
157143
157152
157161
157163
157168
157185
157214
157266
157290
157309
157321
157326
157364
157378
157404
157415
157430
157443
157489
157491
157499
157531
157536
157561
157594
157597
157611
157627
157633
157666
157673
157687
157698
157703
157705
157706
157711
157750
157757
157765
157790
157817
157836
157866
157897
157903
157931
157939
157946
157949
157959
157966
157972
157985
157987
157988
157993
158006
158040
158053
158054
158069
158090
158135
158190
158203
158219
158238
158243
158253
158261
158274
158279
158290
158323
158359
158391
158407
158410
158411
158429
158489
158491
158519
158561
158577
158587
158596
158624
158627
158671
158687
158692
158707
158749
158981
159024
159029
159034
159050
159053
159091
159127
159130
159144
159148
159155
159160
159164
159213
159216
159220
159221
159264
159275
159303
159314
159342
159380
159401
159405
159406
159410
159431
159440
159471
159479
159491
159507
159525
159531
159544
159546
159548
159553
159599
159619
159632
159637
159648
159655
159699
159702
159746
159767
159805
159816
159829
159856
159896
159906
159909
159910
159915
159931
159985
160054
160056
160058
160082
160133
160174
160175
160188
160205
160219
160253
160257
160270
160271
160272
160281
160330
160347
160356
160390
160395
160398
160420
160427
160443
160462
160474
160480
160481
160497
160550
160580
160608
160609
160624
160626
160646
160668
160686
160687
160733
160775
160792
160793
160797
160823
160828
160830
160834
160836
160845
160857
160864
160882
160889
160907
160933
160946
160980
160999
161012
161058
161063
161069
161076
161095
161118
161133
161192
161200
161205
161212
161241
161253
161265
161269
161274
161281
161284
161312
161319
161340
161343
161344
161349
161377
161382
161388
161398
161421
161434
161444
161462
161480
161499
161507
161516
161556
161560
161572
161577
161588
161593
161595
161608
161616
161619
161621
161657
161666
161672
161679
161681
161687
161690
161703
161746
161762
161766
161771
161779
161780
161795
161811
161816
161835
161847
161848
161850
161854
161859
161877
161909
161910
161931
161932
161934
161943
161946
161981
161999
162016
162020
162033
162048
162068
162084
162085
162098
162124
162136
162166
162174
162183
162186
162209
162218
162239
162264
162277
162279
162294
162317
162331
162344
162345
162358
162359
162381
162401
162416
162419
162451
162460
162482
162490
162495
162508
162559
162562
162573
162581
162600
162611
162612
162616
162641
162648
162665
162666
162679
162711
162712
162713
162722
162724
162829
162847
162856
162865
162871
162878
162889
162898
162906
162908
162910
162912
162918
162932
162976
162989
163016
163037
163044
163046
163051
163053
163054
163085
163091
163094
163128
163154
163163
163197
163199
163200
163206
163212
163235
163239
163244
163261
163264
163282
163283
163300
163314
163368
163380
163404
163421
163446
163448
163455
163471
163478
163488
163536
163576
163577
163579
163580
163598
163644
163645
163647
163656
163664
163670
163684
163696
163697
163710
163726
163742
163753
163758
163764
163772
163780
163794
163800
163813
163837
163841
163858
163861
163874
163888
163905
163920
163931
163935
163956
163993
164003
164005
164007
164010
164025
164033
164037
164042
164046
164086
164088
164095
164098
164100
164120
164149
164153
164165
164168
164191
164238
164241
164242
164252
164275
164295
164296
164304
164324
164326
164339
164355
164365
164370
164377
164381
164388
164401
164403
164408
164423
164436
164443
164447
164455
164470
164475
164482
164488
164489
164495
164506
164509
164512
164518
164523
164571
164574
164575
164577
164614
164628
164632
164646
164661
164666
164711
164720
164756
164768
164788
164815
164824
164827
164831
164837
164840
164841
164884
164889
164890
164891
164936
164938
164943
164969
164984
164989
164993
165024
165036
165037
165076
165089
165093
165096
165098
165105
165117
165120
165129
165131
165139
165141
165153
165158
165172
165181
165191
165229
165230
165233
165234
165242
165243
165250
165252
165267
165271
165273
165305
165319
165322
165329
165342
165355
165376
165399
165403
165409
165416
165429
165442
165452
165465
165473
165476
165477
165503
165519
165525
165530
165539
165547
165567
165587
165588
165608
165630
165637
165644
165646
165684
165686
165693
165727
165759
165771
165782
165810
165843
165847
165848
165853
165867
165879
165888
165898
165908
165929
165932
165964
165981
166016
166020
166027
166044
166064
166074
166105
166112
166133
166148
166190
166205
166206
166231
166234
166235
166255
166264
166272
166280
166298
166305
166306
166320
166326
166329
166334
166347
166351
166354
166365
166369
166392
166408
166422
166435
166441
166444
166445
166474
166482
166492
166500
166509
166519
166554
166565
166569
166573
166575
166609
166656
166657
166662
166663
166666
166668
166716
166719
166732
166741
166762
166818
166853
166865
166871
166916
166933
166937
166941
166945
166975
166989
167000
167018
167051
167054
167063
167076
167089
167103
167108
167111
167115
167120
167121
167126
167145
167157
167159
167164
167167
167174
167191
167233
167239
167241
167295
167302
167319
167381
167393
167395
167401
167412
167413
167422
167446
167455
167474
167475
167479
167495
167522
167526
167535
167542
167543
167549
167600
167602
167614
167647
167661
167681
167690
167704
167713
167718
167719
167760
167768
167785
167786
167815
167849
167855
167863
167864
167868
167873
167917
167922
167929
167933
167950
167951
167957
167961
167969
167982
168014
168038
168043
168052
168082
168092
168100
168101
168103
168106
168118
168121
168125
168135
168138
168143
168146
168198
168210
168211
168212
168251
168292
168293
168300
168315
168355
168362
168371
168393
168403
168408
168437
168445
168454
168458
168467
168499
168572
168575
168597
168600
168625
168639
168656
168660
168668
168672
168674
168675
168676
168697
168700
168701
168703
168726
168732
168746
168750
168757
168793
168825
168827
168840
168859
168867
168879
168884
168895
168904
168914
168943
168971
168979
169023
169026
169031
169088
169127
169404
169450
169489
169585
169615
169622
169637
169675
169791
169822
169941
169977
169980
170016
170127
170147
170204
170247
170248
170286
170313
170330
170363
170371
170375
170391
170399
170406
170492
170497
170546
170591
170623
170646
170651
170653
170661
170667
170795
170812
170824
170890
171093
171111
171161
171204
171253
171270
171277
171294
171300
171309
171329
171381
171386
171458
171460
171474
171588
171635
171665
171689
171690
171753
171782
171784
171801
171805
171812
171836
171843
171893
171908
171997
172025
172031
172037
172044
172065
172069
172080
172089
172139
172141
172178
172219
172239
172240
172262
172271
172292
172300
172308
172312
172456
172499
172503
172561
172581
172605
172706
172767
172823
172840
172876
172880
172892
172936
172941
172950
172960
173046
173124
173134
173137
173175
173177
173196
173206
173209
173242
173279
173397
173398
173428
173448
173462
173477
173493
173499
173506
173534
173537
173545
173574
173583
173585
173589
173608
173638
173656
173681
173706
173727
173740
173741
173775
173791
173830
173832
173838
173844
173918
173927
173976
173977
174018
174050
174094
174107
174143
174159
174168
174176
174177
174179
174195
174213
174219
174239
174259
174274
174279
174338
174344
174347
174367
174399
174415
174430
174442
174489
174503
174510
174518
174534
174548
174567
174574
174584
174608
174615
174656
174695
174713
174733
174746
174786
174855
174871
174908
174937
174938
174989
174999
175031
175056
175066
175085
175091
175104
175116
175126
175139
175152
175194
175203
175267
175268
175273
175307
175309
175333
175393
175394
175434
175435
175447
175476
175480
175492
175509
175513
175522
175536
175559
175570
175578
175585
175592
175613
175678
175726
175736
175762
175764
175810
175827
175840
175858
175862
175879
175903
175994
176008
176028
176042
176051
176053
176070
176082
176083
176113
176124
176133
176187
176191
176212
176215
176219
176313
176316
176335
176370
176405
176423
176436
176455
176502
176523
176563
176585
176586
176594
176605
176608
176621
176623
176654
176672
176707
176768
176782
176783
176813
176841
176862
176871
176890
176892
176906
176932
176950
176961
176975
177005
177082
177096
177098
177099
177169
177196
177218
177230
177240
177274
177280
177285
177289
177305
177327
177351
177383
177388
177442
177512
177556
177583
177597
177607
177623
177625
177638
177640
177650
177654
177661
177722
177724
177739
177785
177823
177838
177857
177870
177875
177885
177910
177919
177949
177950
177955
177974
177982
177987
178030
178042
178107
178129
178280
178288
178354
178358
178368
178381
178393
178442
178446
178461
178467
178491
178504
178508
178511
178525
178550
178575
178583
178681
178691
178752
178814
178817
178836
178838
178840
178848
178854
178877
178889
178895
178945
178950
178959
178973
178976
178982
179011
179052
179058
179062
179069
179094
179096
179108
179111
179113
179117
179126
179180
179190
179229
179245
179258
179273
179286
179294
179322
179326
179335
179340
179343
179347
179366
179367
179370
179377
179389
179395
179407
179412
179418
179435
179438
179442
179465
179507
179508
179512
179513
179535
179553
179561
179569
179583
179584
179586
179593
179597
179603
179610
179617
179623
179624
179630
179646
179742
179756
179762
179779
179810
179825
179884
179889
179896
179899
179919
179932
179966
179985
179986
179999
180017
180022
180023
180038
180061
180092
180117
180146
180156
180178
180183
180190
180193
180225
180235
180248
180282
180365
180376
180393
180398
180407
180428
180465
180481
180500
180522
180548
180589
180652
180657
180707
180719
180731
180735
180776
180784
180788
180804
180857
180876
180907
180911
180943
180949
180966
180972
180980
181013
181022
181043
181064
181111
181122
181129
181197
181199
181223
181233
181245
181299
181320
181360
181362
181387
181394
181404
181423
181444
181451
181462
181466
181471
181479
181481
181488
181522
181546
181548
181551
181559
181567
181583
181604
181609
181610
181624
181646
181652
181673
181685
181687
181695
181735
181759
181784
181788
181844
181869
181879
181880
181893
181911
181913
181938
181945
181965
181973
182006
182029
182038
182041
182042
182071
182095
182102
182107
182112
182122
182141
182145
182150
182181
182187
182188
182220
182237
182239
182262
182264
182286
182287
182292
182302
182309
182323
182359
182383
182388
182390
182402
182409
182457
182485
182496
182516
182527
182535
182557
182563
182573
182588
182612
182640
182651
182654
182660
182676
182695
182697
182702
182705
182746
182765
182776
182778
182825
182828
182848
182858
182877
182901
182921
182923
182961
182973
182975
182980
182982
182983
182990
183006
183022
183094
183095
183129
183161
183163
183169
183204
183216
183231
183240
183242
183243
183304
183310
183323
183398
183438
183456
183485
183487
183505
183518
183526
183529
183536
183580
183585
183609
183610
183619
183627
183641
183657
183663
183677
183678
183704
183724
183737
183739
183747
183748
183781
183787
183805
183830
183865
183871
183884
183889
183937
183949
183955
183968
183990
184013
184018
184026
184074
184081
184087
184110
184131
184140
184201
184207
184214
184254
184274
184284
184297
184344
184365
184416
184422
184423
184438
184453
184469
184482
184497
184507
184520
184526
184536
184544
184560
184567
184595
184610
184612
184621
184634
184645
184652
184698
184709
184718
184739
184774
184788
184824
184845
184883
184890
184898
184907
184911
185016
185019
185038
185053
185055
185060
185090
185113
185118
185119
185129
185136
185161
185165
185168
185169
185176
185186
185194
185219
185248
185288
185321
185327
185338
185339
185355
185356
185357
185358
185362
185365
185366
185368
185437
185515
185541
185570
185597
185615
185624
185663
185668
185677
185679
185689
185705
185719
185729
185758
185766
185779
185781
185820
185825
185826
185836
185855
185860
185876
185904
185924
185927
185935
185944
185958
185981
185997
186038
186039
186057
186060
186096
186118
186132
186146
186162
186167
186173
186188
186200
186202
186205
186230
186259
186277
186285
186301
186329
186351
186360
186441
186442
186443
186466
186468
186481
186485
186519
186520
186521
186522
186523
186525
186530
186554
186596
186607
186642
186645
186659
186662
186669
186672
186691
186737
186741
186762
186784
186797
186831
186861
186891
186893
186901
186906
186914
186929
186935
186940
186946
186974
186996
187041
187052
187090
187093
187099
187110
187120
187147
187156
187164
187168
187186
187208
187220
187221
187231
187234
187238
187239
187249
187308
187310
187320
187348
187367
187372
187376
187378
187419
187423
187427
187430
187431
187435
187452
187487
187488
187497
187507
187521
187525
187543
187559
187606
187616
187637
187660
187668
187672
187675
187690
187697
187706
187719
187725
187737
187741
187746
187770
187775
187796
187813
187831
187839
187860
187866
187879
187888
187897
187916
187928
187931
187979
188020
188025
188036
188107
188114
188144
188172
188187
188204
188219
188237
188238
188242
188252
188256
188263
188268
188273
188276
188296
188304
188320
188348
188379
188391
188420
188425
188444
188470
188495
188498
188535
188586
188617
188621
188626
188713
188734
188737
188763
188766
188770
188791
188799
188803
188811
188813
188822
188842
188848
188881
188889
188903
188912
188928
188942
188955
188962
188966
188979
189007
189035
189067
189086
189108
189111
189114
189151
189174
189189
189193
189213
189243
189246
189260
189313
189314
189333
189347
189368
189395
189412
189439
189451
189467
189468
189495
189509
189521
189541
189547
189552
189554
189558
189581
189591
189639
189641
189666
189683
189694
189697
189698
189713
189724
189730
189735
189770
189782
189796
189797
189804
189815
189838
189843
189861
189867
189892
189908
189929
189938
189948
189975
189979
189993
190038
190104
190149
190179
190183
190187
190196
190288
190308
190335
190342
190382
190390
190414
190418
190432
190436
190451
190509
190532
190538
190569
190577
190607
190616
190626
190635
190637
190643
190647
190651
190657
190669
190717
190731
190741
190746
190791
190795
190824
190825
190860
190867
190895
190899
190945
190953
190960
190973
190994
190996
191011
191019
191137
191145
191146
191178
191199
191228
191229
191233
191241
191259
191281
191314
191341
191346
191355
191377
191385
191386
191427
191435
191459
191481
191490
191513
191518
191530
191549
191552
191567
191585
191647
191648
191677
191688
191693
191730
191737
191740
191755
191771
191774
191854
191911
191923
191945
191953
191961
191974
191988
192002
192021
192039
192051
192116
192125
192129
192141
192165
192177
192187
192188
192200
192269
192276
192290
192297
192305
192308
192313
192325
192329
192351
192361
192398
192405
192406
192433
192465
192486
192489
192498
192549
192552
192572
192596
192610
192633
192638
192668
192679
192709
192761
192773
192788
192803
192848
192871
192872
192914
192915
192917
192954
192980
192988
192991
192996
193004
193007
193032
193045
193048
193058
193100
193120
193122
193141
193156
193178
193197
193237
193260
193269
193288
193291
193326
193335
193336
193344
193372
193398
193425
193446
193456
193477
193513
193526
193533
193537
193542
193563
193566
193633
193638
193645
193649
193664
193679
193692
193699
193722
193725
193730
193746
193754
193781
193782
193793
193795
193798
193814
193855
193873
193879
193881
193900
193918
193933
193946
193955
193985
193998
194035
194036
194040
194043
194073
194076
194080
194100
194102
194111
194112
194120
194121
194157
194166
194167
194175
194177
194181
194205
194217
194237
194253
194273
194283
194285
194317
194320
194323
194328
194356
194369
194382
194434
194436
194437
194438
194478
194479
194505
194516
194533
194541
194550
194562
194590
194598
194611
194612
194618
194638
194643
194646
194652
194655
194666
194687
194695
194701
194703
194706
194719
194754
194800
194827
194864
194907
194909
194958
194977
194984
194995
195056
195098
195107
195108
195114
195133
195170
195177
195183
195200
195220
195272
195305
195318
195321
195327
195331
195395
195397
195400
195433
195438
195457
195462
195475
195482
195504
195564
195597
195600
195604
195609
195624
195668
195711
195764
195768
195774
195810
195816
195822
195835
195839
195847
195861
195862
195870
195877
195885
195886
195910
195921
195940
195961
195969
195978
195981
196005
196022
196026
196032
196041
196045
196120
196126
196127
196137
196146
196151
196159
196172
196198
196208
196215
196286
196288
196303
196319
196339
196347
196349
196357
196363
196368
196398
196437
196457
196462
196499
196511
196517
196553
196570
196639
196652
196653
196669
196679
196682
196684
196692
196698
196729
196788
196794
196836
196844
196845
196846
196856
196864
196895
196909
196939
196952
196969
196990
196994
197019
197041
197055
197062
197076
197100
197137
197144
197175
197176
197177
197219
197220
197221
197289
197357
197365
197390
197395
197410
197435
197455
197471
197477
197528
197559
197569
197570
197586
197614
197622
197651
197668
197683
197723
197726
197737
197741
197755
197757
197780
197782
197792
197794
197799
197819
197848
197854
197872
197876
197877
197890
197935
197953
198002
198075
198092
198096
198120
198134
198148
198170
198210
198228
198244
198262
198263
198269
198280
198294
198296
198309
198326
198333
198338
198381
198395
198401
198404
198421
198437
198497
198523
198525
198532
198541
198542
198550
198553
198644
198646
198660
198688
198695
198698
198700
198710
198719
198726
198747
198759
198805
198828
198839
198857
198883
198931
198941
198980
199028
199046
199061
199088
199089
199101
199119
199126
199155
199157
199191
199194
199204
199209
199246
199265
199283
199296
199303
199318
199325
199342
199355
199374
199379
199387
199391
199398
199411
199420
199430
199432
199467
199494
199534
199535
199538
199554
199562
199563
199568
199597
199630
199635
199643
199660
199665
199703
199724
199727
199737
199739
199743
199776
199823
199844
199859
199872
199874
199883
199888
199943
199949
199950
199956
199960
199991
200012
200036
200066
200099
200157
200168
200173
200182
200188
200190
200194
200237
200248
200255
200284
200285
200288
200301
200325
200337
200357
200401
200420
200455
200474
200487
200488
200506
200545
200560
200592
200637
200669
200676
200706
200708
200709
200712
200733
200744
200754
200805
200875
200884
200894
200904
200911
200979
200982
200985
200994
201023
201027
201028
201038
201045
201059
201065
201069
201079
201080
201094
201112
201124
201129
201157
201159
201163
201182
201196
201206
201253
201266
201271
201304
201328
201333
201343
201365
201368
201369
201380
201393
201395
201397
201419
201431
201457
201480
201499
201510
201521
201525
201526
201537
201545
201561
201579
201592
201595
201615
201625
201640
201641
201669
201673
201686
201739
201746
201757
201787
201788
201811
201818
201823
201827
201832
201837
201845
201848
201864
201868
201882
201883
201886
201901
201950
201993
201998
202005
202032
202051
202071
202107
202125
202176
202177
202187
202209
202226
202230
202242
202263
202269
202335
202344
202353
202357
202365
202413
202429
202434
202439
202465
202483
202495
202514
202517
202527
202538
202548
202589
202628
202631
202635
202661
202675
202699
202751
202766
202776
202787
202819
202823
202825
202847
202867
202892
202931
202933
202964
202970
202979
202984
202986
202992
203007
203065
203077
203081
203094
203127
203128
203129
203142
203149
203195
203204
203241
203244
203260
203265
203269
203275
203286
203311
203316
203349
203359
203405
203408
203430
203474
203479
203481
203496
203506
203512
203527
203530
203534
203541
203553
203565
203566
203580
203594
203612
203624
203642
203647
203663
203667
203738
203747
203748
203751
203765
203788
203798
203811
203812
203815
203835
203836
203852
203871
203925
203932
203939
203947
203972
204032
204042
204066
204084
204112
204113
204154
204155
204156
204175
204184
204190
204240
204241
204247
204248
204259
204278
204290
204291
204314
204328
204330
204332
204380
204383
204395
204399
204423
204434
204491
204498
204499
204504
204520
204524
204536
204542
204543
204576
204578
204584
204627
204636
204687
204701
204796
204800
204804
204812
204821
204826
204862
204871
204895
204910
204946
204955
204963
205012
205018
205047
205057
205060
205064
205070
205080
205085
205091
205099
205118
205129
205154
205156
205157
205172
205174
205200
205270
205275
205303
205338
205384
205394
205419
205426
205428
205442
205443
205449
205470
205474
205475
205480
205498
205521
205529
205567
205598
205626
205627
205628
205653
205679
205706
205709
205757
205763
205788
205818
205819
205821
205832
205838
205850
205854
205868
205878
205890
205896
205939
205943
205953
205969
205977
205995
206028
206044
206045
206048
206077
206085
206103
206104
206143
206166
206173
206185
206190
206192
206198
206203
206231
206235
206312
206318
206331
206347
206352
206385
206407
206410
206414
206448
206464
206469
206472
206480
206525
206532
206615
206619
206622
206625
206714
206721
206735
206757
206768
206775
206788
206812
206813
206851
206859
206877
206902
206923
206939
206988
206989
206992
206993
207001
207010
207020
207021
207035
207048
207083
207135
207163
207166
207182
207184
207206
207209
207241
207246
207291
207298
207300
207302
207320
207404
207433
207445
207461
207462
207463
207464
207504
207508
207515
207516
207520
207550
207572
207577
207590
207597
207620
207622
207623
207624
207627
207676
207682
207697
207703
207745
207768
207770
207778
207800
207815
207818
207853
207865
207872
207892
207893
207897
207940
207956
207967
207988
207994
207999
208017
208041
208063
208080
208089
208091
208142
208153
208156
208182
208203
208207
208250
208268
208274
208288
208289
208307
208325
208328
208345
208380
208385
208387
208389
208420
208438
208471
208472
208490
208499
208539
208543
208581
208588
208633
208643
208650
208651
208653
208665
208691
208699
208756
208778
208781
208811
208817
208818
208822
208826
208830
208842
208853
208886
208890
208912
208946
208985
209010
209011
209017
209046
209050
209062
209073
209100
209101
209102
209122
209137
209144
209176
209188
209190
209242
209252
209267
209284
209299
209311
209345
209370
209380
209403
209409
209424
209437
209446
209460
209518
209547
209554
209568
209591
209604
209608
209662
209681
209696
209714
209717
209805
209806
209807
209855
209856
209862
209900
209904
209923
209926
209933
209934
209935
209937
209985
209986
209987
210003
210004
210010
210027
210053
210058
210070
210082
210102
210140
210168
210171
210172
210188
210191
210228
210239
210256
210257
210339
210367
210371
210373
210405
210452
210462
210471
210484
210495
210508
210529
210530
210534
210554
210593
210599
210608
210612
210623
210626
210628
210630
210633
210635
210639
210654
210658
210659
210661
210673
210720
210722
210729
210732
210785
210811
210822
210837
210852
210865
210880
210967
211033
211059
211068
211085
211148
211164
211171
211174
211178
211180
211182
211186
211187
211188
211255
211291
211323
211334
211336
211358
211362
211374
211375
211379
211385
211388
211392
211399
211421
211442
211455
211466
211472
211515
211530
211537
211559
211562
211614
211616
211627
211633
211637
211660
211666
211680
211693
211731
211739
211790
211804
211810
211824
211840
211866
211916
211935
211936
211945
211947
211948
211950
211960
211968
211974
211998
212002
212007
212039
212066
212069
212094
212097
212098
212109
212122
212150
212152
212153
212167
212169
212174
212193
212217
212223
212236
212317
212318
212327
212333
212336
212365
212379
212393
212414
212429
212440
212490
212510
212561
212562
212584
212605
212638
212640
212651
212691
212718
212723
212730
212735
212760
212771
212824
212829
212844
212846
212852
212854
212862
212879
212881
212961
212963
212968
212969
212990
212991
213028
213056
213088
213115
213119
213159
213261
213267
213278
213315
213320
213324
213365
213420
213429
213437
213496
213499
213510
213531
213556
213557
213560
213567
213568
213575
213576
213591
213593
213606
213640
213659
213662
213663
213666
213675
213685
213688
213703
213717
213718
213742
213756
213760
213761
213810
213848
213870
213891
213900
213905
213906
213951
213956
213971
213988
214010
214040
214082
214103
214116
214123
214136
214140
214158
214169
214187
214196
214206
214212
214222
214265
214274
214275
214276
214303
214304
214313
214324
214336
214340
214350
214382
214405
214425
214474
214499
214531
214541
214551
214605
214607
214611
214613
214616
214673
214679
214688
214702
214722
214744
214769
214777
214798
214809
214818
214857
214858
214859
214863
214898
214902
214981
214986
215021
215022
215036
215037
215038
215043
215060
215068
215075
215105
215137
215159
215166
215181
215201
215203
215227
215233
215267
215330
215332
215361
215374
215422
215440
215448
215469
215479
215495
215503
215511
215539
215584
215594
215600
215609
215617
215620
215629
215679
215712
215715
215724
215725
215793
215794
215797
215810
215812
215818
215862
215879
215886
215968
215969
215976
216017
216035
216037
216045
216059
216068
216116
216131
216136
216144
216170
216174
216184
216213
216244
216245
216261
216277
216291
216292
216321
216364
216374
216384
216402
216422
216449
216463
216504
216518
216552
216572
216582
216587
216604
216615
216643
216646
216651
216718
216754
216758
216780
216788
216826
216849
216866
216881
216882
216890
216924
216925
216933
216937
216946
216963
216965
216990
216995
217005
217035
217066
217076
217120
217167
217177
217184
217185
217190
217195
217222
217229
217230
217240
217248
217252
217256
217263
217331
217338
217359
217368
217369
217385
217388
217402
217403
217405
217415
217426
217452
217457
217489
217506
217563
217632
217663
217678
217744
217764
217796
217804
217866
217875
217879
217888
217893
217904
217933
217954
217981
217997
217998
218000
218020
218021
218029
218030
218043
218047
218048
218070
218119
218140
218145
218167
218194
218210
218222
218223
218235
218276
218313
218329
218337
218346
218364
218367
218373
218383
218416
218426
218458
218460
218494
218495
218514
218515
218550
218608
218661
218676
218742
218782
218785
218800
218820
218854
218888
218894
218895
218952
218989
218991
219006
219026
219031
219046
219064
219072
219085
219115
219116
219136
219151
219166
219177
219205
219214
219244
219248
219298
219299
219307
219341
219345
219355
219364
219390
219405
219407
219430
219441
219442
219446
219451
219483
219486
219508
219521
219535
219572
219575
219606
219612
219620
219621
219655
219666
219672
219694
219709
219741
219775
219808
219813
219828
219864
219887
219897
219898
219899
219905
219906
219908
219916
219943
219953
220010
220022
220023
220031
220035
220038
220057
220078
220097
220154
220156
220157
220192
220193
220201
220212
220246
220275
220338
220347
220374
220420
220421
220425
220438
220457
220464
220465
220468
220470
220491
220492
220494
220500
220502
220520
220525
220553
220554
220555
220564
220594
220604
220666
220670
220677
220706
220707
220710
220728
220751
220771
220785
220795
220804
220823
220836
220838
220839
220844
220846
220850
220856
220903
220909
220976
221013
221040
221082
221083
221090
221104
221111
221115
221131
221135
221145
221147
221149
221170
221171
221175
221224
221226
221227
221257
221274
221289
221291
221292
221298
221308
221334
221350
221369
221385
221396
221407
221457
221494
221496
221504
221528
221543
221544
221545
221590
221613
221624
221636
221666
221681
221683
221719
221728
221738
221761
221765
221768
221776
221845
221847
221881
221884
221890
221932
221949
221951
221958
221959
221976
221977
221991
221996
222005
222008
222017
222023
222034
222036
222050
222064
222101
222118
222150
222155
222205
222229
222234
222245
222251
222254
222302
222309
222314
222329
222337
222345
222347
222378
222390
222394
222399
222426
222427
222458
222516
222543
222550
222551
222578
222596
222612
222613
222627
222636
222693
222697
222701
222728
222733
222761
222769
222785
222794
222796
222823
222825
222839
222845
222865
222868
222876
222917
222934
222957
222962
222964
222968
222970
222989
222990
223053
223055
223087
223089
223094
223139
223140
223170
223178
223188
223229
223263
223300
223302
223303
223324
223346
223358
223361
223363
223411
223432
223437
223455
223492
223531
223547
223552
223607
223624
223634
223639
223640
223660
223672
223675
223692
223693
223731
223741
223793
223824
223835
223876
223915
223935
223957
223973
223983
223986
223990
223997
224005
224006
224007
224013
224024
224071
224072
224140
224141
224145
224146
224158
224175
224188
224194
224211
224235
224236
224242
224245
224256
224257
224279
224290
224323
224364
224397
224417
224439
224443
224452
224465
224470
224471
224475
224482
224499
224500
224506
224507
224553
224557
224558
224566
224571
224599
224600
224601
224611
224612
224667
224675
224683
224718
224726
224798
224800
224847
224888
224892
224899
224927
224957
224976
224981
224989
224994
224996
225008
225029
225049
225106
225111
225121
225139
225165
225206
225214
225215
225237
225246
225268
225282
225283
225294
225320
225322
225353
225361
225364
225389
225391
225392
225394
225408
225413
225414
225415
225434
225440
225477
225493
225495
225549
225566
225589
225593
225604
225605
225615
225620
225621
225653
225700
225731
225763
225794
225802
225804
225812
225848
225861
225865
225871
225882
225900
225914
225935
225948
225950
225958
225995
226008
226009
226031
226039
226117
226128
226130
226144
226163
226177
226185
226194
226325
226327
226340
226358
226369
226502
226514
226515
226534
226537
226591
226640
226646
226663
226669
226704
226721
226724
226760
226761
226764
226772
226775
226776
226777
226797
226810
226817
226818
226857
226891
226930
226976
226989
227007
227018
227044
227045
227074
227088
227155
227156
227171
227172
227180
227201
227208
227236
227254
227268
227270
227275
227294
227295
227336
227362
227363
227364
227390
227418
227422
227444
227458
227475
227497
227512
227524
227570
227611
227613
227628
227635
227661
227667
227668
227697
227698
227749
227797
227810
227811
227898
227923
227925
227930
227938
227953
227991
228013
228018
228027
228055
228056
228066
228074
228098
228116
228131
228140
228141
228143
228149
228153
228173
228230
228255
228271
228283
228285
228291
228314
228320
228323
228343
228348
228349
228350
228354
228361
228368
228427
228450
228474
228521
228548
228569
228589
228617
228657
228660
228662
228681
228690
228704
228723
228749
228753
228771
228774
228775
228796
228798
228839
228884
228889
228897
228910
228929
228946
228962
228974
228978
228979
228981
228993
228994
229005
229021
229057
229071
229077
229116
229117
229124
229130
229141
229145
229152
229155
229159
229160
229166
229225
229267
229272
229291
229297
229322
229345
229346
229359
229388
229396
229428
229474
229475
229483
229486
229496
229498
229523
229535
229538
229570
229575
229577
229590
229602
229617
229628
229661
229681
229699
229703
229704
229724
229729
229733
229739
229748
229749
229773
229829
229831
229860
229901
229930
229938
229967
229977
229979
229990
230002
230003
230083
230107
230111
230123
230133
230149
230199
230201
230237
230242
230281
230316
230352
230358
230367
230389
230398
230439
230503
230509
230519
230523
230526
230527
230534
230545
230552
230566
230574
230583
230603
230613
230650
230663
230694
230740
230746
230748
230757
230772
230775
230780
230781
230797
230799
230854
230863
230867
230912
230921
230939
230956
231003
231009
231039
231050
231052
231058
231067
231078
231079
231103
231111
231138
231139
231153
231166
231171
231172
231185
231194
231212
231251
231257
231302
231317
231341
231385
231394
231450
231454
231457
231485
231509
231513
231514
231515
231551
231554
231581
231601
231604
231640
231645
231674
231681
231701
231723
231778
231779
231780
231786
231787
231807
231839
231840
231852
231860
231865
231874
231929
231938
231969
231979
232012
232027
232080
232120
232128
232150
232199
232218
232224
232233
232242
232247
232288
232349
232353
232364
232365
232371
232392
232393
232397
232413
232418
232436
232450
232494
232505
232513
232527
232528
232529
232530
232539
232568
232681
232694
232697
232845
232865
232869
232893
232895
232897
232959
232996
233041
233065
233075
233107
233134
233141
233148
233163
233179
233182
233184
233187
233194
233206
233221
233250
233261
233275
233287
233300
233326
233351
233353
233384
233397
233415
233416
233417
233418
233428
233449
233464
233466
233474
233482
233500
233530
233531
233546
233547
233564
233581
233598
233606
233607
233633
233726
233727
233739
233774
233796
233803
233818
233823
233841
233856
233869
233910
233932
233963
233966
233969
234027
234039
234088
234091
234099
234105
234124
234144
234149
234178
234192
234198
234206
234257
234259
234268
234292
234295
234300
234308
234319
234431
234440
234458
234500
234526
234550
234560
234561
234564
234570
234599
234606
234619
234620
234639
234650
234663
234672
234713
234736
234791
234792
234819
234845
234884
234916
234918
234922
234923
234942
234943
234956
235016
235023
235044
235054
235080
235088
235096
235100
235116
235132
235154
235169
235192
235193
235231
235270
235325
235370
235378
235421
235423
235434
235436
235441
235469
235489
235503
235504
235526
235557
235566
235579
235582
235593
235597
235603
235604
235626
235650
235651
235668
235685
235705
235709
235801
235804
235817
235829
235838
235895
235916
235920
235924
235955
235959
235969
235992
236004
236020
236033
236077
236084
236104
236108
236120
236126
236127
236135
236137
236182
236200
236218
236237
236238
236279
236281
236284
236294
236303
236319
236359
236381
236389
236408
236434
236444
236473
236475
236497
236504
236516
236519
236556
236586
236604
236608
236636
236649
236658
236693
236695
236701
236747
236778
236779
236802
236824
236826
236840
236841
236877
236884
236888
236903
236904
236905
236918
236956
236966
236970
236975
236996
237001
237027
237056
237058
237081
237084
237121
237126
237137
237163
237174
237182
237192
237201
237307
237347
237359
237374
237392
237412
237432
237433
237450
237454
237459
237476
237491
237494
237509
237514
237516
237536
237580
237593
237602
237606
237628
237663
237696
237705
237711
237713
237741
237747
237806
237807
237808
237809
237851
237887
237894
237899
237914
237950
237954
237959
237960
237965
237975
238021
238047
238056
238066
238067
238085
238162
238163
238171
238190
238192
238217
238263
238266
238280
238282
238298
238329
238376
238439
238444
238473
238494
238536
238584
238586
238643
238655
238694
238704
238765
238777
238778
238813
238829
238831
238844
238883
238893
238904
238907
238911
238913
238940
238945
238958
238968
239005
239046
239064
239071
239080
239106
239118
239148
239153
239155
239160
239164
239175
239186
239218
239229
239233
239236
239246
239260
239282
239283
239330
239335
239342
239348
239349
239356
239360
239411
239420
239421
239429
239432
239433
239460
239465
239473
239483
239485
239517
239554
239572
239575
239582
239592
239611
239646
239664
239711
239735
239748
239784
239810
239811
239877
239890
239897
239910
239945
239961
239980
240062
240068
240074
240080
240081
240083
240097
240098
240107
240153
240169
240182
240187
240198
240208
240215
240260
240262
240264
240266
240278
240279
240299
240347
240376
240398
240416
240420
240432
240452
240461
240475
240488
240496
240497
240550
240583
240584
240628
240650
240676
240685
240752
240776
240783
240828
240831
240851
240955
240957
240985
241029
241071
241079
241093
241123
241124
241126
241131
241151
241172
241174
241175
241190
241213
241225
241262
241281
241316
241334
241337
241381
241407
241411
241474
241475
241478
241490
241501
241502
241521
241531
241542
241544
241548
241549
241563
241568
241613
241668
241675
241686
241690
241702
241740
241757
241794
241815
241859
241879
241888
241917
241923
241924
241935
241936
241945
241980
242027
242059
242063
242073
242074
242113
242116
242128
242137
242147
242191
242198
242203
242204
242210
242233
242261
242269
242287
242311
242333
242354
242360
242365
242368
242402
242406
242490
242506
242520
242537
242544
242557
242574
242580
242589
242599
242618
242619
242628
242645
242651
242686
242688
242694
242697
242700
242701
242703
242738
242745
242752
242761
242785
242794
242813
242838
242878
242881
242889
242895
242907
242922
242949
242983
243013
243022
243023
243025
243101
243105
243107
243108
243158
243187
243220
243240
243241
243243
243246
243248
243253
243284
243301
243332
243351
243352
243357
243366
243444
243491
243499
243518
243537
243541
243571
243573
243604
243610
243641
243647
243668
243672
243689
243694
243695
243700
243707
243730
243739
243740
243741
243783
243804
243816
243827
243850
243894
243917
243918
243926
243940
243942
243943
243945
243958
243968
243971
243972
244029
244052
244146
244148
244156
244157
244178
244184
244191
244195
244258
244311
244318
244319
244340
244387
244393
244399
244428
244462
244469
244470
244476
244488
244494
244531
244569
244573
244609
244615
244637
244652
244674
244675
244676
244727
244738
244739
244740
244743
244756
244764
244765
244769
244806
244845
244847
244854
244884
244931
244941
244942
244943
244971
244982
244999
245002
245006
245057
245128
245133
245148
245151
245183
245199
245236
245262
245272
245286
245289
245302
245303
245342
245388
245402
245411
245457
245514
245536
245550
245551
245563
245587
245596
245611
245613
245618
245661
245662
245663
245671
245685
245704
245705
245706
245707
245726
245732
245760
245807
245822
245912
245935
245942
245943
245948
245959
245963
245982
246029
246058
246131
246136
246147
246226
246235
246284
246303
246313
246358
246375
246376
246397
246399
246422
246451
246458
246501
246529
246538
246574
246609
246610
246634
246657
246758
246806
