0
1
2
3
4
5
6
7
8
9
10
11
12
13
14
15
16
17
18
19
20
21
22
23
24
25
26
27
28
29
30
31
32
33
34
35
36
37
38
39
40
41
42
43
44
45
46
47
48
49
50
51
52
53
54
55
56
57
58
59
60
61
62
63
64
65
66
67
68
69
70
71
72
73
74
75
76
77
78
79
80
81
82
83
84
85
86
87
88
89
90
91
92
93
94
95
96
97
98
99
100
101
102
103
104
105
106
107
108
109
110
111
112
113
114
115
116
117
118
119
120
121
122
123
124
125
126
127
128
129
130
131
132
133
134
135
136
137
138
139
140
141
142
143
144
145
146
147
148
149
150
151
152
153
154
155
156
157
158
159
160
161
162
163
164
165
166
167
168
169
170
171
172
173
174
175
176
177
178
179
180
181
182
183
184
185
186
187
188
189
190
191
192
193
194
195
196
197
198
199
200
201
202
203
204
205
206
207
208
209
210
211
212
213
214
215
216
217
218
219
220
221
222
223
224
225
226
227
228
229
230
231
232
233
234
235
236
237
238
239
240
241
242
243
244
245
246
247
248
249
250
251
252
253
254
255
256
257
258
259
260
261
262
263
264
265
266
267
268
269
270
271
272
273
274
275
276
277
278
279
280
281
282
283
284
285
286
287
288
289
290
291
292
293
294
295
296
297
298
299
300
301
302
303
304
305
306
307
308
309
310
311
312
313
314
315
316
318
319
320
321
322
323
324
325
326
327
328
329
330
331
332
333
334
335
336
337
338
339
340
341
342
343
344
345
346
347
348
349
350
351
352
353
354
355
356
357
358
359
360
361
362
363
364
365
366
367
368
369
370
371
372
373
374
375
376
377
378
379
380
381
382
383
384
385
386
387
388
389
390
391
392
393
394
395
396
397
398
399
400
401
402
403
404
405
406
407
408
409
411
412
413
414
415
416
417
418
419
420
421
423
424
425
426
427
428
429
430
431
432
433
434
435
436
437
438
439
440
441
442
443
444
445
446
447
448
449
450
451
452
453
455
456
457
458
459
460
461
462
463
464
465
466
467
468
469
470
471
472
473
474
475
476
477
478
479
480
481
482
483
484
485
486
487
488
489
490
491
492
493
494
495
496
497
498
499
500
501
502
503
504
505
506
507
508
509
510
511
512
513
514
515
516
517
518
519
520
521
522
523
524
525
526
527
528
529
530
531
532
533
534
535
536
537
538
539
540
541
542
543
544
545
546
547
548
549
550
551
552
553
554
555
557
558
559
560
561
562
563
564
565
566
567
568
569
570
571
572
573
575
576
577
578
579
580
581
582
583
585
586
587
588
589
591
592
593
594
595
596
597
598
599
600
601
602
603
604
605
606
607
608
609
610
611
612
613
614
615
616
617
618
619
620
621
622
623
624
625
626
627
628
629
630
631
632
633
634
635
636
637
638
639
640
641
642
643
644
645
646
647
649
650
651
653
654
655
656
657
658
660
661
662
663
664
665
666
667
668
669
670
671
673
674
675
676
677
678
679
680
681
682
683
684
685
686
687
688
689
690
691
692
693
694
695
696
697
698
699
700
701
702
703
704
706
707
708
709
710
711
712
713
714
715
716
717
718
719
721
722
723
724
725
726
727
728
729
730
732
733
734
735
736
737
738
739
740
741
742
743
744
745
746
747
748
749
750
751
752
753
754
755
756
757
758
759
760
761
762
763
764
765
766
767
768
769
770
771
772
773
774
775
776
777
778
779
780
781
782
783
784
785
786
787
788
789
790
791
792
793
794
795
796
797
798
799
800
801
802
803
804
805
806
807
808
809
810
811
812
813
814
815
816
817
818
819
820
821
822
823
824
825
826
828
829
830
831
832
833
834
835
836
837
838
839
840
841
842
843
844
846
847
848
849
850
851
852
853
854
855
856
858
859
860
861
862
863
864
866
867
868
869
870
871
872
873
874
875
876
877
878
879
880
881
882
883
884
885
886
887
888
889
890
891
892
893
894
895
896
897
898
899
900
901
902
903
904
905
906
907
908
909
910
911
912
913
914
915
916
917
918
919
920
921
922
923
924
925
926
927
928
929
930
931
932
933
934
935
936
937
938
939
940
941
942
943
944
945
946
947
948
950
951
952
953
954
955
956
957
958
959
960
961
962
963
964
965
966
967
968
969
970
971
972
974
975
977
978
979
980
981
982
983
984
985
986
987
988
989
990
991
992
993
994
995
996
997
998
999
1000
1001
1002
1003
1004
1005
1006
1007
1008
1009
1010
1011
1012
1014
1015
1016
1017
1018
1019
1020
1021
1023
1024
1025
1026
1027
1028
1029
1030
1031
1033
1034
1035
1036
1037
1038
1039
1040
1041
1042
1043
1044
1045
1046
1047
1048
1049
1050
1051
1052
1053
1054
1055
1056
1057
1058
1059
1060
1061
1062
1063
1064
1065
1066
1067
1068
1069
1070
1071
1072
1073
1074
1075
1076
1077
1078
1080
1081
1082
1083
1084
1085
1086
1087
1088
1089
1090
1091
1092
1093
1094
1095
1096
1097
1098
1099
1100
1101
1103
1104
1105
1106
1109
1110
1111
1112
1113
1114
1115
1116
1117
1118
1119
1120
1121
1122
1123
1124
1125
1128
1129
1130
1131
1132
1133
1134
1135
1136
1137
1138
1139
1140
1141
1142
1143
1144
1145
1146
1147
1149
1150
1151
1152
1154
1155
1156
1157
1158
1159
1160
1161
1162
1163
1164
1165
1166
1167
1169
1170
1171
1172
1173
1174
1175
1176
1178
1179
1180
1181
1182
1183
1184
1185
1186
1187
1188
1189
1190
1191
1192
1193
1194
1195
1196
1197
1198
1199
1200
1201
1203
1204
1205
1206
1207
1208
1209
1210
1211
1212
1213
1214
1215
1216
1218
1219
1220
1221
1222
1223
1225
1226
1227
1228
1229
1230
1231
1232
1233
1234
1235
1236
1237
1238
1239
1240
1241
1242
1243
1244
1245
1246
1247
1248
1249
1250
1251
1252
1253
1254
1255
1256
1257
1258
1259
1260
1261
1262
1263
1264
1265
1266
1267
1268
1269
1271
1272
1273
1274
1275
1276
1277
1278
1279
1280
1281
1282
1283
1284
1285
1286
1287
1288
1289
1290
1291
1292
1293
1294
1295
1296
1297
1298
1299
1300
1301
1302
1303
1304
1305
1307
1308
1310
1311
1312
1313
1314
1315
1317
1318
1319
1320
1321
1322
1323
1324
1325
1326
1327
1328
1329
1330
1331
1332
1333
1334
1335
1336
1337
1338
1339
1340
1341
1342
1343
1344
1345
1347
1348
1349
1350
1351
1353
1354
1355
1356
1357
1358
1359
1361
1362
1363
1364
1365
1366
1367
1368
1369
1370
1371
1372
1374
1375
1376
1377
1378
1379
1380
1381
1382
1383
1384
1386
1387
1388
1390
1391
1393
1394
1395
1396
1397
1398
1399
1400
1401
1402
1403
1404
1405
1406
1407
1408
1409
1410
1411
1412
1413
1414
1415
1416
1417
1418
1420
1421
1422
1423
1424
1425
1426
1427
1428
1429
1430
1431
1432
1433
1434
1435
1436
1437
1438
1439
1440
1441
1442
1443
1444
1445
1446
1447
1448
1449
1450
1451
1452
1454
1455
1456
1457
1458
1459
1460
1461
1462
1463
1465
1466
1467
1468
1469
1470
1471
1472
1473
1474
1475
1476
1477
1478
1479
1480
1481
1482
1483
1484
1485
1486
1487
1488
1489
1490
1491
1492
1493
1494
1495
1496
1497
1498
1499
1500
1501
1503
1504
1505
1506
1507
1508
1509
1510
1511
1513
1514
1515
1516
1517
1518
1519
1520
1521
1522
1523
1524
1525
1526
1527
1528
1529
1530
1531
1532
1533
1534
1535
1536
1537
1538
1539
1540
1541
1542
1543
1544
1546
1547
1548
1549
1550
1551
1552
1553
1554
1555
1556
1557
1558
1559
1560
1561
1562
1563
1564
1565
1566
1567
1568
1569
1570
1571
1572
1573
1575
1576
1577
1578
1579
1580
1581
1582
1583
1584
1586
1587
1588
1589
1590
1591
1592
1593
1594
1595
1596
1597
1598
1599
1600
1601
1602
1603
1605
1606
1608
1609
1610
1611
1612
1613
1614
1615
1616
1617
1618
1619
1620
1621
1622
1623
1624
1625
1626
1627
1628
1630
1631
1632
1633
1634
1636
1637
1638
1639
1640
1641
1642
1643
1644
1645
1646
1647
1648
1649
1651
1652
1653
1654
1655
1656
1657
1658
1659
1660
1661
1663
1664
1665
1666
1667
1668
1669
1670
1671
1672
1673
1674
1675
1676
1677
1678
1679
1680
1681
1682
1683
1684
1685
1686
1687
1688
1689
1690
1691
1692
1694
1695
1696
1697
1698
1699
1700
1701
1703
1704
1705
1706
1708
1709
1710
1711
1712
1713
1714
1715
1716
1717
1718
1719
1720
1721
1722
1723
1724
1725
1726
1727
1728
1729
1730
1731
1732
1733
1734
1735
1736
1737
1739
1740
1741
1742
1743
1744
1745
1746
1748
1749
1750
1752
1753
1754
1755
1757
1758
1759
1760
1761
1762
1763
1764
1765
1766
1767
1768
1769
1770
1771
1772
1773
1774
1775
1776
1777
1778
1779
1781
1782
1783
1784
1785
1786
1787
1788
1789
1790
1791
1792
1794
1795
1796
1797
1798
1799
1800
1801
1802
1803
1804
1805
1806
1807
1808
1809
1810
1811
1812
1813
1814
1815
1816
1817
1818
1819
1820
1821
1822
1823
1825
1826
1827
1828
1829
1830
1831
1832
1833
1834
1836
1837
1840
1841
1842
1843
1844
1845
1846
1847
1848
1849
1850
1851
1852
1853
1854
1855
1856
1857
1858
1859
1860
1861
1862
1864
1865
1866
1867
1868
1869
1870
1871
1873
1874
1875
1876
1877
1878
1879
1880
1881
1882
1883
1884
1885
1886
1888
1889
1890
1891
1892
1893
1894
1895
1896
1897
1898
1899
1900
1901
1902
1905
1906
1907
1908
1909
1910
1911
1914
1915
1916
1917
1918
1919
1920
1921
1922
1923
1924
1925
1926
1927
1928
1929
1930
1931
1932
1934
1935
1936
1937
1938
1939
1940
1941
1942
1943
1944
1945
1946
1947
1948
1949
1950
1951
1952
1953
1954
1956
1957
1958
1959
1960
1962
1963
1964
1965
1966
1967
1968
1969
1970
1972
1973
1974
1976
1977
1979
1980
1982
1983
1984
1985
1986
1987
1988
1990
1991
1992
1993
1994
1995
1996
1997
1998
1999
2000
2001
2002
2003
2004
2005
2006
2007
2008
2009
2010
2011
2012
2013
2014
2015
2017
2018
2019
2020
2021
2022
2023
2024
2025
2026
2027
2028
2029
2030
2032
2033
2034
2035
2036
2037
2038
2039
2040
2042
2043
2044
2045
2046
2047
2048
2049
2050
2051
2052
2053
2054
2055
2056
2057
2058
2059
2060
2061
2062
2063
2064
2065
2066
2067
2068
2069
2070
2071
2073
2074
2075
2076
2077
2078
2079
2080
2081
2082
2083
2084
2085
2086
2087
2088
2091
2092
2093
2094
2095
2096
2097
2098
2099
2100
2101
2102
2103
2104
2105
2106
2107
2109
2111
2112
2113
2114
2115
2116
2117
2119
2121
2122
2124
2125
2126
2128
2129
2130
2131
2132
2133
2134
2136
2137
2138
2139
2140
2141
2142
2143
2144
2146
2147
2148
2149
2150
2151
2152
2153
2154
2155
2156
2157
2158
2165
2166
2167
2168
2169
2171
2172
2173
2174
2175
2176
2177
2178
2179
2180
2181
2182
2183
2184
2185
2188
2189
2190
2191
2192
2193
2194
2195
2196
2197
2198
2199
2200
2201
2202
2203
2204
2205
2206
2207
2208
2209
2210
2211
2213
2214
2215
2216
2217
2218
2219
2220
2221
2222
2223
2224
2225
2226
2227
2228
2229
2230
2232
2233
2234
2235
2236
2237
2238
2239
2240
2241
2242
2243
2244
2245
2246
2247
2248
2249
2250
2251
2252
2253
2255
2256
2257
2259
2260
2261
2262
2263
2264
2265
2266
2267
2268
2269
2271
2272
2273
2274
2276
2277
2278
2279
2280
2281
2282
2283
2284
2285
2286
2287
2289
2290
2292
2293
2294
2295
2296
2297
2298
2299
2300
2301
2302
2303
2304
2305
2306
2307
2308
2310
2311
2313
2314
2315
2316
2317
2319
2320
2321
2322
2324
2325
2327
2328
2329
2330
2331
2332
2333
2334
2335
2336
2337
2338
2340
2341
2342
2343
2344
2345
2346
2347
2348
2349
2350
2351
2353
2354
2355
2356
2357
2358
2359
2360
2361
2363
2364
2365
2366
2367
2368
2369
2370
2373
2374
2376
2377
2379
2380
2381
2382
2383
2384
2387
2388
2389
2390
2391
2392
2393
2394
2395
2396
2397
2398
2399
2400
2401
2402
2403
2404
2405
2407
2408
2409
2411
2412
2413
2414
2416
2417
2418
2419
2420
2421
2422
2423
2424
2425
2426
2427
2428
2429
2430
2431
2432
2433
2434
2436
2437
2438
2439
2441
2442
2444
2445
2446
2447
2448
2450
2451
2452
2453
2454
2455
2456
2457
2458
2460
2461
2462
2463
2464
2465
2466
2468
2469
2471
2472
2473
2474
2475
2476
2477
2478
2480
2481
2482
2483
2485
2486
2487
2488
2489
2491
2492
2493
2494
2495
2496
2497
2498
2499
2500
2502
2503
2504
2505
2506
2508
2509
2510
2511
2512
2513
2514
2515
2517
2519
2520
2521
2522
2523
2524
2526
2527
2528
2529
2530
2531
2532
2533
2534
2536
2537
2538
2540
2541
2542
2543
2544
2545
2546
2548
2549
2550
2552
2553
2554
2555
2556
2558
2559
2560
2562
2565
2567
2568
2569
2570
2572
2573
2574
2575
2577
2578
2579
2580
2581
2582
2583
2584
2585
2586
2587
2588
2589
2590
2591
2592
2593
2594
2595
2597
2598
2599
2600
2601
2602
2603
2604
2605
2606
2607
2608
2609
2610
2612
2613
2614
2616
2617
2618
2619
2620
2621
2622
2624
2625
2626
2627
2628
2629
2630
2631
2632
2634
2636
2637
2638
2639
2640
2641
2642
2643
2644
2645
2646
2647
2648
2649
2650
2651
2652
2653
2657
2658
2659
2660
2662
2663
2664
2665
2666
2667
2669
2670
2672
2674
2675
2676
2677
2678
2679
2680
2682
2683
2684
2685
2686
2687
2688
2689
2690
2691
2692
2693
2694
2695
2696
2697
2698
2699
2701
2702
2703
2704
2705
2706
2707
2708
2709
2710
2711
2712
2713
2714
2715
2716
2717
2718
2719
2720
2721
2722
2723
2724
2725
2726
2728
2729
2730
2731
2732
2734
2735
2737
2738
2740
2741
2742
2743
2744
2745
2746
2747
2748
2749
2750
2751
2752
2753
2754
2755
2756
2757
2758
2759
2760
2761
2762
2763
2765
2767
2768
2770
2772
2773
2774
2775
2776
2777
2779
2780
2781
2783
2784
2785
2788
2789
2790
2791
2792
2793
2794
2795
2796
2798
2799
2802
2803
2804
2805
2806
2807
2808
2810
2812
2813
2814
2816
2817
2818
2820
2821
2822
2823
2824
2825
2827
2828
2829
2830
2831
2832
2833
2834
2835
2836
2837
2838
2839
2840
2841
2842
2843
2844
2845
2846
2847
2848
2849
2850
2851
2852
2853
2854
2855
2856
2858
2859
2860
2861
2862
2863
2867
2868
2869
2871
2873
2874
2875
2876
2878
2879
2880
2881
2882
2883
2884
2885
2886
2887
2888
2889
2890
2891
2892
2893
2894
2895
2896
2897
2898
2899
2900
2901
2902
2903
2904
2905
2906
2907
2908
2909
2910
2912
2913
2915
2916
2917
2918
2919
2920
2921
2922
2923
2924
2925
2926
2927
2928
2929
2930
2931
2932
2933
2935
2936
2937
2938
2939
2940
2941
2942
2943
2944
2945
2946
2947
2948
2949
2950
2951
2953
2955
2956
2957
2958
2959
2961
2962
2963
2965
2967
2968
2969
2970
2971
2972
2973
2974
2976
2977
2978
2979
2980
2981
2982
2983
2984
2985
2986
2987
2989
2990
2991
2992
2993
2994
2995
2996
2998
2999
3000
3001
3002
3003
3004
3005
3006
3007
3008
3010
3011
3012
3013
3014
3015
3016
3017
3018
3019
3020
3021
3022
3023
3024
3026
3027
3028
3029
3030
3031
3032
3033
3034
3035
3036
3037
3038
3039
3040
3041
3043
3044
3045
3046
3047
3048
3049
3050
3051
3053
3054
3055
3056
3057
3058
3059
3060
3061
3062
3063
3064
3065
3066
3067
3069
3070
3071
3072
3074
3075
3076
3077
3078
3080
3081
3082
3083
3084
3086
3087
3088
3089
3091
3092
3093
3094
3095
3096
3097
3098
3099
3100
3101
3102
3103
3105
3106
3107
3108
3110
3111
3113
3114
3115
3116
3117
3118
3119
3121
3122
3123
3124
3125
3126
3127
3128
3129
3130
3131
3132
3133
3134
3135
3136
3137
3138
3140
3141
3142
3143
3144
3145
3146
3147
3148
3149
3150
3151
3152
3153
3154
3155
3156
3157
3158
3159
3160
3161
3162
3163
3164
3165
3166
3167
3168
3170
3171
3172
3173
3175
3176
3177
3178
3179
3180
3181
3182
3183
3184
3185
3186
3187
3188
3189
3190
3191
3192
3193
3194
3195
3196
3197
3198
3199
3200
3201
3202
3204
3205
3206
3207
3209
3210
3212
3213
3216
3217
3219
3220
3221
3222
3224
3225
3226
3228
3229
3230
3231
3232
3233
3234
3235
3236
3237
3238
3239
3240
3241
3242
3243
3245
3246
3247
3248
3249
3250
3251
3252
3253
3254
3255
3256
3257
3258
3259
3260
3262
3263
3264
3266
3267
3268
3269
3270
3271
3272
3274
3275
3276
3277
3278
3280
3281
3282
3283
3284
3285
3286
3288
3289
3290
3291
3292
3293
3294
3295
3296
3297
3298
3299
3300
3301
3302
3303
3304
3305
3306
3307
3308
3309
3311
3312
3313
3314
3315
3316
3317
3318
3319
3320
3321
3322
3323
3324
3325
3326
3327
3328
3329
3330
3331
3333
3334
3335
3336
3338
3339
3341
3342
3344
3345
3346
3348
3349
3350
3351
3352
3354
3355
3357
3358
3359
3361
3362
3364
3365
3366
3367
3368
3369
3370
3371
3372
3374
3375
3376
3377
3378
3379
3381
3382
3383
3384
3385
3387
3389
3390
3391
3392
3393
3395
3396
3397
3401
3402
3404
3405
3406
3407
3408
3409
3410
3411
3412
3413
3414
3415
3416
3417
3418
3419
3420
3421
3422
3423
3424
3425
3426
3428
3429
3432
3433
3434
3435
3436
3437
3438
3439
3440
3441
3443
3444
3445
3446
3447
3448
3449
3450
3452
3455
3458
3460
3462
3463
3464
3466
3468
3469
3470
3471
3472
3473
3474
3475
3476
3478
3479
3480
3481
3482
3483
3484
3485
3486
3487
3488
3490
3491
3492
3493
3494
3495
3496
3498
3500
3501
3502
3503
3505
3507
3508
3509
3510
3511
3512
3513
3514
3515
3516
3518
3519
3520
3521
3522
3523
3524
3525
3526
3527
3528
3529
3530
3532
3533
3534
3535
3536
3538
3539
3540
3541
3542
3543
3544
3545
3546
3548
3554
3555
3557
3558
3559
3560
3561
3562
3563
3564
3565
3566
3567
3568
3569
3570
3571
3572
3574
3575
3576
3577
3578
3579
3580
3581
3582
3583
3585
3588
3590
3591
3593
3594
3595
3596
3597
3599
3600
3601
3602
3603
3604
3605
3606
3607
3608
3609
3610
3611
3612
3613
3614
3615
3616
3617
3618
3619
3621
3622
3624
3626
3627
3628
3629
3630
3631
3632
3633
3634
3635
3636
3637
3638
3639
3641
3643
3644
3646
3648
3649
3650
3651
3652
3654
3655
3656
3657
3658
3659
3660
3662
3663
3665
3667
3668
3669
3670
3671
3672
3673
3674
3675
3677
3678
3679
3680
3681
3682
3683
3684
3685
3686
3687
3689
3690
3691
3692
3693
3694
3695
3696
3697
3698
3700
3701
3702
3703
3704
3706
3707
3709
3710
3711
3712
3713
3714
3715
3717
3718
3719
3720
3721
3722
3723
3724
3725
3726
3727
3728
3731
3732
3733
3734
3736
3737
3738
3739
3741
3742
3743
3744
3746
3747
3749
3750
3751
3752
3753
3754
3755
3756
3757
3758
3759
3760
3761
3762
3763
3765
3766
3768
3769
3770
3771
3772
3775
3777
3779
3780
3781
3782
3783
3784
3785
3787
3788
3789
3790
3791
3792
3793
3794
3795
3796
3797
3798
3799
3800
3801
3803
3804
3805
3806
3807
3808
3809
3810
3811
3812
3813
3814
3815
3816
3817
3818
3819
3820
3822
3823
3825
3826
3827
3828
3829
3830
3833
3834
3835
3836
3837
3838
3839
3840
3841
3842
3843
3844
3845
3847
3848
3849
3850
3851
3852
3853
3854
3855
3856
3857
3858
3859
3860
3861
3862
3864
3865
3866
3867
3868
3869
3870
3871
3872
3874
3875
3876
3877
3878
3879
3881
3882
3883
3884
3885
3887
3888
3889
3890
3891
3892
3895
3896
3897
3899
3900
3901
3902
3903
3904
3905
3908
3909
3910
3912
3913
3914
3915
3916
3917
3918
3919
3920
3921
3922
3923
3924
3925
3926
3927
3928
3929
3930
3931
3932
3933
3935
3936
3938
3939
3940
3942
3943
3944
3945
3946
3947
3948
3949
3950
3951
3955
3956
3957
3958
3961
3963
3964
3965
3966
3967
3968
3969
3970
3971
3972
3973
3974
3975
3976
3977
3978
3979
3980
3982
3983
3984
3985
3986
3987
3988
3990
3991
3992
3993
3994
3995
3996
3997
3998
3999
4001
4003
4004
4005
4006
4007
4008
4009
4010
4011
4012
4013
4015
4016
4017
4018
4019
4020
4021
4022
4024
4025
4026
4027
4030
4031
4032
4033
4034
4035
4038
4039
4041
4042
4044
4045
4046
4047
4048
4049
4050
4052
4053
4054
4055
4056
4057
4058
4059
4061
4062
4064
4065
4066
4067
4068
4072
4073
4074
4075
4076
4078
4079
4080
4081
4082
4083
4084
4086
4087
4088
4089
4090
4091
4092
4094
4095
4096
4097
4098
4099
4100
4101
4102
4104
4105
4107
4108
4109
4110
4111
4112
4114
4115
4116
4117
4118
4119
4120
4121
4122
4123
4124
4125
4126
4127
4128
4129
4130
4131
4132
4134
4135
4136
4138
4139
4140
4141
4142
4144
4145
4146
4147
4148
4150
4152
4153
4154
4155
4156
4157
4159
4161
4162
4164
4167
4170
4171
4172
4173
4175
4176
4177
4178
4179
4180
4181
4183
4184
4185
4188
4189
4190
4191
4194
4196
4197
4198
4199
4201
4202
4203
4204
4205
4206
4208
4209
4213
4214
4216
4218
4219
4220
4221
4222
4223
4225
4226
4227
4228
4229
4230
4231
4233
4234
4236
4237
4238
4240
4241
4242
4243
4245
4246
4247
4248
4249
4250
4252
4254
4255
4256
4257
4258
4259
4260
4261
4262
4263
4264
4266
4267
4268
4269
4270
4271
4272
4274
4275
4276
4277
4278
4279
4281
4282
4283
4284
4286
4288
4289
4290
4291
4292
4293
4294
4295
4296
4297
4299
4300
4301
4302
4304
4305
4307
4308
4310
4311
4312
4313
4314
4315
4316
4317
4319
4320
4321
4323
4325
4327
4328
4329
4330
4331
4332
4333
4334
4335
4336
4337
4338
4339
4340
4341
4342
4343
4344
4345
4346
4347
4348
4349
4350
4351
4352
4353
4355
4356
4357
4359
4360
4361
4362
4363
4364
4365
4366
4368
4369
4370
4371
4372
4374
4375
4376
4377
4378
4379
4382
4383
4384
4385
4386
4387
4388
4389
4390
4392
4393
4395
4396
4397
4398
4400
4401
4402
4403
4404
4405
4407
4409
4410
4412
4413
4414
4415
4416
4417
4418
4419
4420
4421
4423
4424
4425
4428
4429
4430
4431
4432
4433
4434
4436
4437
4438
4439
4440
4442
4443
4444
4445
4446
4447
4449
4450
4451
4452
4453
4454
4455
4456
4458
4459
4460
4461
4463
4464
4465
4466
4467
4469
4470
4471
4472
4473
4475
4476
4477
4478
4479
4480
4481
4483
4484
4485
4486
4487
4488
4489
4490
4491
4492
4493
4494
4496
4497
4498
4499
4500
4501
4503
4504
4505
4506
4507
4508
4509
4510
4511
4512
4513
4514
4515
4516
4517
4518
4519
4520
4521
4522
4523
4524
4525
4526
4528
4529
4530
4531
4532
4533
4534
4536
4537
4540
4541
4542
4543
4545
4546
4547
4548
4549
4551
4552
4554
4555
4557
4558
4559
4560
4561
4562
4563
4564
4565
4567
4568
4569
4570
4571
4572
4573
4574
4575
4576
4577
4578
4580
4581
4583
4584
4585
4587
4588
4590
4591
4592
4593
4594
4595
4598
4599
4600
4601
4602
4603
4604
4605
4606
4607
4608
4609
4610
4611
4612
4613
4614
4615
4618
4619
4621
4622
4623
4625
4627
4632
4634
4635
4636
4638
4639
4640
4641
4642
4643
4644
4645
4646
4647
4649
4650
4652
4653
4654
4655
4656
4657
4658
4659
4660
4661
4662
4663
4664
4665
4666
4669
4670
4671
4672
4673
4674
4675
4676
4677
4679
4680
4681
4682
4683
4684
4685
4686
4687
4688
4689
4690
4691
4693
4694
4698
4699
4700
4701
4704
4705
4706
4707
4708
4709
4711
4712
4713
4716
4717
4718
4721
4722
4723
4724
4725
4726
4729
4730
4731
4732
4733
4734
4735
4736
4737
4738
4739
4740
4741
4742
4743
4744
4745
4746
4749
4750
4751
4752
4753
4755
4756
4757
4758
4763
4764
4765
4766
4767
4769
4770
4771
4772
4773
4774
4775
4776
4777
4778
4779
4780
4781
4782
4783
4784
4785
4786
4788
4789
4791
4793
4796
4797
4798
4799
4800
4802
4803
4804
4807
4808
4811
4812
4813
4814
4815
4816
4817
4818
4820
4821
4822
4823
4824
4826
4828
4829
4830
4831
4832
4833
4834
4835
4836
4837
4839
4840
4841
4842
4843
4844
4845
4846
4847
4848
4849
4850
4851
4854
4855
4856
4857
4858
4859
4860
4861
4862
4863
4864
4866
4867
4868
4869
4871
4872
4873
4874
4876
4877
4878
4879
4880
4881
4882
4883
4884
4886
4887
4888
4890
4891
4892
4893
4896
4897
4898
4899
4900
4901
4902
4904
4906
4907
4909
4910
4912
4913
4914
4915
4918
4920
4923
4924
4926
4927
4929
4930
4931
4932
4933
4935
4936
4937
4938
4939
4940
4941
4944
4945
4947
4948
4950
4952
4953
4954
4955
4958
4960
4961
4962
4963
4964
4965
4967
4968
4970
4971
4972
4973
4974
4975
4976
4977
4979
4980
4981
4982
4983
4984
4986
4987
4988
4990
4991
4992
4993
4994
4996
4997
4998
4999
5000
5001
5002
5004
5005
5006
5009
5010
5011
5012
5013
5015
5016
5017
5018
5019
5020
5021
5022
5023
5024
5025
5026
5027
5028
5032
5033
5034
5037
5038
5040
5041
5042
5043
5044
5045
5046
5047
5048
5049
5050
5052
5054
5055
5056
5057
5059
5060
5061
5064
5065
5066
5067
5068
5069
5071
5072
5073
5074
5075
5077
5078
5081
5082
5083
5084
5085
5086
5087
5088
5089
5090
5091
5092
5093
5094
5095
5096
5097
5098
5099
5100
5101
5102
5103
5105
5106
5107
5108
5109
5110
5111
5114
5116
5117
5122
5124
5125
5127
5128
5129
5130
5131
5132
5133
5134
5136
5137
5138
5139
5140
5141
5142
5143
5144
5145
5148
5154
5155
5157
5158
5159
5161
5162
5163
5165
5166
5167
5168
5169
5170
5171
5173
5174
5176
5179
5181
5182
5183
5185
5187
5188
5189
5190
5191
5194
5195
5196
5198
5199
5200
5201
5203
5204
5207
5209
5211
5212
5213
5214
5215
5217
5218
5219
5220
5222
5223
5224
5226
5227
5228
5229
5230
5232
5234
5235
5236
5237
5240
5241
5243
5244
5245
5247
5248
5251
5252
5253
5255
5256
5257
5259
5260
5261
5262
5263
5265
5266
5267
5269
5272
5273
5274
5276
5277
5278
5279
5280
5281
5283
5284
5285
5286
5287
5289
5292
5293
5295
5296
5297
5298
5299
5300
5301
5302
5303
5304
5306
5307
5308
5309
5310
5312
5313
5314
5315
5316
5317
5318
5319
5321
5322
5323
5324
5325
5326
5327
5328
5329
5330
5331
5332
5333
5334
5335
5336
5337
5339
5341
5342
5343
5344
5346
5347
5349
5350
5351
5352
5353
5354
5356
5357
5358
5359
5360
5361
5362
5363
5364
5365
5366
5367
5369
5370
5372
5373
5374
5375
5376
5377
5378
5379
5380
5381
5382
5383
5384
5385
5387
5388
5389
5390
5391
5392
5393
5394
5395
5396
5398
5399
5400
5401
5402
5403
5404
5405
5407
5408
5409
5411
5413
5414
5415
5416
5418
5419
5420
5422
5423
5424
5425
5426
5427
5428
5429
5430
5432
5433
5434
5435
5436
5437
5438
5439
5440
5441
5442
5443
5444
5445
5446
5447
5448
5449
5450
5451
5453
5454
5456
5459
5460
5461
5462
5463
5464
5465
5466
5467
5468
5469
5471
5472
5473
5474
5475
5476
5477
5478
5479
5480
5481
5483
5484
5485
5486
5487
5488
5489
5490
5491
5492
5493
5494
5497
5498
5499
5501
5505
5507
5508
5509
5510
5511
5512
5513
5514
5515
5516
5517
5518
5520
5521
5522
5523
5524
5525
5528
5529
5531
5532
5533
5534
5536
5537
5538
5539
5540
5541
5542
5543
5545
5546
5547
5548
5550
5551
5552
5553
5555
5556
5559
5561
5562
5563
5564
5565
5566
5567
5568
5569
5570
5571
5572
5574
5576
5577
5579
5580
5581
5582
5584
5585
5586
5587
5588
5589
5590
5591
5592
5593
5595
5596
5597
5598
5599
5600
5601
5602
5603
5604
5605
5606
5607
5609
5610
5611
5613
5614
5615
5617
5618
5619
5621
5622
5623
5624
5625
5626
5629
5630
5631
5632
5634
5638
5640
5641
5642
5646
5647
5648
5649
5650
5651
5652
5653
5654
5655
5656
5657
5659
5660
5661
5662
5663
5664
5665
5666
5667
5668
5669
5670
5671
5672
5674
5676
5677
5678
5679
5680
5681
5682
5683
5684
5685
5686
5687
5689
5690
5691
5692
5694
5696
5698
5699
5701
5702
5703
5704
5705
5706
5707
5708
5709
5710
5711
5713
5714
5716
5719
5720
5721
5722
5723
5724
5725
5726
5727
5728
5731
5732
5734
5735
5738
5739
5742
5743
5745
5746
5747
5748
5751
5752
5753
5756
5757
5758
5759
5761
5762
5763
5764
5765
5766
5767
5769
5770
5773
5774
5776
5777
5778
5779
5780
5781
5782
5783
5784
5786
5787
5788
5789
5790
5791
5792
5793
5795
5796
5797
5798
5799
5801
5802
5803
5805
5808
5809
5810
5812
5813
5815
5816
5817
5819
5820
5821
5823
5824
5825
5827
5828
5829
5830
5831
5832
5833
5834
5835
5836
5837
5838
5839
5840
5843
5844
5847
5848
5849
5850
5851
5853
5855
5856
5857
5858
5860
5861
5862
5863
5864
5865
5866
5867
5869
5870
5871
5872
5873
5875
5876
5879
5880
5882
5883
5884
5886
5887
5888
5889
5890
5891
5893
5894
5895
5897
5898
5899
5901
5902
5904
5905
5907
5909
5910
5911
5912
5913
5914
5915
5917
5918
5922
5923
5924
5926
5927
5928
5929
5930
5931
5932
5933
5934
5935
5936
5937
5938
5939
5940
5941
5943
5944
5946
5947
5948
5951
5952
5953
5954
5955
5956
5957
5958
5959
5961
5962
5963
5964
5965
5966
5967
5968
5969
5971
5972
5973
5975
5976
5977
5978
5979
5981
5983
5984
5985
5986
5988
5989
5991
5992
5993
5995
5997
5998
5999
6000
6001
6002
6003
6004
6005
6006
6007
6008
6009
6013
6014
6015
6016
6017
6020
6021
6022
6023
6024
6025
6027
6028
6029
6031
6033
6034
6036
6037
6038
6040
6041
6042
6043
6044
6045
6046
6047
6048
6049
6051
6052
6053
6054
6055
6056
6058
6059
6060
6063
6064
6065
6066
6067
6069
6070
6071
6072
6074
6075
6077
6078
6079
6080
6081
6082
6084
6085
6087
6088
6089
6091
6092
6093
6094
6095
6097
6098
6099
6100
6101
6103
6105
6106
6107
6108
6109
6110
6111
6112
6113
6114
6115
6116
6117
6118
6120
6121
6122
6123
6124
6125
6126
6127
6128
6129
6130
6131
6132
6134
6135
6136
6138
6139
6141
6143
6145
6146
6147
6148
6149
6150
6151
6152
6154
6156
6157
6158
6159
6161
6162
6163
6165
6167
6168
6170
6171
6174
6175
6176
6178
6179
6180
6182
6183
6184
6185
6187
6191
6192
6193
6194
6195
6196
6197
6198
6201
6204
6205
6206
6207
6211
6213
6214
6215
6217
6220
6221
6222
6224
6225
6226
6227
6228
6230
6231
6232
6234
6235
6236
6237
6238
6239
6240
6243
6244
6245
6248
6249
6250
6252
6253
6254
6255
6257
6258
6259
6262
6263
6265
6266
6267
6268
6272
6273
6275
6277
6278
6281
6282
6283
6284
6286
6288
6290
6291
6292
6293
6294
6295
6297
6299
6301
6302
6303
6305
6306
6309
6310
6311
6312
6314
6315
6316
6318
6320
6321
6324
6326
6327
6328
6329
6330
6331
6332
6334
6335
6337
6338
6340
6341
6342
6343
6344
6345
6346
6347
6348
6349
6350
6351
6352
6353
6354
6355
6356
6357
6359
6360
6361
6362
6364
6365
6366
6368
6369
6371
6374
6375
6376
6377
6378
6379
6380
6381
6382
6383
6384
6385
6386
6387
6389
6390
6391
6393
6394
6395
6396
6397
6398
6399
6400
6401
6403
6404
6405
6407
6408
6409
6410
6411
6412
6414
6415
6416
6418
6420
6422
6424
6426
6429
6430
6432
6433
6434
6435
6436
6437
6438
6439
6440
6441
6442
6443
6444
6445
6446
6447
6448
6449
6450
6451
6452
6453
6454
6455
6457
6458
6459
6461
6463
6464
6466
6467
6468
6470
6471
6472
6473
6474
6475
6476
6477
6478
6480
6481
6483
6484
6485
6486
6487
6489
6491
6492
6493
6494
6495
6496
6497
6498
6499
6501
6502
6503
6505
6506
6507
6508
6509
6510
6511
6512
6513
6515
6516
6517
6518
6519
6520
6522
6525
6526
6527
6528
6529
6530
6531
6535
6537
6540
6541
6542
6543
6544
6545
6546
6547
6548
6549
6550
6552
6553
6554
6556
6557
6558
6559
6560
6561
6562
6563
6564
6565
6568
6569
6570
6571
6572
6573
6574
6575
6576
6577
6579
6582
6583
6584
6587
6588
6589
6590
6591
6593
6595
6596
6597
6598
6599
6600
6601
6602
6603
6604
6605
6607
6608
6609
6611
6612
6614
6616
6618
6621
6622
6623
6624
6625
6627
6628
6630
6631
6632
6635
6636
6637
6638
6639
6643
6646
6647
6648
6649
6650
6651
6652
6653
6655
6656
6657
6658
6659
6660
6661
6664
6665
6667
6669
6670
6672
6673
6674
6676
6678
6679
6680
6681
6683
6684
6687
6688
6691
6692
6693
6694
6695
6696
6697
6698
6699
6700
6702
6703
6704
6705
6706
6707
6708
6709
6712
6713
6714
6715
6716
6718
6719
6721
6722
6723
6724
6725
6727
6728
6729
6730
6731
6733
6734
6735
6736
6737
6738
6739
6741
6743
6744
6745
6746
6747
6749
6750
6751
6752
6753
6756
6757
6758
6759
6761
6762
6764
6765
6766
6767
6769
6770
6772
6773
6775
6777
6778
6779
6780
6783
6784
6788
6790
6791
6792
6793
6794
6795
6796
6797
6799
6800
6801
6803
6804
6805
6806
6807
6808
6809
6810
6813
6815
6816
6817
6818
6819
6820
6821
6822
6823
6824
6825
6826
6827
6828
6829
6830
6832
6833
6834
6835
6837
6838
6840
6841
6842
6843
6844
6845
6846
6847
6848
6849
6850
6851
6852
6853
6854
6855
6857
6859
6862
6863
6864
6865
6866
6867
6868
6869
6870
6872
6873
6874
6875
6878
6879
6880
6881
6882
6884
6885
6886
6887
6889
6890
6891
6893
6895
6897
6898
6901
6902
6903
6906
6907
6908
6909
6910
6911
6912
6913
6915
6916
6917
6918
6920
6921
6922
6923
6924
6925
6927
6930
6931
6932
6933
6935
6936
6937
6939
6940
6941
6942
6943
6944
6945
6946
6947
6948
6949
6951
6952
6953
6954
6955
6956
6957
6958
6959
6960
6962
6963
6964
6965
6966
6967
6968
6970
6972
6973
6975
6976
6977
6979
6980
6983
6984
6985
6986
6987
6988
6989
6990
6991
6992
6993
6994
6995
6996
6997
6999
7002
7003
7004
7005
7009
7010
7012
7014
7016
7017
7018
7019
7020
7021
7022
7023
7025
7026
7027
7028
7029
7030
7034
7035
7036
7037
7038
7039
7041
7042
7043
7044
7045
7046
7047
7049
7050
7051
7052
7054
7055
7056
7057
7058
7059
7060
7061
7062
7063
7064
7065
7067
7068
7069
7070
7071
7072
7074
7076
7077
7078
7079
7081
7083
7084
7085
7086
7087
7089
7091
7092
7093
7094
7095
7096
7097
7099
7101
7103
7105
7106
7108
7109
7110
7111
7112
7114
7115
7116
7117
7119
7120
7123
7124
7126
7127
7128
7129
7130
7131
7132
7134
7135
7136
7139
7141
7142
7143
7144
7145
7146
7147
7148
7150
7151
7152
7154
7156
7157
7158
7159
7161
7163
7164
7165
7166
7167
7168
7169
7170
7171
7172
7173
7174
7175
7176
7177
7178
7179
7180
7181
7182
7183
7184
7185
7186
7187
7188
7189
7190
7193
7196
7197
7198
7199
7202
7204
7206
7207
7208
7209
7210
7211
7212
7213
7214
7218
7219
7220
7221
7222
7223
7224
7225
7226
7227
7229
7230
7231
7232
7233
7234
7236
7238
7239
7240
7242
7243
7244
7246
7247
7248
7249
7250
7252
7253
7254
7255
7256
7257
7258
7261
7262
7263
7265
7268
7269
7270
7271
7272
7274
7276
7277
7278
7280
7281
7283
7284
7285
7286
7287
7288
7289
7290
7293
7294
7295
7296
7300
7301
7302
7303
7304
7305
7306
7307
7308
7309
7310
7313
7314
7316
7317
7318
7319
7320
7321
7324
7325
7326
7327
7328
7330
7331
7332
7335
7336
7337
7338
7339
7341
7342
7344
7345
7346
7347
7348
7351
7352
7353
7354
7355
7356
7357
7358
7359
7360
7361
7363
7364
7365
7366
7367
7369
7370
7371
7372
7373
7374
7378
7379
7380
7382
7383
7384
7385
7386
7389
7390
7394
7395
7397
7401
7403
7404
7405
7406
7407
7410
7411
7412
7413
7415
7416
7417
7418
7419
7421
7422
7423
7425
7426
7428
7430
7431
7432
7433
7435
7436
7437
7438
7439
7440
7441
7444
7447
7448
7450
7451
7452
7453
7454
7455
7457
7458
7459
7460
7461
7462
7463
7464
7465
7466
7467
7468
7470
7472
7473
7474
7476
7478
7480
7481
7483
7484
7485
7486
7487
7489
7490
7491
7492
7493
7494
7495
7496
7497
7498
7499
7500
7501
7502
7503
7504
7505
7506
7508
7509
7510
7511
7512
7513
7514
7515
7516
7520
7521
7522
7524
7525
7526
7528
7529
7531
7532
7533
7534
7535
7537
7538
7539
7540
7541
7543
7544
7545
7546
7548
7549
7550
7551
7552
7553
7554
7555
7556
7557
7559
7560
7561
7563
7564
7565
7566
7567
7569
7570
7572
7573
7574
7575
7576
7578
7580
7582
7583
7584
7585
7586
7588
7589
7590
7591
7592
7593
7594
7595
7597
7598
7600
7601
7602
7603
7604
7605
7606
7607
7608
7609
7610
7611
7612
7613
7614
7615
7616
7617
7618
7620
7622
7623
7624
7625
7627
7628
7629
7630
7632
7633
7634
7636
7637
7638
7639
7640
7641
7642
7643
7648
7649
7651
7652
7653
7655
7656
7657
7658
7659
7660
7661
7662
7666
7667
7669
7670
7671
7672
7673
7674
7675
7678
7679
7680
7683
7684
7686
7687
7690
7691
7692
7693
7695
7696
7697
7698
7699
7700
7701
7702
7703
7704
7705
7706
7707
7709
7711
7712
7713
7715
7716
7717
7718
7719
7721
7722
7723
7724
7725
7726
7727
7728
7729
7730
7731
7733
7734
7736
7737
7738
7739
7740
7741
7742
7743
7744
7745
7746
7747
7748
7750
7751
7752
7753
7754
7756
7757
7758
7760
7761
7762
7763
7764
7765
7766
7767
7771
7772
7773
7774
7775
7776
7777
7778
7779
7780
7781
7782
7783
7784
7785
7786
7787
7788
7789
7790
7792
7793
7794
7795
7796
7798
7799
7800
7801
7802
7803
7805
7806
7807
7808
7809
7810
7812
7813
7819
7820
7821
7822
7825
7828
7830
7831
7832
7834
7835
7836
7837
7838
7839
7840
7841
7842
7843
7848
7849
7850
7851
7852
7853
7854
7855
7856
7857
7859
7860
7861
7862
7864
7865
7867
7869
7870
7871
7872
7873
7874
7875
7878
7880
7881
7884
7885
7886
7888
7889
7890
7891
7892
7893
7894
7896
7898
7899
7901
7902
7903
7904
7905
7906
7907
7909
7910
7911
7912
7913
7914
7915
7916
7917
7918
7919
7920
7921
7923
7925
7926
7928
7929
7930
7931
7932
7935
7936
7937
7941
7942
7943
7944
7945
7947
7948
7949
7950
7951
7952
7953
7954
7955
7956
7957
7958
7960
7963
7964
7965
7967
7968
7969
7970
7972
7974
7975
7977
7981
7982
7984
7985
7986
7987
7988
7991
7992
7993
7994
7995
7998
7999
8000
8001
8002
8003
8005
8006
8008
8009
8012
8015
8018
8019
8020
8022
8023
8024
8026
8027
8028
8029
8032
8034
8035
8036
8038
8040
8042
8045
8046
8047
8049
8051
8052
8053
8054
8055
8056
8057
8058
8059
8060
8061
8063
8064
8066
8068
8069
8070
8071
8072
8075
8076
8077
8079
8080
8081
8082
8084
8085
8086
8087
8088
8091
8093
8094
8095
8097
8098
8100
8101
8102
8103
8104
8105
8106
8107
8108
8109
8111
8112
8113
8114
8115
8117
8120
8121
8122
8123
8126
8127
8129
8131
8132
8134
8135
8137
8138
8139
8140
8142
8143
8145
8146
8148
8151
8152
8153
8155
8156
8160
8161
8162
8163
8164
8166
8167
8169
8170
8171
8172
8173
8174
8175
8176
8177
8178
8179
8180
8181
8182
8183
8184
8185
8186
8187
8188
8190
8191
8192
8193
8194
8195
8196
8197
8198
8199
8200
8201
8202
8203
8204
8205
8208
8209
8210
8211
8213
8214
8215
8216
8217
8218
8219
8220
8222
8223
8224
8225
8226
8229
8231
8232
8233
8234
8235
8238
8239
8240
8241
8242
8243
8244
8245
8246
8247
8248
8249
8250
8251
8252
8253
8254
8255
8259
8260
8261
8265
8266
8267
8269
8270
8273
8274
8276
8278
8280
8281
8282
8284
8285
8286
8287
8288
8289
8290
8291
8292
8293
8294
8295
8297
8298
8299
8302
8303
8304
8305
8306
8307
8308
8309
8311
8312
8313
8315
8317
8318
8320
8322
8323
8325
8327
8329
8330
8332
8333
8334
8335
8336
8337
8338
8339
8340
8341
8342
8343
8344
8345
8346
8347
8348
8350
8351
8352
8353
8354
8356
8357
8358
8361
8362
8363
8364
8365
8366
8367
8369
8371
8372
8376
8377
8378
8379
8380
8381
8383
8384
8385
8387
8388
8389
8390
8391
8392
8394
8396
8397
8399
8400
8401
8402
8404
8405
8406
8407
8408
8409
8410
8411
8412
8413
8414
8415
8417
8418
8419
8421
8422
8423
8426
8427
8430
8431
8432
8433
8434
8435
8437
8438
8439
8440
8441
8443
8444
8446
8448
8450
8452
8453
8454
8455
8457
8459
8460
8461
8463
8464
8465
8466
8468
8470
8471
8472
8473
8476
8477
8480
8481
8482
8483
8485
8486
8487
8488
8490
8491
8494
8495
8496
8498
8500
8501
8502
8503
8504
8505
8506
8508
8509
8510
8511
8512
8513
8515
8516
8517
8519
8520
8523
8524
8525
8526
8527
8528
8529
8530
8531
8533
8534
8535
8536
8537
8538
8539
8540
8541
8543
8545
8546
8547
8548
8549
8551
8552
8553
8554
8555
8556
8557
8559
8561
8562
8563
8564
8565
8566
8567
8568
8569
8570
8571
8572
8574
8575
8577
8578
8580
8581
8582
8584
8585
8586
8588
8589
8591
8592
8593
8594
8595
8597
8598
8599
8601
8602
8603
8604
8605
8608
8609
8610
8613
8615
8617
8618
8619
8620
8621
8623
8624
8625
8626
8627
8628
8629
8632
8633
8635
8637
8638
8639
8640
8643
8644
8645
8646
8649
8650
8652
8653
8656
8657
8660
8662
8663
8665
8668
8669
8670
8671
8672
8673
8674
8675
8677
8678
8679
8681
8682
8683
8684
8685
8686
8687
8688
8689
8691
8692
8693
8694
8695
8697
8698
8699
8700
8701
8702
8703
8704
8707
8708
8709
8712
8714
8715
8716
8717
8719
8720
8722
8724
8725
8727
8729
8730
8732
8735
8737
8738
8739
8740
8742
8743
8744
8745
8746
8747
8749
8750
8751
8754
8755
8757
8758
8761
8762
8763
8764
8765
8767
8769
8770
8771
8772
8773
8775
8776
8778
8779
8780
8781
8782
8783
8784
8785
8786
8788
8789
8790
8791
8792
8793
8794
8796
8797
8798
8799
8800
8801
8802
8804
8806
8807
8808
8809
8812
8814
8815
8816
8817
8818
8819
8821
8823
8826
8828
8831
8833
8835
8836
8838
8839
8841
8842
8844
8845
8847
8848
8851
8852
8853
8854
8855
8856
8857
8858
8859
8860
8861
8862
8863
8864
8866
8868
8869
8870
8871
8872
8875
8876
8877
8878
8879
8881
8882
8883
8884
8885
8886
8887
8889
8890
8891
8893
8894
8897
8898
8900
8902
8903
8904
8906
8907
8910
8911
8912
8913
8916
8917
8918
8919
8920
8921
8922
8923
8924
8925
8926
8927
8928
8929
8930
8932
8934
8937
8938
8940
8941
8943
8944
8945
8946
8948
8949
8950
8951
8952
8953
8961
8963
8964
8965
8967
8968
8969
8970
8971
8972
8974
8976
8977
8978
8979
8980
8981
8982
8983
8984
8985
8986
8987
8988
8992
8995
8996
8997
8998
8999
9000
9002
9003
9004
9005
9006
9007
9008
9009
9010
9011
9013
9014
9016
9017
9018
9019
9020
9022
9023
9024
9026
9027
9029
9030
9031
9032
9033
9034
9035
9037
9038
9039
9040
9041
9042
9043
9044
9045
9046
9047
9048
9049
9050
9052
9053
9054
9055
9056
9057
9059
9060
9061
9063
9064
9065
9066
9067
9071
9072
9074
9075
9076
9077
9078
9079
9080
9082
9084
9085
9086
9089
9090
9091
9094
9095
9096
9097
9099
9100
9101
9103
9104
9108
9110
9111
9112
9113
9114
9115
9116
9117
9121
9123
9124
9128
9130
9132
9133
9135
9136
9137
9138
9139
9140
9141
9142
9143
9144
9145
9147
9149
9150
9151
9152
9153
9154
9155
9156
9157
9158
9160
9161
9162
9163
9164
9165
9166
9167
9168
9169
9170
9171
9172
9173
9174
9175
9178
9179
9180
9181
9182
9183
9184
9185
9186
9188
9191
9192
9193
9194
9195
9197
9198
9199
9201
9202
9203
9204
9205
9206
9207
9208
9209
9210
9211
9212
9213
9214
9215
9216
9217
9218
9219
9220
9221
9223
9225
9226
9227
9228
9229
9230
9231
9232
9233
9235
9237
9238
9239
9240
9241
9244
9245
9248
9249
9250
9252
9253
9254
9255
9256
9257
9258
9259
9261
9263
9264
9265
9266
9267
9268
9269
9270
9272
9274
9279
9281
9282
9283
9284
9285
9286
9287
9289
9290
9292
9296
9297
9298
9299
9300
9301
9302
9303
9304
9305
9306
9307
9308
9311
9313
9317
9318
9319
9321
9322
9324
9325
9326
9329
9330
9331
9332
9333
9334
9335
9338
9340
9341
9343
9345
9347
9348
9350
9354
9355
9356
9357
9358
9361
9362
9364
9365
9366
9368
9370
9372
9374
9375
9376
9378
9379
9380
9381
9383
9385
9387
9389
9391
9392
9393
9394
9395
9396
9398
9399
9400
9401
9402
9403
9404
9405
9406
9407
9408
9412
9413
9414
9415
9416
9417
9419
9420
9421
9422
9423
9426
9429
9430
9431
9432
9433
9434
9435
9437
9439
9440
9442
9444
9445
9446
9447
9448
9449
9450
9451
9452
9454
9455
9456
9457
9459
9460
9461
9462
9463
9464
9465
9467
9468
9469
9470
9473
9475
9476
9479
9480
9481
9482
9483
9485
9486
9487
9488
9491
9492
9493
9495
9496
9497
9498
9500
9501
9502
9503
9504
9506
9509
9510
9511
9512
9513
9514
9515
9517
9518
9519
9520
9522
9523
9524
9525
9527
9528
9529
9531
9532
9533
9534
9537
9538
9539
9540
9541
9542
9543
9544
9546
9550
9551
9552
9553
9554
9556
9558
9559
9560
9561
9563
9564
9565
9568
9569
9570
9572
9573
9574
9575
9580
9581
9582
9584
9585
9586
9588
9589
9591
9592
9593
9594
9596
9598
9599
9600
9601
9602
9603
9604
9605
9608
9609
9610
9611
9612
9613
9615
9616
9618
9619
9620
9623
9624
9625
9626
9629
9630
9632
9637
9640
9641
9642
9646
9648
9649
9651
9652
9653
9655
9657
9658
9659
9660
9662
9663
9664
9665
9666
9667
9668
9669
9670
9671
9672
9673
9675
9676
9677
9679
9680
9681
9682
9684
9685
9686
9687
9688
9689
9690
9691
9694
9695
9696
9698
9699
9701
9704
9705
9707
9708
9709
9710
9711
9712
9713
9714
9715
9716
9718
9720
9721
9722
9723
9725
9726
9727
9728
9730
9732
9733
9734
9735
9736
9738
9739
9740
9742
9744
9745
9746
9750
9751
9752
9756
9757
9760
9761
9762
9763
9764
9766
9768
9769
9770
9771
9773
9774
9775
9776
9777
9780
9781
9783
9784
9785
9786
9787
9789
9790
9791
9792
9796
9798
9799
9800
9801
9802
9803
9806
9807
9809
9810
9811
9812
9813
9814
9815
9818
9819
9821
9824
9825
9826
9827
9828
9829
9830
9833
9834
9835
9836
9837
9838
9839
9840
9842
9844
9845
9846
9847
9849
9850
9851
9852
9853
9854
9855
9856
9857
9859
9860
9861
9862
9865
9868
9869
9870
9871
9872
9873
9875
9877
9878
9879
9882
9883
9884
9885
9886
9887
9888
9890
9892
9893
9894
9895
9896
9897
9900
9901
9902
9903
9905
9908
9910
9911
9912
9914
9915
9916
9917
9919
9920
9922
9923
9924
9926
9927
9928
9929
9930
9931
9932
9933
9934
9936
9938
9939
9940
9941
9944
9945
9946
9947
9948
9949
9951
9952
9953
9956
9958
9959
9960
9961
9963
9964
9965
9966
9967
9968
9969
9970
9971
9973
9975
9976
9977
9978
9979
9982
9984
9985
9986
9987
9988
9989
9990
9992
9994
9996
9997
9998
10000
10002
10003
10004
10005
10006
10008
10009
10010
10011
10013
10014
10015
10016
10017
10018
10019
10020
10022
10024
10025
10027
10028
10029
10031
10032
10033
10035
10036
10037
10040
10041
10042
10043
10044
10045
10046
10047
10049
10050
10051
10052
10053
10054
10057
10059
10061
10062
10064
10065
10068
10069
10070
10071
10072
10073
10074
10077
10078
10079
10082
10083
10084
10086
10087
10088
10090
10092
10096
10098
10101
10102
10103
10104
10105
10106
10110
10113
10114
10115
10117
10120
10121
10122
10124
10125
10126
10128
10130
10131
10135
10137
10138
10139
10140
10141
10142
10143
10144
10145
10146
10150
10151
10152
10153
10155
10156
10158
10159
10160
10161
10163
10164
10166
10167
10168
10169
10172
10173
10174
10175
10176
10177
10178
10179
10181
10183
10184
10185
10187
10188
10189
10191
10192
10193
10194
10196
10197
10198
10199
10200
10201
10202
10204
10205
10206
10207
10208
10210
10211
10212
10213
10217
10218
10219
10220
10222
10223
10228
10229
10230
10231
10232
10233
10235
10236
10237
10239
10240
10242
10244
10245
10246
10247
10248
10249
10250
10252
10253
10254
10255
10256
10258
10259
10262
10263
10264
10265
10266
10267
10268
10270
10271
10272
10273
10274
10277
10278
10279
10280
10281
10282
10284
10286
10287
10288
10289
10290
10291
10292
10294
10295
10296
10297
10298
10300
10303
10304
10305
10306
10307
10308
10312
10313
10314
10316
10317
10320
10321
10322
10323
10325
10326
10327
10330
10331
10334
10335
10336
10337
10338
10339
10340
10342
10343
10344
10345
10346
10348
10349
10350
10351
10352
10354
10355
10356
10357
10358
10361
10364
10365
10366
10368
10369
10370
10371
10372
10373
10374
10375
10376
10377
10378
10379
10380
10381
10382
10383
10385
10386
10388
10390
10391
10392
10393
10396
10399
10401
10402
10403
10404
10405
10406
10407
10408
10409
10410
10412
10413
10416
10417
10418
10419
10420
10424
10426
10427
10428
10429
10430
10431
10432
10435
10438
10439
10440
10442
10443
10445
10446
10448
10449
10450
10451
10452
10453
10454
10455
10456
10457
10458
10459
10460
10461
10462
10463
10464
10465
10468
10469
10470
10471
10475
10476
10478
10479
10480
10481
10482
10484
10486
10487
10488
10489
10490
10491
10493
10495
10496
10498
10499
10500
10502
10503
10505
10506
10507
10509
10510
10511
10513
10514
10516
10517
10519
10520
10521
10522
10523
10525
10526
10527
10529
10530
10533
10534
10535
10537
10538
10539
10541
10542
10543
10544
10545
10546
10547
10548
10549
10550
10551
10552
10553
10555
10556
10557
10558
10560
10561
10562
10563
10564
10565
10567
10568
10569
10570
10572
10573
10574
10577
10578
10579
10582
10583
10584
10587
10589
10590
10591
10592
10594
10596
10597
10598
10599
10600
10601
10602
10603
10604
10605
10606
10607
10608
10609
10611
10616
10617
10619
10621
10623
10624
10627
10628
10629
10631
10632
10633
10635
10636
10639
10641
10642
10643
10644
10646
10647
10648
10649
10650
10652
10653
10654
10655
10657
10658
10659
10660
10661
10663
10666
10667
10669
10670
10672
10673
10675
10676
10677
10678
10679
10680
10682
10684
10685
10686
10688
10689
10690
10691
10693
10694
10695
10697
10698
10701
10706
10707
10708
10709
10710
10712
10715
10716
10717
10718
10719
10720
10721
10722
10723
10724
10725
10727
10728
10729
10731
10732
10733
10735
10736
10737
10738
10739
10740
10741
10743
10744
10747
10748
10750
10751
10752
10753
10755
10756
10758
10760
10763
10764
10765
10766
10767
10769
10770
10771
10772
10773
10774
10775
10776
10777
10778
10779
10781
10782
10783
10784
10785
10786
10787
10788
10789
10790
10791
10793
10794
10798
10799
10804
10805
10806
10807
10808
10810
10811
10812
10813
10814
10817
10818
10820
10824
10826
10827
10828
10829
10831
10832
10833
10834
10835
10836
10839
10840
10841
10842
10844
10845
10846
10849
10850
10851
10852
10853
10854
10856
10857
10858
10859
10860
10861
10862
10863
10865
10866
10867
10869
10871
10872
10874
10875
10876
10877
10878
10879
10880
10881
10882
10883
10885
10886
10887
10888
10889
10890
10892
10894
10895
10896
10897
10899
10900
10901
10902
10903
10906
10908
10910
10911
10913
10914
10916
10917
10918
10919
10921
10922
10923
10924
10925
10926
10928
10929
10931
10932
10933
10934
10936
10937
10939
10940
10941
10944
10945
10949
10951
10952
10954
10955
10957
10958
10960
10961
10962
10963
10964
10965
10966
10967
10968
10970
10971
10972
10973
10975
10976
10980
10982
10983
10985
10986
10989
10990
10991
10993
10994
10999
11000
11002
11004
11006
11007
11008
11009
11010
11012
11013
11015
11016
11017
11018
11020
11022
11023
11024
11030
11031
11033
11035
11036
11038
11039
11040
11041
11043
11044
11045
11046
11047
11048
11051
11053
11054
11055
11057
11058
11059
11060
11062
11064
11067
11068
11069
11072
11073
11077
11078
11080
11081
11084
11085
11086
11088
11090
11091
11094
11095
11096
11097
11098
11099
11100
11101
11102
11103
11105
11106
11107
11108
11109
11111
11113
11114
11116
11117
11118
11120
11121
11122
11123
11124
11125
11126
11128
11129
11130
11131
11132
11135
11136
11137
11138
11139
11140
11141
11142
11143
11144
11145
11146
11147
11148
11150
11151
11152
11153
11154
11155
11156
11158
11160
11161
11162
11164
11165
11166
11168
11169
11170
11171
11173
11174
11176
11177
11178
11179
11180
11182
11183
11184
11185
11188
11190
11191
11192
11193
11195
11197
11201
11202
11203
11205
11206
11207
11208
11211
11212
11216
11217
11218
11219
11220
11221
11222
11223
11224
11227
11228
11229
11230
11232
11233
11234
11235
11236
11238
11241
11242
11243
11244
11245
11246
11247
11248
11249
11250
11251
11252
11253
11254
11255
11256
11257
11258
11259
11261
11262
11263
11265
11266
11268
11269
11271
11272
11273
11274
11277
11278
11279
11280
11282
11283
11285
11286
11287
11288
11289
11290
11291
11292
11293
11294
11296
11297
11298
11299
11300
11301
11302
11304
11307
11308
11310
11311
11312
11313
11314
11315
11316
11317
11318
11319
11320
11321
11322
11323
11324
11329
11330
11332
11333
11334
11335
11336
11337
11338
11339
11340
11341
11342
11343
11344
11345
11346
11347
11349
11351
11352
11354
11355
11356
11358
11361
11362
11365
11366
11367
11368
11369
11370
11371
11373
11375
11376
11378
11381
11382
11384
11385
11387
11388
11389
11390
11391
11394
11395
11396
11397
11398
11399
11400
11401
11405
11406
11407
11408
11409
11411
11412
11413
11415
11416
11419
11420
11421
11422
11423
11424
11426
11428
11429
11430
11432
11433
11435
11436
11437
11438
11440
11441
11444
11446
11447
11448
11450
11451
11452
11453
11454
11455
11456
11457
11459
11460
11461
11464
11467
11468
11470
11472
11474
11475
11477
11478
11480
11482
11483
11484
11485
11486
11488
11489
11490
11491
11492
11493
11494
11495
11496
11497
11500
11501
11502
11504
11506
11507
11509
11511
11512
11513
11514
11516
11517
11522
11523
11524
11525
11527
11528
11529
11531
11532
11533
11534
11535
11537
11538
11540
11543
11545
11546
11548
11549
11550
11552
11553
11554
11555
11557
11561
11563
11564
11566
11567
11568
11569
11570
11572
11573
11574
11576
11577
11578
11579
11580
11581
11583
11585
11586
11587
11588
11590
11591
11592
11596
11597
11598
11599
11600
11602
11603
11605
11609
11610
11613
11614
11615
11617
11618
11619
11620
11621
11622
11625
11626
11627
11628
11629
11633
11634
11635
11636
11639
11640
11641
11642
11643
11645
11648
11651
11652
11653
11654
11655
11656
11657
11658
11659
11660
11661
11662
11663
11664
11667
11668
11669
11672
11676
11677
11678
11679
11680
11683
11684
11687
11689
11690
11691
11692
11693
11694
11695
11696
11697
11698
11699
11700
11701
11702
11703
11705
11707
11708
11709
11712
11715
11716
11717
11718
11719
11720
11721
11723
11724
11725
11726
11727
11729
11731
11734
11736
11737
11739
11744
11745
11746
11747
11748
11750
11751
11754
11756
11758
11759
11760
11763
11764
11766
11767
11770
11771
11772
11773
11774
11776
11777
11778
11779
11780
11782
11783
11784
11785
11786
11788
11790
11791
11792
11793
11794
11795
11796
11797
11799
11800
11801
11802
11803
11804
11805
11806
11807
11808
11809
11810
11811
11813
11814
11815
11816
11817
11818
11819
11821
11822
11823
11825
11827
11828
11829
11831
11832
11833
11834
11835
11837
11839
11840
11841
11842
11844
11845
11846
11848
11851
11852
11853
11855
11857
11858
11861
11862
11863
11864
11865
11866
11869
11870
11872
11873
11874
11875
11876
11878
11879
11880
11881
11882
11884
11885
11886
11887
11888
11889
11890
11891
11892
11893
11894
11895
11896
11902
11903
11905
11906
11908
11910
11911
11912
11913
11914
11918
11919
11920
11921
11923
11924
11925
11926
11927
11928
11929
11930
11933
11937
11938
11939
11941
11942
11943
11944
11945
11946
11947
11950
11951
11952
11954
11955
11956
11957
11958
11960
11961
11962
11964
11965
11966
11967
11968
11969
11970
11971
11972
11974
11975
11976
11978
11981
11982
11983
11984
11985
11986
11987
11988
11990
11991
11992
11993
11994
11995
11996
11998
11999
12000
12001
12002
12004
12006
12007
12008
12010
12011
12013
12014
12015
12017
12020
12021
12022
12024
12025
12026
12027
12030
12031
12032
12033
12034
12035
12037
12039
12041
12042
12044
12046
12047
12048
12050
12051
12052
12053
12054
12056
12057
12059
12060
12061
12062
12065
12066
12067
12068
12069
12070
12073
12074
12075
12076
12077
12078
12079
12083
12084
12085
12086
12088
12089
12091
12092
12093
12095
12096
12098
12099
12100
12101
12102
12103
12104
12105
12106
12108
12109
12112
12115
12116
12117
12118
12120
12121
12122
12123
12124
12125
12126
12128
12129
12130
12131
12134
12135
12136
12137
12140
12141
12142
12144
12145
12147
12148
12149
12150
12151
12152
12154
12155
12156
12157
12158
12159
12161
12162
12163
12165
12167
12168
12169
12172
12174
12175
12176
12177
12178
12179
12180
12181
12182
12183
12184
12185
12186
12188
12189
12190
12192
12193
12194
12195
12196
12197
12198
12199
12200
12201
12202
12203
12204
12205
12206
12207
12209
12210
12215
12217
12219
12220
12222
12223
12225
12226
12227
12228
12229
12230
12231
12232
12233
12234
12235
12236
12238
12239
12241
12242
12244
12246
12247
12248
12249
12250
12252
12253
12254
12256
12257
12258
12259
12260
12261
12262
12263
12266
12269
12270
12271
12273
12274
12277
12278
12279
12281
12282
12283
12284
12285
12286
12287
12289
12290
12291
12292
12293
12296
12297
12298
12299
12301
12304
12306
12307
12308
12310
12311
12312
12313
12314
12315
12317
12320
12321
12322
12323
12325
12326
12327
12329
12331
12332
12333
12335
12336
12339
12342
12343
12344
12345
12346
12347
12348
12350
12351
12354
12355
12356
12358
12359
12360
12361
12363
12364
12365
12366
12367
12368
12373
12375
12376
12378
12379
12381
12383
12386
12387
12388
12389
12390
12391
12392
12395
12396
12397
12398
12399
12401
12402
12403
12404
12405
12406
12407
12410
12412
12414
12415
12416
12417
12418
12419
12420
12421
12422
12426
12427
12429
12431
12432
12433
12436
12439
12441
12442
12443
12444
12447
12448
12449
12450
12451
12452
12453
12454
12456
12458
12459
12460
12461
12463
12464
12465
12466
12467
12468
12470
12471
12472
12474
12476
12477
12478
12481
12482
12483
12484
12485
12488
12489
12490
12492
12493
12495
12497
12499
12500
12501
12502
12503
12504
12506
12507
12508
12509
12510
12511
12513
12514
12515
12517
12518
12519
12521
12523
12524
12525
12526
12528
12529
12531
12533
12534
12535
12536
12537
12539
12540
12541
12542
12543
12544
12547
12549
12551
12552
12553
12554
12555
12556
12557
12558
12560
12561
12562
12563
12566
12567
12568
12570
12571
12572
12573
12576
12577
12578
12579
12583
12584
12585
12586
12587
12588
12589
12590
12591
12593
12594
12595
12596
12597
12598
12601
12603
12607
12610
12611
12612
12613
12614
12615
12617
12618
12620
12622
12625
12626
12627
12629
12630
12634
12635
12636
12638
12639
12640
12641
12642
12643
12644
12646
12647
12650
12651
12652
12653
12654
12655
12656
12659
12661
12663
12664
12665
12666
12667
12668
12669
12673
12674
12675
12676
12679
12680
12681
12682
12683
12684
12688
12689
12692
12694
12696
12697
12698
12699
12701
12702
12704
12705
12706
12708
12711
12712
12713
12715
12717
12718
12719
12720
12721
12723
12726
12727
12728
12731
12732
12733
12734
12735
12737
12738
12739
12740
12741
12743
12744
12747
12748
12750
12751
12752
12753
12754
12755
12757
12758
12760
12761
12762
12763
12768
12769
12770
12771
12772
12773
12775
12777
12778
12779
12780
12781
12782
12783
12784
12786
12787
12790
12791
12792
12793
12794
12795
12797
12798
12799
12800
12802
12803
12804
12805
12806
12807
12808
12809
12814
12816
12817
12821
12822
12823
12824
12826
12828
12829
12830
12832
12833
12834
12836
12837
12838
12840
12841
12844
12845
12846
12848
12849
12850
12851
12852
12854
12856
12857
12858
12859
12861
12862
12863
12864
12865
12868
12869
12870
12871
12872
12874
12876
12878
12879
12882
12884
12887
12888
12891
12892
12893
12894
12895
12896
12897
12899
12904
12906
12908
12909
12910
12911
12912
12913
12914
12915
12917
12918
12919
12920
12922
12923
12924
12925
12927
12928
12929
12930
12931
12932
12933
12934
12935
12937
12939
12940
12941
12942
12943
12944
12945
12946
12948
12949
12951
12954
12955
12957
12959
12960
12961
12962
12963
12964
12965
12967
12968
12970
12971
12974
12976
12977
12978
12980
12981
12982
12983
12985
12987
12988
12989
12990
12991
12993
12995
12996
12997
12998
12999
13000
13001
13002
13003
13004
13005
13006
13007
13009
13010
13011
13012
13014
13015
13016
13017
13018
13019
13021
13022
13024
13028
13029
13030
13031
13033
13034
13035
13037
13038
13040
13041
13043
13044
13045
13046
13047
13048
13051
13053
13056
13057
13058
13059
13060
13061
13062
13063
13064
13065
13067
13068
13071
13072
13074
13075
13077
13081
13082
13084
13085
13086
13087
13088
13090
13091
13092
13093
13094
13095
13096
13097
13099
13100
13101
13102
13104
13106
13108
13109
13110
13113
13114
13116
13117
13120
13121
13122
13123
13125
13126
13127
13128
13129
13130
13135
13136
13138
13139
13140
13142
13143
13144
13145
13147
13148
13150
13153
13154
13156
13157
13158
13159
13160
13161
13164
13166
13168
13170
13173
13174
13176
13177
13178
13179
13180
13181
13184
13185
13187
13188
13190
13191
13193
13194
13195
13196
13197
13202
13205
13207
13208
13210
13211
13212
13213
13214
13219
13222
13224
13226
13227
13228
13229
13230
13232
13233
13234
13235
13236
13237
13238
13239
13240
13241
13243
13244
13245
13246
13247
13249
13250
13253
13254
13255
13260
13261
13262
13263
13264
13265
13266
13267
13270
13271
13272
13273
13276
13278
13280
13281
13282
13283
13285
13290
13292
13293
13295
13296
13299
13302
13305
13306
13307
13308
13309
13310
13311
13312
13315
13316
13317
13318
13319
13320
13322
13324
13325
13326
13328
13329
13330
13331
13332
13333
13336
13337
13338
13339
13340
13343
13345
13346
13347
13348
13349
13352
13355
13357
13358
13360
13362
13363
13364
13365
13366
13367
13368
13370
13371
13372
13373
13375
13376
13377
13378
13379
13380
13382
13383
13386
13388
13389
13392
13395
13398
13399
13400
13402
13404
13405
13406
13407
13408
13409
13410
13411
13412
13413
13414
13416
13418
13419
13420
13421
13422
13423
13424
13425
13427
13428
13429
13430
13432
13433
13434
13435
13437
13438
13439
13441
13443
13445
13446
13447
13449
13450
13451
13452
13453
13454
13455
13456
13457
13458
13459
13462
13464
13468
13469
13471
13474
13475
13477
13479
13480
13481
13482
13483
13484
13485
13486
13487
13488
13489
13491
13492
13493
13494
13495
13496
13497
13498
13499
13501
13502
13504
13505
13507
13508
13511
13512
13513
13514
13515
13516
13518
13519
13520
13522
13523
13527
13528
13529
13530
13531
13532
13534
13535
13536
13538
13539
13540
13542
13543
13544
13546
13548
13549
13550
13553
13554
13555
13556
13557
13558
13559
13561
13562
13563
13564
13565
13567
13569
13570
13571
13574
13576
13578
13579
13580
13581
13582
13583
13589
13590
13591
13592
13593
13595
13600
13602
13603
13604
13606
13607
13608
13609
13610
13613
13614
13615
13616
13618
13620
13621
13623
13624
13625
13626
13627
13628
13630
13631
13632
13633
13634
13635
13639
13640
13643
13644
13646
13647
13648
13649
13650
13653
13654
13657
13658
13659
13660
13661
13662
13665
13666
13667
13668
13669
13671
13672
13673
13674
13675
13676
13677
13680
13681
13684
13686
13687
13689
13692
13693
13695
13696
13697
13698
13699
13701
13702
13704
13705
13706
13708
13710
13711
13712
13713
13714
13716
13717
13718
13719
13721
13722
13723
13726
13727
13728
13729
13730
13731
13732
13733
13736
13739
13742
13743
13744
13747
13748
13749
13750
13751
13752
13753
13758
13759
13760
13761
13762
13764
13766
13767
13769
13770
13771
13772
13775
13776
13778
13779
13780
13781
13783
13784
13785
13789
13791
13792
13793
13794
13795
13799
13801
13803
13805
13806
13809
13810
13813
13815
13817
13818
13819
13820
13822
13823
13824
13827
13830
13831
13832
13833
13834
13835
13838
13839
13840
13841
13842
13843
13845
13846
13847
13849
13851
13852
13853
13854
13855
13856
13859
13860
13861
13863
13864
13865
13866
13867
13868
13870
13872
13873
13874
13875
13876
13878
13879
13880
13881
13882
13885
13887
13888
13889
13890
13891
13892
13893
13894
13895
13897
13898
13899
13900
13901
13902
13905
13906
13907
13908
13909
13910
13911
13912
13913
13914
13915
13918
13920
13921
13922
13924
13926
13927
13928
13930
13932
13934
13935
13936
13938
13940
13942
13944
13945
13947
13948
13949
13952
13953
13954
13955
13956
13957
13958
13959
13961
13962
13963
13964
13966
13968
13969
13970
13972
13973
13974
13976
13977
13983
13984
13985
13986
13987
13988
13989
13990
13991
13993
13995
13996
13997
13999
14000
14002
14004
14005
14006
14008
14009
14010
14012
14014
14015
14016
14018
14019
14020
14022
14023
14025
14026
14028
14029
14030
14034
14035
14036
14037
14038
14040
14041
14042
14043
14045
14046
14047
14050
14052
14053
14054
14055
14058
14059
14060
14061
14063
14064
14066
14070
14072
14073
14074
14075
14077
14078
14079
14081
14083
14084
14085
14086
14088
14089
14090
14091
14092
14093
14094
14095
14100
14102
14103
14105
14107
14108
14109
14110
14111
14114
14115
14118
14120
14121
14122
14124
14127
14129
14130
14131
14133
14134
14135
14136
14137
14138
14139
14140
14141
14142
14143
14144
14145
14147
14149
14151
14154
14155
14156
14157
14159
14160
14162
14163
14164
14166
14167
14168
14169
14170
14171
14172
14173
14174
14175
14176
14177
14179
14180
14181
14182
14183
14184
14185
14186
14187
14188
14190
14191
14192
14193
14194
14195
14201
14202
14203
14204
14205
14206
14207
14208
14209
14211
14212
14213
14215
14217
14218
14221
14222
14223
14225
14226
14227
14228
14229
14230
14231
14234
14235
14237
14238
14240
14241
14243
14245
14246
14247
14248
14249
14250
14255
14257
14259
14260
14262
14263
14264
14265
14268
14269
14270
14271
14272
14273
14276
14279
14282
14283
14284
14287
14289
14290
14293
14294
14296
14299
14300
14302
14307
14311
14313
14314
14315
14318
14320
14321
14322
14325
14326
14327
14328
14330
14331
14333
14334
14336
14338
14340
14341
14342
14343
14344
14345
14346
14347
14348
14351
14352
14355
14356
14358
14359
14360
14362
14363
14365
14367
14369
14370
14372
14375
14376
14377
14378
14379
14381
14382
14385
14387
14388
14389
14390
14391
14392
14393
14394
14396
14397
14399
14400
14401
14403
14405
14406
14408
14410
14412
14413
14415
14417
14418
14419
14420
14421
14422
14426
14427
14428
14429
14430
14431
14432
14435
14437
14442
14443
14444
14445
14446
14447
14448
14450
14453
14454
14455
14456
14457
14458
14459
14460
14461
14463
14464
14466
14467
14469
14470
14471
14472
14475
14476
14477
14478
14479
14480
14481
14482
14484
14486
14488
14490
14493
14494
14495
14496
14497
14498
14499
14500
14501
14502
14505
14506
14507
14508
14511
14512
14513
14514
14517
14518
14519
14520
14523
14524
14527
14529
14533
14534
14536
14537
14539
14540
14541
14542
14543
14544
14545
14546
14547
14549
14552
14554
14555
14557
14558
14559
14560
14561
14563
14570
14571
14572
14573
14575
14576
14577
14578
14580
14581
14583
14585
14586
14588
14589
14590
14591
14593
14595
14597
14599
14600
14601
14603
14605
14606
14607
14608
14609
14611
14612
14613
14615
14616
14617
14619
14620
14622
14623
14626
14627
14628
14629
14631
14634
14635
14636
14639
14640
14642
14643
14644
14645
14647
14648
14649
14652
14653
14654
14656
14657
14658
14661
14663
14664
14665
14666
14667
14670
14672
14673
14674
14677
14678
14679
14680
14681
14687
14688
14689
14690
14691
14693
14695
14697
14698
14700
14701
14703
14704
14706
14707
14708
14709
14710
14711
14712
14713
14714
14716
14718
14722
14728
14730
14731
14732
14733
14735
14736
14737
14738
14739
14740
14741
14742
14743
14744
14745
14748
14749
14750
14751
14752
14753
14756
14758
14759
14760
14761
14762
14763
14764
14765
14767
14768
14770
14772
14773
14774
14775
14777
14778
14780
14782
14785
14786
14788
14789
14790
14791
14792
14795
14799
14800
14801
14803
14804
14807
14808
14810
14811
14813
14815
14817
14818
14819
14820
14821
14822
14825
14827
14828
14829
14830
14831
14832
14833
14834
14835
14836
14837
14838
14840
14841
14842
14844
14845
14848
14849
14850
14852
14853
14855
14856
14857
14858
14859
14861
14862
14863
14864
14865
14866
14867
14868
14870
14871
14873
14874
14876
14880
14881
14882
14884
14885
14886
14887
14889
14890
14891
14892
14895
14896
14898
14899
14903
14904
14905
14906
14908
14909
14910
14911
14912
14913
14914
14915
14916
14917
14918
14920
14921
14922
14924
14926
14929
14930
14931
14932
14934
14935
14936
14937
14938
14939
14940
14941
14942
14943
14944
14945
14946
14947
14949
14950
14951
14952
14954
14955
14958
14959
14960
14961
14963
14965
14967
14968
14970
14971
14972
14973
14977
14979
14981
14982
14984
14986
14987
14988
14989
14991
14992
14995
14996
14999
15001
15002
15003
15005
15006
15007
15011
15014
15015
15016
15017
15018
15019
15020
15023
15024
15025
15027
15028
15029
15030
15031
15035
15036
15038
15039
15040
15041
15042
15043
15046
15047
15048
15049
15050
15053
15055
15056
15057
15058
15059
15060
15062
15065
15067
15069
15070
15074
15075
15076
15077
15078
15081
15083
15085
15087
15088
15089
15090
15092
15093
15094
15095
15097
15098
15099
15101
15103
15104
15105
15106
15107
15108
15110
15112
15113
15117
15119
15120
15121
15122
15123
15124
15125
15126
15127
15128
15129
15130
15131
15132
15133
15135
15136
15137
15139
15140
15142
15143
15144
15147
15149
15150
15152
15153
15156
15157
15158
15161
15162
15163
15164
15166
15167
15168
15170
15171
15172
15173
15174
15175
15177
15178
15181
15183
15184
15187
15190
15191
15192
15193
15194
15196
15199
15200
15201
15202
15203
15204
15205
15206
15207
15208
15209
15210
15212
15213
15214
15215
15217
15218
15220
15222
15225
15226
15227
15228
15229
15230
15231
15232
15234
15235
15237
15238
15239
15240
15241
15243
15244
15245
15246
15247
15250
15251
15252
15254
15256
15257
15258
15260
15261
15262
15264
15265
15268
15271
15272
15275
15277
15278
15279
15281
15282
15284
15285
15286
15288
15289
15291
15292
15293
15295
15296
15301
15302
15303
15305
15306
15307
15308
15309
15310
15311
15314
15315
15316
15317
15322
15323
15324
15325
15326
15327
15328
15330
15331
15333
15334
15335
15336
15338
15339
15340
15341
15346
15348
15350
15352
15354
15358
15359
15361
15363
15364
15366
15367
15369
15372
15374
15375
15377
15379
15380
15383
15388
15389
15390
15391
15393
15394
15395
15396
15397
15400
15402
15403
15405
15410
15412
15414
15416
15417
15418
15420
15424
15425
15426
15427
15428
15429
15431
15432
15433
15434
15435
15436
15437
15439
15440
15443
15444
15445
15446
15448
15449
15450
15451
15458
15463
15464
15465
15468
15470
15471
15473
15474
15477
15481
15482
15484
15485
15486
15487
15491
15492
15493
15494
15495
15496
15497
15498
15499
15501
15503
15505
15506
15511
15513
15514
15515
15516
15518
15519
15521
15522
15523
15524
15526
15527
15528
15529
15530
15531
15532
15533
15535
15537
15539
15540
15541
15542
15544
15545
15547
15548
15549
15550
15551
15552
15553
15554
15555
15556
15558
15560
15561
15562
15563
15564
15565
15572
15573
15574
15575
15576
15578
15579
15580
15582
15588
15589
15591
15592
15596
15597
15598
15599
15600
15601
15603
15604
15606
15607
15608
15610
15611
15612
15613
15614
15615
15617
15618
15620
15621
15624
15625
15626
15627
15628
15629
15630
15631
15632
15633
15634
15636
15637
15641
15642
15643
15644
15647
15648
15649
15651
15653
15654
15658
15659
15661
15663
15664
15665
15666
15669
15670
15672
15673
15675
15676
15678
15679
15680
15681
15682
15683
15684
15686
15687
15688
15689
15693
15694
15695
15696
15698
15699
15700
15703
15705
15706
15707
15711
15714
15715
15716
15717
15721
15722
15723
15724
15725
15728
15729
15731
15732
15733
15734
15735
15737
15738
15739
15740
15742
15745
15746
15747
15749
15750
15751
15752
15753
15754
15756
15761
15765
15766
15767
15768
15769
15771
15772
15773
15774
15775
15777
15780
15782
15783
15784
15786
15787
15788
15791
15793
15796
15797
15798
15799
15802
15803
15804
15805
15806
15808
15809
15810
15811
15812
15813
15814
15816
15817
15818
15822
15823
15824
15828
15829
15832
15833
15836
15837
15838
15840
15841
15842
15844
15848
15849
15851
15852
15855
15856
15859
15860
15861
15862
15865
15866
15867
15869
15871
15873
15874
15875
15876
15878
15879
15881
15882
15883
15885
15886
15888
15889
15892
15893
15894
15895
15896
15897
15898
15899
15900
15903
15904
15905
15906
15908
15909
15910
15911
15912
15915
15917
15919
15920
15921
15922
15923
15924
15926
15927
15930
15931
15932
15934
15936
15941
15944
15946
15947
15948
15949
15950
15951
15953
15955
15957
15958
15959
15960
15961
15962
15963
15965
15966
15970
15974
15976
15977
15979
15981
15982
15984
15987
15988
15989
15990
15995
15996
15997
15999
16000
16002
16004
16005
16006
16007
16009
16011
16012
16013
16014
16015
16017
16018
16020
16021
16022
16023
16025
16026
16027
16028
16029
16030
16031
16032
16035
16036
16037
16039
16040
16041
16043
16044
16045
16046
16047
16048
16049
16050
16051
16052
16053
16057
16058
16060
16061
16062
16063
16064
16066
16067
16068
16069
16070
16071
16076
16078
16079
16080
16082
16083
16086
16087
16088
16089
16091
16092
16093
16094
16096
16097
16098
16099
16100
16101
16102
16103
16105
16106
16107
16109
16110
16111
16112
16113
16114
16115
16118
16120
16126
16127
16129
16130
16131
16133
16134
16136
16137
16138
16139
16140
16142
16143
16144
16146
16147
16149
16151
16152
16153
16154
16155
16156
16157
16161
16162
16163
16164
16165
16166
16167
16168
16169
16170
16171
16172
16173
16174
16175
16178
16179
16181
16182
16185
16186
16187
16188
16190
16193
16194
16195
16196
16197
16198
16200
16201
16202
16204
16205
16206
16207
16208
16209
16210
16211
16213
16214
16215
16218
16219
16221
16222
16223
16224
16225
16228
16229
16230
16231
16232
16233
16234
16235
16237
16238
16239
16240
16242
16244
16245
16246
16247
16248
16249
16250
16251
16253
16255
16256
16257
16258
16261
16262
16263
16266
16267
16275
16277
16278
16279
16280
16282
16283
16284
16288
16289
16290
16291
16294
16295
16296
16297
16298
16300
16301
16302
16303
16305
16306
16307
16308
16310
16311
16315
16317
16318
16319
16323
16324
16327
16328
16329
16330
16331
16332
16333
16334
16335
16336
16337
16338
16340
16343
16344
16345
16346
16347
16348
16349
16350
16352
16353
16354
16355
16356
16357
16358
16359
16360
16361
16362
16363
16365
16366
16367
16373
16375
16376
16379
16382
16383
16384
16387
16388
16389
16392
16393
16395
16396
16398
16399
16400
16402
16403
16405
16406
16407
16408
16409
16410
16411
16412
16413
16415
16416
16417
16419
16421
16422
16423
16424
16427
16429
16430
16431
16432
16433
16434
16437
16439
16440
16441
16443
16444
16445
16448
16450
16451
16453
16454
16455
16456
16457
16463
16465
16466
16467
16468
16470
16472
16473
16474
16475
16476
16478
16484
16485
16487
16488
16489
16491
16492
16493
16494
16495
16496
16498
16501
16503
16504
16505
16506
16507
16508
16509
16511
16512
16513
16515
16517
16519
16520
16521
16522
16523
16524
16525
16526
16527
16530
16531
16532
16534
16536
16538
16539
16540
16541
16542
16543
16545
16546
16547
16548
16549
16550
16551
16552
16553
16555
16556
16560
16561
16562
16563
16568
16569
16570
16573
16575
16576
16577
16578
16579
16580
16583
16585
16586
16587
16588
16589
16592
16594
16595
16596
16598
16599
16600
16601
16602
16603
16604
16605
16606
16607
16609
16610
16612
16613
16614
16615
16617
16618
16619
16620
16621
16623
16627
16628
16629
16632
16633
16635
16637
16638
16639
16640
16641
16643
16645
16646
16648
16651
16656
16657
16659
16660
16661
16663
16665
16666
16669
16670
16672
16673
16675
16676
16677
16679
16681
16682
16684
16686
16687
16688
16689
16693
16695
16696
16697
16698
16699
16701
16702
16706
16708
16709
16710
16712
16713
16714
16716
16717
16718
16719
16720
16722
16723
16724
16725
16727
16728
16731
16732
16735
16737
16738
16739
16740
16741
16742
16743
16744
16746
16747
16748
16751
16753
16757
16759
16760
16762
16763
16764
16765
16766
16770
16771
16774
16777
16778
16779
16781
16782
16783
16784
16785
16786
16787
16788
16789
16792
16796
16797
16798
16800
16802
16804
16806
16807
16808
16810
16811
16812
16813
16814
16817
16818
16819
16820
16821
16822
16827
16828
16829
16832
16834
16842
16845
16846
16847
16849
16850
16852
16853
16855
16856
16857
16860
16863
16864
16865
16866
16867
16868
16870
16872
16873
16874
16876
16878
16879
16880
16881
16883
16884
16887
16888
16889
16890
16891
16892
16893
16894
16897
16898
16899
16900
16902
16903
16905
16906
16908
16909
16910
16911
16913
16915
16916
16917
16918
16920
16922
16923
16925
16926
16927
16929
16932
16933
16935
16936
16937
16939
16940
16941
16943
16944
16950
16952
16953
16954
16957
16958
16959
16960
16961
16964
16966
16969
16970
16973
16974
16975
16976
16980
16981
16982
16983
16984
16985
16986
16988
16989
16990
16993
16995
16998
16999
17000
17002
17003
17005
17007
17008
17009
17011
17016
17017
17018
17019
17020
17022
17023
17024
17027
17030
17031
17032
17034
17039
17040
17041
17043
17044
17045
17047
17049
17050
17051
17052
17053
17055
17057
17058
17060
17061
17063
17064
17065
17066
17068
17069
17070
17071
17072
17075
17076
17077
17078
17079
17081
17082
17083
17086
17087
17088
17089
17090
17091
17092
17093
17094
17097
17098
17099
17101
17102
17106
17107
17109
17113
17114
17115
17119
17120
17125
17127
17128
17129
17131
17132
17133
17134
17136
17139
17140
17141
17143
17146
17147
17148
17149
17151
17153
17154
17155
17157
17158
17159
17160
17162
17163
17165
17166
17168
17169
17171
17172
17173
17175
17177
17180
17181
17184
17185
17187
17188
17189
17190
17191
17192
17193
17197
17198
17199
17200
17203
17204
17205
17206
17207
17208
17210
17211
17214
17216
17219
17220
17221
17223
17225
17227
17228
17230
17232
17233
17234
17235
17236
17238
17239
17240
17241
17242
17243
17244
17245
17246
17248
17249
17251
17252
17254
17257
17258
17261
17264
17265
17266
17267
17270
17271
17272
17273
17275
17277
17278
17280
17281
17282
17283
17285
17287
17288
17289
17290
17291
17292
17295
17296
17297
17298
17299
17300
17302
17304
17305
17306
17308
17309
17310
17311
17312
17313
17315
17316
17317
17318
17321
17322
17323
17324
17325
17326
17328
17330
17332
17333
17338
17345
17346
17347
17349
17350
17352
17353
17354
17355
17356
17357
17358
17360
17363
17364
17366
17367
17368
17370
17372
17374
17375
17376
17377
17378
17380
17381
17383
17384
17385
17386
17387
17388
17389
17391
17393
17394
17395
17397
17399
17400
17402
17403
17404
17407
17413
17414
17415
17416
17417
17419
17420
17422
17423
17424
17425
17427
17428
17429
17430
17431
17432
17434
17435
17437
17439
17440
17441
17443
17444
17447
17448
17450
17452
17453
17454
17457
17458
17459
17460
17461
17462
17464
17465
17466
17467
17469
17471
17474
17475
17480
17481
17482
17485
17487
17488
17489
17491
17492
17494
17495
17496
17498
17500
17501
17502
17503
17504
17506
17507
17508
17509
17511
17512
17513
17514
17515
17516
17517
17519
17521
17528
17529
17530
17531
17533
17538
17539
17540
17541
17545
17546
17548
17549
17551
17553
17554
17556
17557
17558
17559
17560
17561
17563
17564
17567
17568
17569
17573
17575
17576
17577
17578
17583
17584
17587
17588
17589
17590
17591
17592
17593
17596
17597
17598
17599
17601
17602
17603
17604
17605
17606
17610
17614
17615
17616
17617
17619
17620
17621
17622
17625
17626
17627
17628
17629
17631
17633
17634
17635
17637
17638
17639
17640
17642
17645
17646
17648
17651
17653
17654
17656
17657
17658
17661
17666
17668
17669
17670
17671
17672
17673
17674
17675
17676
17677
17678
17680
17681
17682
17683
17685
17686
17688
17689
17690
17691
17692
17693
17695
17697
17699
17701
17702
17703
17704
17705
17706
17708
17710
17711
17714
17722
17723
17724
17726
17727
17732
17733
17735
17736
17737
17739
17740
17742
17743
17744
17745
17748
17749
17750
17754
17756
17757
17758
17759
17760
17761
17762
17763
17765
17770
17771
17773
17774
17775
17776
17779
17781
17782
17783
17784
17785
17786
17787
17789
17790
17791
17793
17794
17796
17798
17799
17800
17801
17802
17803
17804
17807
17810
17812
17813
17814
17816
17820
17821
17822
17824
17825
17826
17827
17828
17829
17831
17832
17833
17834
17835
17836
17839
17840
17845
17848
17849
17850
17851
17852
17853
17854
17855
17856
17859
17860
17863
17865
17866
17867
17869
17870
17872
17873
17874
17875
17877
17881
17882
17883
17886
17887
17888
17892
17893
17896
17898
17900
17901
17904
17905
17907
17908
17910
17911
17912
17914
17916
17918
17921
17922
17923
17925
17926
17927
17928
17929
17931
17933
17934
17935
17936
17940
17941
17942
17943
17950
17951
17952
17954
17955
17956
17957
17958
17959
17960
17961
17962
17964
17967
17968
17969
17971
17972
17973
17974
17975
17976
17977
17978
17981
17982
17983
17984
17985
17986
17987
17991
17992
17997
17998
17999
18000
18001
18002
18003
18004
18005
18006
18007
18009
18013
18014
18016
18017
18018
18020
18021
18022
18023
18027
18028
18032
18033
18034
18035
18036
18037
18038
18039
18040
18041
18042
18043
18046
18047
18048
18049
18050
18051
18052
18053
18057
18058
18060
18061
18064
18066
18068
18069
18072
18073
18074
18075
18076
18077
18080
18081
18082
18083
18084
18085
18086
18087
18088
18089
18090
18091
18092
18093
18094
18095
18096
18097
18098
18099
18100
18101
18103
18106
18107
18108
18109
18110
18112
18114
18115
18116
18117
18120
18124
18125
18126
18127
18128
18131
18133
18134
18135
18136
18137
18138
18139
18140
18141
18142
18143
18144
18145
18146
18147
18149
18150
18151
18155
18156
18157
18158
18160
18163
18164
18165
18166
18167
18168
18169
18171
18172
18173
18174
18175
18176
18177
18178
18182
18183
18184
18185
18187
18188
18189
18192
18193
18194
18196
18197
18198
18200
18202
18203
18204
18206
18207
18208
18209
18211
18212
18213
18214
18216
18217
18218
18220
18221
18222
18223
18229
18230
18231
18232
18233
18234
18235
18236
18237
18238
18239
18240
18241
18243
18244
18245
18247
18248
18251
18252
18253
18254
18255
18258
18259
18262
18263
18264
18266
18268
18269
18270
18271
18274
18276
18278
18279
18280
18282
18283
18284
18287
18289
18290
18291
18293
18294
18295
18296
18297
18301
18303
18304
18305
18306
18307
18308
18309
18310
18311
18312
18313
18314
18315
18316
18318
18319
18320
18322
18324
18328
18329
18330
18331
18332
18333
18334
18335
18336
18337
18339
18340
18344
18348
18349
18350
18352
18354
18356
18358
18363
18365
18368
18369
18370
18372
18373
18374
18375
18376
18377
18378
18379
18380
18382
18384
18385
18387
18388
18389
18391
18392
18393
18394
18395
18396
18397
18398
18400
18402
18403
18404
18407
18409
18411
18412
18413
18414
18417
18418
18419
18420
18421
18422
18423
18424
18427
18428
18430
18431
18432
18433
18435
18436
18439
18443
18444
18445
18447
18448
18450
18451
18452
18453
18456
18457
18458
18459
18460
18461
18463
18464
18465
18467
18468
18469
18470
18471
18473
18475
18476
18477
18478
18479
18480
18481
18483
18484
18486
18489
18491
18494
18496
18498
18499
18500
18502
18503
18504
18505
18506
18507
18508
18509
18510
18511
18513
18514
18516
18517
18518
18520
18522
18523
18524
18525
18526
18527
18528
18530
18532
18533
18535
18537
18538
18539
18540
18541
18542
18544
18546
18547
18548
18549
18550
18553
18554
18555
18556
18557
18558
18559
18560
18561
18563
18564
18565
18567
18569
18570
18571
18572
18574
18575
18576
18577
18578
18579
18581
18585
18586
18587
18588
18591
18592
18593
18594
18597
18599
18600
18602
18603
18605
18606
18607
18608
18609
18610
18612
18613
18616
18617
18618
18622
18623
18624
18626
18627
18630
18631
18632
18635
18636
18637
18639
18640
18641
18642
18643
18645
18646
18647
18648
18650
18652
18653
18654
18655
18656
18657
18659
18660
18661
18662
18664
18665
18666
18669
18670
18671
18673
18674
18675
18676
18677
18678
18679
18682
18684
18686
18687
18689
18690
18691
18692
18693
18694
18696
18698
18699
18701
18702
18704
18705
18706
18707
18709
18712
18715
18716
18717
18718
18720
18721
18722
18723
18724
18725
18726
18727
18728
18729
18730
18731
18732
18733
18734
18735
18737
18738
18739
18740
18741
18744
18748
18749
18752
18754
18755
18756
18758
18760
18762
18763
18764
18765
18766
18767
18768
18770
18771
18773
18774
18775
18776
18778
18781
18782
18783
18784
18785
18786
18788
18790
18791
18792
18794
18795
18796
18798
18799
18801
18802
18804
18805
18806
18808
18809
18810
18811
18815
18816
18818
18819
18820
18821
18822
18825
18826
18830
18831
18833
18834
18835
18836
18839
18840
18841
18842
18843
18844
18845
18849
18850
18851
18856
18858
18861
18862
18863
18864
18865
18866
18867
18868
18869
18870
18871
18872
18875
18877
18878
18880
18881
18882
18884
18886
18887
18889
18890
18893
18896
18897
18898
18899
18900
18901
18904
18905
18906
18907
18908
18909
18910
18911
18912
18913
18915
18916
18918
18919
18921
18922
18925
18929
18931
18933
18935
18936
18937
18939
18940
18943
18944
18945
18946
18948
18949
18950
18951
18952
18953
18954
18955
18957
18959
18960
18961
18962
18963
18964
18966
18967
18970
18971
18972
18973
18974
18978
18979
18980
18982
18984
18985
18986
18987
18988
18989
18990
18991
18992
18995
18998
19001
19002
19003
19007
19008
19009
19012
19013
19014
19015
19017
19018
19019
19020
19022
19024
19025
19026
19029
19033
19034
19035
19036
19037
19038
19039
19040
19041
19042
19043
19044
19046
19047
19048
19049
19051
19052
19053
19054
19055
19056
19057
19058
19059
19060
19061
19062
19065
19066
19067
19068
19069
19070
19072
19073
19074
19076
19077
19078
19079
19080
19083
19084
19087
19088
19090
19091
19092
19094
19095
19096
19097
19099
19100
19101
19103
19104
19106
19107
19108
19114
19117
19119
19121
19122
19123
19124
19128
19131
19132
19133
19137
19138
19139
19140
19141
19142
19143
19144
19145
19146
19147
19148
19149
19150
19151
19152
19153
19154
19157
19158
19159
19160
19162
19163
19164
19166
19167
19168
19169
19170
19171
19172
19174
19176
19177
19178
19179
19181
19182
19183
19186
19188
19190
19191
19192
19194
19195
19196
19200
19204
19207
19211
19213
19214
19215
19217
19220
19221
19222
19223
19227
19228
19231
19232
19233
19234
19235
19236
19237
19241
19242
19244
19245
19246
19248
19249
19251
19252
19253
19254
19255
19256
19257
19260
19261
19262
19263
19264
19265
19266
19268
19269
19270
19271
19274
19275
19276
19277
19278
19280
19282
19283
19284
19285
19286
19287
19288
19290
19291
19292
19293
19297
19299
19301
19303
19304
19305
19306
19307
19308
19312
19315
19317
19319
19320
19321
19322
19324
19329
19332
19333
19334
19335
19337
19338
19339
19340
19341
19342
19343
19344
19345
19346
19347
19348
19349
19350
19351
19352
19353
19354
19356
19357
19361
19363
19366
19367
19368
19371
19372
19373
19375
19376
19377
19379
19381
19382
19383
19386
19388
19389
19392
19393
19394
19395
19396
19397
19398
19399
19401
19403
19404
19405
19406
19407
19408
19409
19411
19417
19418
19420
19421
19423
19425
19426
19427
19428
19431
19432
19434
19435
19436
19438
19440
19441
19442
19446
19447
19448
19449
19451
19453
19454
19457
19458
19459
19460
19461
19462
19464
19466
19468
19470
19471
19478
19480
19481
19482
19483
19484
19487
19488
19489
19492
19493
19494
19495
19499
19500
19501
19502
19503
19504
19505
19506
19507
19509
19510
19512
19513
19514
19515
19516
19518
19523
19524
19525
19528
19529
19530
19531
19532
19533
19534
19535
19536
19537
19539
19540
19542
19543
19545
19548
19549
19552
19553
19556
19557
19558
19559
19560
19561
19562
19565
19566
19568
19569
19571
19572
19573
19574
19576
19577
19579
19580
19581
19582
19586
19587
19588
19591
19592
19594
19595
19597
19598
19601
19604
19605
19606
19610
19611
19613
19614
19617
19618
19620
19621
19622
19623
19625
19628
19629
19631
19633
19634
19635
19636
19638
19640
19641
19643
19644
19646
19647
19648
19649
19653
19654
19655
19659
19660
19661
19662
19663
19664
19666
19667
19668
19669
19670
19671
19672
19674
19675
19677
19678
19680
19681
19684
19686
19687
19691
19692
19694
19695
19697
19698
19699
19700
19702
19704
19705
19706
19707
19708
19709
19710
19711
19712
19715
19716
19717
19718
19719
19720
19722
19723
19724
19726
19729
19730
19731
19733
19735
19736
19739
19740
19742
19743
19744
19747
19748
19749
19750
19752
19753
19755
19760
19763
19765
19769
19772
19773
19774
19775
19781
19782
19784
19785
19786
19787
19788
19789
19790
19792
19793
19796
19797
19799
19800
19802
19803
19804
19806
19808
19809
19811
19812
19813
19814
19815
19816
19818
19820
19821
19822
19823
19825
19826
19829
19830
19832
19833
19835
19837
19839
19841
19843
19845
19846
19847
19848
19849
19850
19851
19852
19855
19856
19857
19858
19860
19861
19865
19866
19867
19868
19871
19872
19873
19874
19875
19877
19878
19879
19882
19883
19884
19886
19887
19888
19889
19890
19891
19895
19896
19898
19899
19900
19902
19903
19905
19908
19909
19911
19913
19914
19915
19917
19918
19919
19920
19922
19923
19926
19929
19931
19932
19933
19934
19935
19936
19937
19938
19939
19941
19942
19943
19947
19951
19952
19953
19956
19959
19963
19964
19965
19970
19973
19974
19976
19978
19979
19980
19982
19983
19984
19987
19990
19992
19994
19996
19997
19998
19999
20000
20002
20003
20004
20005
20006
20007
20010
20011
20012
20014
20015
20016
20017
20018
20019
20020
20021
20022
20023
20025
20026
20028
20029
20032
20033
20034
20036
20038
20040
20042
20043
20045
20051
20052
20053
20057
20058
20059
20060
20061
20064
20065
20066
20067
20068
20069
20070
20071
20073
20074
20075
20078
20079
20080
20081
20084
20086
20088
20090
20091
20092
20093
20094
20095
20098
20099
20100
20101
20103
20105
20106
20107
20108
20110
20111
20112
20113
20114
20117
20120
20121
20122
20123
20124
20125
20127
20128
20129
20130
20131
20132
20134
20135
20138
20139
20140
20142
20143
20146
20147
20148
20149
20151
20152
20156
20157
20158
20159
20161
20162
20165
20166
20168
20169
20170
20171
20172
20174
20175
20180
20181
20182
20185
20186
20188
20192
20193
20194
20195
20196
20199
20201
20202
20203
20204
20205
20207
20208
20209
20211
20212
20214
20215
20218
20219
20220
20224
20226
20228
20230
20231
20232
20233
20235
20236
20239
20241
20243
20245
20249
20254
20256
20259
20260
20263
20264
20265
20267
20268
20269
20270
20271
20273
20275
20277
20278
20279
20281
20282
20284
20285
20287
20288
20289
20290
20292
20293
20295
20306
20307
20309
20310
20311
20312
20314
20315
20316
20317
20318
20319
20321
20325
20327
20328
20329
20331
20332
20333
20335
20336
20337
20338
20340
20343
20347
20348
20352
20355
20357
20359
20364
20367
20368
20369
20374
20375
20380
20382
20383
20384
20385
20386
20387
20388
20391
20395
20397
20398
20400
20403
20404
20406
20407
20408
20409
20411
20412
20413
20414
20415
20416
20417
20419
20420
20421
20422
20423
20424
20425
20426
20433
20434
20435
20437
20438
20439
20443
20444
20447
20450
20452
20453
20454
20456
20457
20459
20464
20465
20466
20468
20469
20470
20473
20476
20478
20479
20480
20481
20482
20483
20484
20485
20487
20490
20491
20493
20494
20495
20496
20500
20501
20502
20503
20505
20507
20509
20510
20511
20512
20513
20514
20515
20516
20518
20522
20523
20525
20526
20527
20530
20532
20533
20535
20537
20538
20539
20540
20541
20542
20543
20545
20546
20547
20548
20551
20552
20554
20555
20556
20557
20558
20559
20560
20562
20563
20564
20565
20566
20568
20569
20572
20573
20575
20578
20580
20583
20584
20585
20586
20587
20588
20589
20590
20591
20592
20596
20597
20598
20599
20600
20602
20604
20606
20608
20609
20611
20612
20613
20614
20616
20617
20618
20619
20620
20621
20622
20623
20624
20626
20629
20630
20631
20632
20635
20637
20639
20640
20645
20648
20649
20650
20651
20652
20653
20654
20655
20657
20658
20659
20660
20661
20662
20663
20664
20665
20666
20667
20670
20671
20672
20673
20674
20675
20677
20678
20683
20684
20685
20686
20688
20692
20699
20701
20703
20704
20706
20709
20710
20711
20715
20716
20717
20720
20723
20725
20726
20728
20729
20730
20731
20732
20734
20735
20736
20737
20738
20739
20740
20743
20747
20748
20749
20752
20753
20754
20755
20756
20757
20758
20762
20765
20766
20767
20771
20772
20773
20774
20775
20777
20779
20780
20781
20782
20783
20784
20787
20788
20789
20790
20791
20792
20794
20795
20796
20797
20798
20799
20801
20803
20804
20805
20806
20808
20809
20810
20812
20814
20816
20817
20818
20819
20820
20821
20825
20826
20827
20829
20830
20832
20833
20836
20837
20841
20842
20843
20844
20846
20847
20848
20850
20852
20853
20854
20855
20856
20857
20858
20859
20861
20865
20866
20867
20869
20872
20873
20875
20876
20878
20882
20884
20885
20887
20890
20891
20892
20893
20895
20896
20898
20899
20901
20903
20904
20905
20906
20908
20911
20912
20913
20915
20918
20919
20920
20921
20922
20923
20924
20926
20928
20930
20931
20932
20933
20934
20935
20936
20939
20941
20943
20945
20947
20950
20951
20952
20955
20956
20958
20959
20960
20961
20965
20966
20967
20968
20969
20970
20971
20972
20975
20976
20977
20979
20982
20983
20984
20986
20988
20989
20993
20994
20996
20997
21001
21002
21003
21004
21006
21007
21008
21009
21015
21016
21018
21019
21021
21023
21024
21025
21029
21030
21033
21034
21036
21037
21038
21040
21041
21042
21044
21046
21047
21048
21049
21050
21051
21054
21055
21057
21059
21061
21062
21063
21066
21067
21068
21070
21071
21072
21073
21074
21078
21079
21081
21084
21085
21087
21090
21091
21092
21093
21094
21095
21097
21098
21099
21100
21101
21103
21104
21105
21106
21109
21110
21111
21113
21114
21115
21116
21117
21118
21120
21122
21123
21125
21127
21128
21130
21131
21132
21133
21134
21135
21136
21137
21138
21141
21143
21146
21150
21153
21154
21155
21156
21157
21158
21161
21163
21164
21165
21169
21172
21173
21176
21178
21179
21180
21183
21184
21185
21187
21188
21190
21191
21192
21194
21195
21197
21199
21200
21201
21202
21204
21205
21207
21208
21209
21210
21211
21213
21214
21215
21216
21217
21218
21219
21220
21223
21228
21231
21232
21234
21235
21236
21237
21238
21240
21241
21245
21246
21248
21249
21250
21251
21252
21254
21255
21257
21259
21260
21261
21262
21263
21264
21265
21267
21268
21269
21270
21271
21274
21275
21276
21278
21281
21284
21286
21288
21289
21293
21296
21297
21298
21300
21301
21304
21306
21307
21310
21311
21312
21314
21316
21317
21318
21320
21321
21322
21324
21326
21329
21330
21332
21333
21334
21335
21339
21340
21343
21345
21346
21348
21350
21351
21352
21353
21354
21355
21356
21358
21359
21360
21362
21363
21365
21366
21368
21370
21371
21372
21373
21374
21380
21381
21382
21384
21385
21386
21387
21388
21391
21392
21394
21395
21397
21398
21401
21403
21404
21405
21406
21407
21408
21409
21410
21412
21413
21414
21415
21419
21420
21421
21422
21423
21426
21427
21428
21429
21431
21432
21433
21434
21436
21440
21441
21443
21444
21445
21446
21449
21450
21451
21453
21456
21458
21459
21460
21461
21463
21464
21466
21469
21470
21473
21474
21475
21476
21477
21478
21479
21480
21482
21483
21484
21486
21487
21488
21490
21492
21493
21495
21496
21497
21500
21502
21503
21504
21505
21506
21511
21513
21514
21516
21517
21520
21521
21528
21530
21531
21533
21534
21535
21538
21539
21542
21543
21544
21545
21546
21547
21548
21549
21550
21551
21553
21555
21556
21557
21558
21560
21561
21563
21565
21566
21567
21568
21572
21574
21575
21576
21577
21580
21581
21582
21583
21585
21586
21587
21588
21589
21590
21591
21592
21595
21596
21597
21599
21600
21602
21603
21605
21606
21607
21608
21610
21611
21613
21616
21617
21618
21619
21620
21621
21622
21623
21625
21627
21629
21630
21631
21632
21633
21634
21635
21637
21639
21640
21641
21643
21645
21646
21647
21648
21652
21654
21655
21656
21658
21660
21662
21664
21665
21666
21668
21669
21671
21674
21675
21676
21678
21679
21680
21681
21682
21683
21684
21685
21687
21688
21689
21690
21691
21692
21693
21694
21695
21696
21697
21698
21700
21701
21703
21704
21706
21707
21708
21709
21711
21712
21716
21717
21719
21720
21722
21725
21727
21730
21733
21734
21735
21736
21738
21740
21741
21742
21744
21747
21748
21750
21751
21753
21754
21755
21756
21758
21760
21762
21764
21765
21766
21767
21768
21774
21775
21776
21778
21779
21780
21784
21785
21786
21789
21790
21793
21794
21797
21798
21800
21801
21803
21808
21809
21810
21813
21814
21815
21816
21817
21818
21819
21821
21823
21825
21826
21827
21831
21832
21833
21835
21838
21840
21844
21845
21846
21849
21850
21851
21853
21855
21857
21860
21861
21866
21867
21870
21871
21872
21873
21874
21875
21876
21877
21878
21883
21884
21885
21886
21887
21891
21892
21893
21896
21899
21900
21901
21903
21904
21905
21906
21907
21909
21910
21911
21912
21914
21916
21918
21921
21924
21926
21927
21929
21930
21931
21933
21934
21935
21936
21938
21939
21943
21944
21945
21947
21948
21949
21953
21955
21957
21959
21960
21961
21962
21965
21966
21968
21970
21972
21977
21981
21982
21983
21987
21988
21990
21991
21992
21993
21995
21997
21998
21999
22000
22001
22002
22005
22006
22008
22014
22015
22020
22021
22022
22023
22026
22027
22028
22030
22033
22034
22035
22037
22038
22039
22041
22042
22043
22044
22048
22049
22050
22053
22054
22056
22057
22060
22061
22062
22063
22068
22070
22071
22074
22077
22078
22081
22082
22084
22087
22088
22089
22090
22093
22094
22096
22099
22102
22103
22104
22105
22106
22107
22108
22109
22110
22113
22114
22115
22116
22117
22120
22124
22125
22126
22127
22130
22132
22133
22134
22135
22136
22137
22139
22140
22142
22143
22144
22145
22147
22149
22150
22151
22152
22153
22154
22155
22156
22157
22158
22160
22161
22162
22163
22164
22165
22166
22168
22169
22171
22174
22175
22176
22177
22178
22181
22183
22184
22185
22186
22187
22188
22189
22191
22193
22194
22195
22196
22197
22199
22200
22201
22203
22205
22207
22208
22209
22210
22211
22212
22214
22216
22217
22218
22219
22220
22223
22226
22228
22230
22231
22233
22235
22236
22237
22238
22239
22240
22241
22242
22244
22247
22248
22250
22254
22255
22259
22260
22262
22263
22264
22265
22267
22268
22270
22272
22273
22275
22276
22277
22278
22279
22282
22284
22285
22286
22287
22289
22290
22292
22293
22294
22298
22299
22300
22301
22305
22307
22308
22312
22313
22315
22316
22317
22318
22321
22323
22324
22325
22326
22327
22328
22329
22330
22333
22336
22337
22338
22339
22343
22345
22346
22347
22348
22349
22351
22353
22356
22358
22359
22360
22362
22363
22365
22367
22368
22369
22370
22371
22372
22373
22374
22378
22380
22381
22382
22383
22384
22385
22387
22388
22390
22391
22392
22394
22396
22397
22399
22400
22402
22405
22408
22409
22411
22412
22413
22414
22415
22416
22417
22418
22419
22421
22422
22423
22424
22425
22426
22427
22428
22430
22432
22433
22434
22437
22439
22440
22442
22443
22445
22446
22447
22448
22449
22450
22451
22452
22453
22456
22459
22460
22461
22463
22465
22466
22467
22468
22469
22471
22472
22474
22476
22477
22478
22480
22481
22482
22484
22485
22486
22488
22492
22494
22495
22496
22497
22498
22499
22503
22505
22506
22510
22512
22513
22515
22516
22518
22519
22521
22522
22523
22525
22526
22527
22528
22529
22532
22533
22535
22537
22538
22540
22544
22545
22546
22547
22548
22549
22550
22551
22552
22554
22555
22557
22559
22560
22561
22563
22564
22567
22569
22571
22572
22573
22574
22575
22576
22577
22578
22581
22583
22584
22586
22588
22589
22591
22593
22595
22596
22597
22598
22600
22602
22604
22605
22606
22608
22609
22610
22617
22618
22619
22620
22621
22623
22624
22625
22627
22628
22629
22630
22631
22632
22633
22635
22636
22637
22638
22639
22641
22643
22646
22647
22649
22651
22654
22655
22656
22658
22660
22661
22662
22663
22664
22665
22666
22668
22669
22670
22672
22673
22675
22676
22677
22679
22680
22682
22683
22685
22686
22687
22690
22693
22695
22696
22700
22702
22703
22706
22707
22709
22712
22714
22715
22716
22717
22718
22719
22720
22721
22723
22725
22730
22731
22732
22735
22736
22737
22738
22739
22741
22742
22743
22744
22746
22751
22753
22756
22757
22759
22760
22763
22765
22766
22767
22768
22770
22771
22773
22776
22777
22778
22782
22783
22784
22786
22787
22788
22790
22792
22793
22794
22796
22797
22799
22800
22803
22804
22806
22807
22809
22811
22814
22815
22816
22817
22819
22822
22823
22824
22825
22827
22828
22830
22833
22834
22835
22836
22839
22840
22841
22842
22844
22846
22854
22855
22856
22857
22858
22863
22864
22865
22866
22867
22868
22869
22870
22871
22873
22874
22875
22878
22880
22881
22882
22885
22887
22888
22889
22891
22892
22893
22898
22900
22901
22903
22904
22905
22906
22907
22908
22909
22910
22911
22912
22913
22914
22915
22916
22918
22919
22921
22922
22924
22925
22926
22929
22933
22934
22936
22937
22940
22941
22944
22945
22947
22948
22949
22950
22951
22952
22953
22954
22957
22958
22960
22961
22962
22963
22967
22969
22973
22975
22977
22978
22979
22980
22983
22984
22985
22987
22990
22991
22992
22994
22995
22996
22997
22998
22999
23000
23003
23004
23005
23007
23008
23009
23010
23011
23014
23016
23017
23021
23022
23024
23025
23027
23030
23032
23033
23035
23036
23037
23038
23040
23041
23043
23044
23045
23046
23050
23057
23058
23059
23061
23064
23067
23069
23070
23073
23074
23075
23076
23077
23081
23082
23083
23084
23085
23086
23088
23093
23094
23095
23097
23098
23099
23102
23103
23104
23107
23110
23111
23112
23113
23116
23117
23120
23121
23122
23123
23128
23129
23132
23133
23134
23136
23140
23142
23143
23145
23146
23151
23152
23153
23154
23155
23158
23159
23161
23162
23163
23164
23165
23166
23167
23168
23170
23172
23173
23174
23175
23176
23177
23178
23182
23183
23185
23187
23189
23190
23191
23192
23193
23194
23195
23197
23198
23199
23202
23203
23204
23205
23206
23208
23209
23210
23211
23213
23214
23215
23216
23217
23218
23219
23220
23221
23222
23223
23225
23226
23227
23229
23230
23232
23235
23236
23237
23240
23243
23245
23246
23249
23250
23252
23253
23254
23255
23260
23261
23266
23267
23268
23269
23270
23271
23272
23273
23274
23275
23276
23277
23278
23279
23280
23283
23284
23285
23286
23287
23288
23291
23292
23293
23294
23295
23297
23298
23299
23300
23301
23302
23304
23305
23307
23308
23310
23311
23312
23316
23320
23324
23325
23326
23327
23329
23330
23331
23334
23338
23339
23341
23342
23343
23344
23346
23351
23352
23353
23354
23355
23356
23358
23359
23362
23364
23369
23371
23372
23373
23374
23377
23378
23379
23380
23381
23382
23383
23384
23386
23389
23393
23394
23395
23397
23398
23399
23401
23402
23403
23405
23407
23409
23410
23413
23414
23419
23422
23423
23424
23426
23428
23429
23431
23432
23437
23438
23439
23442
23443
23446
23447
23449
23450
23452
23454
23456
23457
23459
23464
23466
23468
23469
23470
23471
23472
23475
23476
23479
23481
23482
23483
23484
23485
23486
23487
23488
23489
23492
23494
23495
23496
23497
23499
23501
23502
23505
23511
23512
23513
23514
23515
23516
23517
23522
23523
23525
23526
23527
23531
23532
23533
23534
23535
23536
23537
23538
23540
23542
23543
23544
23545
23546
23547
23549
23553
23554
23557
23560
23561
23562
23563
23564
23568
23570
23571
23572
23575
23577
23578
23579
23580
23583
23585
23586
23587
23588
23589
23590
23591
23593
23594
23595
23597
23598
23600
23601
23602
23604
23606
23607
23608
23609
23611
23613
23614
23616
23617
23618
23620
23622
23624
23625
23626
23629
23630
23631
23632
23633
23634
23636
23638
23639
23640
23641
23643
23644
23647
23649
23652
23653
23655
23658
23659
23662
23665
23667
23668
23669
23672
23673
23674
23675
23677
23678
23679
23680
23681
23683
23684
23686
23688
23689
23692
23693
23695
23698
23699
23702
23703
23704
23705
23706
23708
23709
23713
23714
23715
23716
23717
23719
23720
23723
23724
23725
23728
23729
23730
23731
23733
23734
23735
23736
23737
23738
23739
23740
23741
23742
23743
23746
23747
23748
23749
23750
23751
23752
23753
23755
23756
23757
23759
23760
23761
23762
23763
23765
23767
23768
23769
23770
23772
23773
23774
23775
23777
23779
23782
23783
23784
23785
23786
23787
23790
23791
23792
23793
23795
23796
23797
23799
23800
23802
23804
23808
23809
23810
23812
23815
23816
23819
23820
23823
23825
23826
23828
23829
23831
23833
23834
23835
23836
23837
23838
23840
23841
23842
23843
23845
23847
23848
23850
23853
23855
23856
23857
23858
23860
23861
23862
23864
23867
23868
23870
23871
23872
23873
23874
23877
23879
23880
23883
23884
23886
23890
23891
23897
23898
23899
23900
23901
23907
23908
23910
23913
23914
23918
23920
23924
23926
23927
23928
23929
23930
23932
23934
23935
23936
23937
23938
23940
23941
23944
23945
23947
23949
23950
23951
23953
23955
23956
23957
23958
23959
23960
23961
23962
23963
23964
23965
23967
23973
23975
23978
23980
23981
23982
23985
23987
23988
23991
23992
23993
23994
23996
23998
24001
24002
24003
24007
24008
24009
24011
24012
24013
24014
24015
24016
24019
24021
24022
24023
24024
24026
24027
24028
24029
24036
24037
24039
24040
24045
24046
24050
24051
24052
24057
24059
24060
24062
24064
24066
24067
24068
24070
24072
24073
24075
24076
24078
24080
24081
24082
24083
24086
24088
24089
24090
24091
24093
24095
24096
24101
24102
24103
24110
24112
24113
24115
24116
24118
24119
24123
24124
24125
24126
24127
24129
24133
24137
24138
24140
24141
24142
24145
24146
24147
24148
24149
24150
24152
24156
24157
24159
24160
24161
24164
24165
24167
24170
24171
24175
24176
24179
24180
24184
24186
24187
24188
24191
24192
24194
24195
24197
24198
24199
24200
24201
24203
24205
24206
24207
24209
24214
24217
24219
24220
24221
24223
24224
24225
24227
24228
24231
24233
24234
24235
24236
24238
24239
24240
24241
24244
24245
24246
24249
24251
24253
24259
24261
24263
24264
24265
24267
24268
24269
24270
24271
24272
24275
24276
24277
24278
24279
24281
24282
24284
24286
24288
24289
24293
24294
24296
24297
24298
24301
24302
24303
24304
24307
24308
24309
24313
24315
24316
24318
24319
24322
24323
24325
24326
24328
24329
24331
24332
24333
24335
24336
24337
24338
24339
24340
24342
24345
24347
24348
24349
24350
24352
24353
24355
24356
24358
24364
24365
24366
24367
24368
24370
24372
24373
24374
24375
24378
24379
24380
24381
24382
24383
24384
24385
24386
24387
24388
24389
24391
24393
24395
24396
24397
24398
24402
24404
24409
24410
24413
24414
24415
24416
24418
24419
24420
24421
24423
24424
24425
24427
24429
24431
24434
24435
24437
24438
24439
24441
24443
24444
24445
24446
24447
24448
24449
24450
24452
24455
24458
24461
24463
24464
24468
24469
24471
24475
24477
24479
24480
24481
24482
24484
24485
24486
24489
24490
24491
24493
24494
24495
24496
24497
24499
24501
24502
24503
24504
24505
24507
24508
24509
24512
24513
24514
24517
24518
24520
24521
24523
24524
24526
24528
24529
24530
24531
24532
24534
24537
24538
24539
24540
24543
24544
24545
24546
24547
24548
24549
24550
24552
24553
24554
24556
24557
24559
24560
24561
24562
24564
24568
24569
24571
24572
24574
24576
24577
24578
24579
24580
24581
24583
24587
24589
24590
24592
24593
24597
24598
24599
24601
24602
24605
24606
24608
24610
24611
24612
24615
24616
24617
24618
24620
24621
24623
24624
24629
24632
24635
24636
24637
24639
24640
24642
24644
24646
24648
24649
24651
24652
24653
24654
24655
24656
24657
24658
24660
24661
24662
24665
24666
24667
24670
24671
24674
24677
24678
24679
24681
24685
24687
24688
24689
24690
24691
24693
24694
24695
24696
24698
24699
24700
24703
24706
24708
24710
24714
24715
24716
24717
24718
24719
24723
24725
24726
24728
24729
24731
24732
24733
24735
24736
24737
24738
24739
24740
24742
24744
24745
24750
24755
24756
24757
24758
24759
24760
24763
24764
24765
24766
24770
24772
24773
24775
24776
24778
24779
24780
24781
24782
24783
24784
24785
24788
24790
24791
24792
24793
24794
24795
24796
24797
24798
24799
24800
24801
24804
24806
24808
24809
24810
24811
24813
24815
24820
24824
24826
24828
24829
24830
24831
24832
24833
24834
24836
24837
24839
24840
24841
24843
24844
24847
24853
24855
24856
24858
24860
24861
24863
24864
24865
24866
24867
24869
24873
24874
24875
24876
24879
24881
24882
24883
24886
24887
24890
24891
24892
24894
24895
24896
24897
24899
24901
24902
24903
24904
24912
24915
24917
24918
24919
24922
24923
24924
24925
24927
24928
24929
24931
24934
24935
24936
24940
24942
24944
24946
24949
24950
24951
24953
24954
24955
24956
24957
24958
24959
24963
24964
24966
24967
24969
24970
24972
24974
24975
24977
24978
24979
24980
24982
24985
24986
24988
24989
24990
24993
24995
24997
24998
24999
25001
25003
25005
25006
25008
25009
25010
25012
25014
25015
25016
25017
25019
25020
25025
25027
25028
25029
25035
25036
25037
25039
25040
25042
25043
25044
25045
25046
25047
25050
25052
25053
25054
25055
25056
25057
25058
25060
25061
25063
25065
25066
25067
25068
25070
25072
25073
25074
25075
25076
25077
25080
25082
25083
25084
25087
25088
25089
25091
25092
25097
25098
25099
25100
25104
25105
25106
25108
25111
25113
25114
25115
25117
25119
25120
25123
25124
25125
25127
25128
25132
25133
25134
25135
25138
25143
25144
25147
25149
25151
25152
25153
25154
25155
25156
25157
25158
25159
25160
25161
25162
25164
25165
25167
25168
25170
25172
25173
25174
25178
25180
25181
25182
25183
25186
25187
25192
25193
25194
25195
25197
25198
25200
25201
25202
25203
25204
25206
25208
25211
25212
25213
25215
25217
25219
25220
25224
25227
25228
25229
25230
25231
25233
25235
25237
25238
25241
25244
25245
25246
25247
25249
25250
25252
25253
25259
25261
25262
25264
25265
25267
25268
25269
25270
25271
25274
25276
25277
25278
25279
25280
25281
25282
25284
25285
25286
25291
25292
25293
25296
25297
25300
25302
25303
25304
25306
25307
25309
25310
25313
25315
25317
25319
25320
25321
25323
25325
25326
25328
25329
25330
25331
25333
25335
25337
25340
25341
25342
25343
25344
25347
25348
25349
25350
25351
25352
25354
25357
25358
25361
25362
25363
25364
25366
25368
25372
25374
25375
25376
25377
25378
25379
25383
25385
25386
25387
25388
25389
25391
25392
25393
25396
25397
25398
25399
25400
25402
25403
25404
25405
25407
25410
25411
25416
25417
25419
25420
25422
25423
25424
25425
25427
25429
25430
25432
25433
25437
25438
25439
25440
25442
25443
25446
25447
25448
25450
25453
25456
25457
25458
25460
25461
25462
25464
25465
25466
25467
25469
25471
25472
25476
25477
25478
25479
25482
25483
25485
25489
25490
25492
25493
25497
25498
25500
25503
25504
25506
25507
25508
25509
25510
25514
25516
25517
25518
25519
25521
25522
25524
25525
25526
25527
25528
25530
25531
25532
25534
25536
25540
25542
25544
25545
25546
25547
25548
25552
25553
25556
25557
25559
25562
25563
25565
25566
25567
25568
25569
25570
25572
25577
25578
25579
25580
25581
25582
25584
25585
25586
25588
25590
25592
25593
25594
25595
25598
25599
25600
25602
25605
25607
25608
25611
25613
25615
25616
25617
25618
25619
25620
25621
25624
25626
25627
25628
25637
25638
25641
25642
25643
25644
25645
25646
25649
25650
25651
25652
25654
25655
25657
25659
25660
25661
25662
25663
25664
25666
25668
25670
25672
25674
25676
25678
25679
25680
25681
25682
25683
25685
25686
25688
25689
25690
25692
25693
25694
25696
25697
25699
25700
25701
25703
25704
25705
25707
25709
25710
25712
25714
25715
25717
25719
25720
25721
25722
25723
25724
25725
25726
25728
25729
25730
25731
25733
25735
25737
25739
25741
25742
25744
25749
25750
25751
25753
25760
25761
25762
25763
25766
25767
25768
25769
25770
25771
25773
25774
25775
25776
25780
25786
25787
25788
25790
25791
25792
25793
25794
25795
25796
25797
25798
25800
25801
25802
25803
25804
25806
25807
25812
25816
25817
25818
25819
25821
25822
25823
25826
25829
25830
25831
25832
25833
25835
25838
25839
25842
25844
25847
25849
25850
25852
25854
25858
25860
25861
25863
25865
25867
25869
25871
25872
25873
25874
25876
25878
25879
25880
25881
25882
25883
25887
25888
25891
25893
25895
25896
25897
25898
25899
25900
25903
25905
25908
25909
25910
25911
25912
25913
25914
25916
25918
25919
25920
25921
25923
25924
25929
25932
25933
25934
25935
25936
25938
25939
25941
25943
25944
25945
25946
25948
25950
25952
25954
25955
25956
25959
25962
25964
25967
25969
25971
25972
25974
25975
25977
25979
25984
25986
25987
25988
25989
25991
25996
25997
25998
26000
26001
26003
26005
26006
26007
26009
26010
26012
26013
26018
26019
26021
26023
26025
26027
26029
26030
26031
26032
26034
26035
26039
26042
26043
26044
26045
26047
26048
26049
26052
26053
26054
26055
26061
26068
26069
26070
26071
26072
26073
26074
26075
26078
26079
26080
26081
26085
26087
26088
26089
26092
26093
26095
26096
26097
26099
26100
26104
26106
26107
26108
26109
26110
26111
26112
26115
26116
26119
26122
26123
26124
26125
26126
26127
26128
26129
26131
26132
26135
26137
26138
26142
26144
26146
26147
26148
26149
26151
26153
26154
26155
26156
26157
26159
26162
26163
26164
26165
26166
26167
26168
26170
26172
26173
26174
26177
26178
26179
26180
26183
26184
26187
26189
26191
26193
26195
26196
26198
26201
26203
26205
26207
26208
26211
26214
26215
26216
26217
26219
26222
26223
26224
26226
26228
26230
26231
26234
26235
26236
26241
26243
26246
26248
26250
26251
26252
26254
26256
26257
26258
26259
26260
26261
26262
26263
26264
26265
26266
26267
26268
26271
26273
26274
26279
26280
26281
26283
26284
26286
26288
26289
26290
26293
26295
26296
26298
26299
26300
26302
26303
26304
26305
26306
26307
26308
26310
26312
26313
26314
26317
26320
26321
26323
26330
26332
26334
26335
26336
26338
26340
26341
26342
26344
26345
26346
26347
26349
26350
26351
26352
26353
26354
26355
26357
26358
26359
26361
26365
26367
26368
26369
26370
26373
26375
26377
26379
26380
26381
26382
26383
26385
26387
26388
26389
26391
26392
26394
26395
26396
26397
26398
26400
26401
26402
26405
26407
26408
26409
26410
26413
26415
26417
26418
26421
26422
26423
26424
26426
26427
26428
26430
26431
26432
26433
26435
26437
26438
26439
26440
26441
26444
26447
26448
26454
26458
26460
26462
26463
26466
26469
26470
26471
26472
26475
26477
26479
26481
26482
26483
26484
26486
26487
26488
26491
26492
26496
26498
26500
26503
26504
26506
26507
26508
26510
26513
26514
26515
26516
26517
26519
26521
26525
26531
26532
26533
26535
26536
26541
26542
26543
26544
26545
26547
26548
26551
26554
26556
26557
26561
26564
26565
26566
26568
26569
26572
26576
26577
26578
26579
26582
26584
26586
26588
26590
26592
26595
26596
26597
26598
26599
26600
26601
26605
26606
26607
26609
26611
26613
26615
26616
26617
26619
26620
26621
26623
26629
26630
26631
26632
26634
26635
26637
26642
26643
26644
26646
26647
26648
26652
26654
26655
26656
26658
26659
26660
26661
26663
26664
26666
26667
26670
26676
26677
26678
26679
26680
26681
26682
26683
26684
26685
26687
26688
26689
26690
26691
26692
26694
26696
26697
26699
26701
26702
26703
26704
26705
26706
26707
26708
26709
26710
26711
26712
26713
26716
26717
26718
26721
26722
26728
26729
26730
26731
26733
26734
26737
26738
26739
26740
26744
26746
26747
26748
26750
26754
26756
26758
26760
26767
26768
26770
26772
26773
26774
26775
26777
26782
26783
26784
26785
26788
26789
26790
26791
26792
26793
26796
26799
26801
26802
26804
26807
26809
26811
26812
26813
26814
26815
26816
26817
26818
26819
26820
26823
26824
26825
26826
26828
26829
26831
26832
26834
26842
26844
26845
26846
26847
26848
26849
26850
26856
26857
26858
26859
26860
26861
26865
26869
26872
26873
26874
26875
26876
26880
26881
26882
26884
26886
26887
26891
26893
26894
26895
26896
26897
26898
26899
26901
26902
26904
26905
26907
26910
26911
26912
26914
26915
26917
26922
26923
26924
26925
26926
26927
26928
26929
26930
26931
26932
26936
26937
26939
26940
26942
26944
26946
26947
26948
26949
26950
26952
26953
26956
26957
26961
26963
26964
26965
26967
26969
26973
26974
26977
26980
26981
26982
26984
26985
26988
26989
26990
26991
26992
26993
26994
26995
26996
26997
26999
27000
27002
27005
27006
27007
27008
27010
27011
27012
27013
27016
27017
27018
27019
27020
27023
27024
27025
27026
27027
27028
27030
27031
27032
27033
27034
27035
27036
27042
27043
27044
27045
27048
27049
27050
27051
27053
27054
27055
27056
27058
27060
27062
27063
27064
27065
27067
27068
27069
27070
27073
27076
27077
27078
27079
27082
27083
27085
27086
27087
27088
27090
27091
27092
27093
27095
27097
27099
27100
27101
27102
27103
27105
27106
27107
27109
27110
27112
27115
27117
27118
27119
27123
27125
27127
27128
27129
27130
27131
27132
27133
27134
27136
27137
27138
27139
27141
27142
27146
27150
27151
27152
27155
27156
27158
27161
27163
27164
27165
27167
27169
27172
27174
27175
27179
27181
27183
27184
27186
27187
27188
27189
27190
27193
27198
27199
27201
27204
27206
27207
27209
27210
27211
27212
27213
27215
27216
27217
27218
27219
27221
27222
27223
27224
27225
27227
27228
27229
27230
27232
27233
27237
27242
27243
27245
27246
27247
27248
27254
27255
27256
27257
27259
27262
27264
27267
27269
27270
27271
27275
27276
27277
27278
27279
27282
27283
27284
27286
27287
27289
27290
27291
27294
27296
27298
27299
27300
27301
27302
27303
27304
27306
27308
27312
27314
27315
27317
27318
27323
27324
27325
27328
27329
27332
27333
27334
27335
27336
27337
27338
27339
27342
27343
27344
27345
27350
27355
27356
27357
27358
27361
27365
27366
27367
27368
27369
27371
27372
27373
27374
27375
27376
27378
27380
27381
27382
27384
27388
27389
27390
27391
27392
27393
27394
27396
27399
27400
27402
27403
27404
27410
27411
27412
27415
27416
27417
27418
27419
27422
27425
27429
27432
27435
27436
27438
27439
27442
27443
27445
27446
27447
27448
27449
27450
27451
27452
27454
27455
27458
27460
27461
27462
27463
27464
27466
27467
27469
27470
27473
27475
27477
27480
27481
27482
27483
27484
27486
27487
27488
27489
27490
27491
27492
27493
27496
27498
27499
27500
27502
27503
27504
27507
27509
27510
27514
27517
27519
27520
27521
27522
27523
27524
27526
27529
27530
27531
27532
27534
27535
27538
27539
27542
27544
27545
27546
27548
27549
27550
27551
27553
27555
27558
27559
27560
27562
27568
27570
27571
27572
27574
27577
27581
27582
27583
27584
27585
27586
27588
27590
27591
27593
27595
27597
27599
27601
27605
27606
27607
27609
27610
27612
27614
27615
27619
27620
27622
27624
27626
27629
27632
27634
27635
27636
27638
27639
27642
27643
27646
27647
27648
27649
27650
27652
27653
27654
27656
27657
27659
27661
27662
27664
27665
27666
27668
27669
27670
27671
27672
27674
27675
27676
27680
27683
27684
27685
27687
27690
27692
27697
27698
27699
27700
27701
27702
27703
27704
27705
27706
27707
27710
27711
27713
27714
27716
27717
27718
27721
27722
27723
27724
27725
27726
27728
27730
27731
27732
27734
27735
27737
27740
27743
27744
27745
27746
27747
27749
27750
27751
27752
27754
27756
27757
27759
27760
27763
27764
27765
27766
27768
27769
27770
27771
27775
27778
27779
27780
27781
27782
27784
27786
27788
27789
27790
27791
27795
27796
27797
27798
27800
27803
27805
27808
27809
27811
27812
27815
27817
27819
27820
27822
27823
27824
27825
27826
27827
27830
27832
27833
27834
27836
27837
27840
27841
27844
27846
27848
27851
27852
27853
27858
27862
27863
27864
27865
27866
27868
27869
27871
27873
27876
27878
27879
27881
27882
27885
27888
27889
27890
27891
27893
27895
27897
27900
27901
27902
27904
27905
27906
27908
27909
27910
27911
27913
27914
27916
27917
27918
27920
27921
27923
27924
27925
27926
27927
27928
27929
27930
27931
27932
27934
27935
27936
27940
27941
27945
27946
27947
27949
27952
27955
27956
27958
27959
27964
27967
27968
27969
27971
27972
27975
27978
27980
27982
27984
27986
27987
27988
27989
27990
27991
27993
27995
27996
27997
27998
28000
28005
28007
28008
28012
28014
28015
28016
28019
28022
28024
28025
28026
28028
28030
28031
28032
28037
28039
28041
28043
28049
28050
28051
28052
28053
28054
28055
28056
28057
28058
28062
28063
28064
28067
28069
28071
28072
28076
28077
28078
28079
28082
28085
28086
28087
28089
28092
28097
28098
28099
28100
28101
28103
28105
28106
28107
28109
28111
28113
28115
28116
28118
28119
28120
28121
28122
28124
28125
28130
28133
28139
28140
28141
28142
28143
28144
28147
28148
28149
28151
28152
28154
28155
28158
28163
28165
28167
28169
28170
28172
28173
28174
28176
28177
28178
28180
28181
28183
28184
28186
28187
28188
28189
28190
28191
28192
28193
28196
28198
28201
28203
28205
28206
28208
28209
28211
28217
28220
28221
28222
28224
28225
28226
28227
28228
28229
28231
28232
28234
28238
28240
28241
28242
28244
28245
28246
28247
28248
28249
28250
28253
28254
28256
28259
28260
28261
28262
28263
28265
28266
28267
28268
28270
28272
28276
28277
28278
28279
28280
28282
28283
28286
28288
28290
28291
28292
28293
28294
28296
28298
28299
28300
28303
28304
28307
28310
28312
28313
28314
28315
28316
28319
28320
28321
28322
28323
28326
28328
28329
28330
28331
28332
28333
28334
28335
28336
28338
28339
28342
28343
28346
28347
28348
28350
28352
28355
28357
28358
28359
28363
28367
28371
28374
28376
28377
28378
28380
28381
28382
28383
28384
28387
28389
28390
28391
28393
28394
28396
28398
28400
28402
28403
28404
28405
28406
28407
28412
28413
28414
28417
28418
28420
28421
28424
28425
28428
28429
28430
28433
28435
28438
28439
28440
28441
28442
28443
28444
28445
28446
28447
28448
28450
28451
28452
28453
28455
28457
28459
28460
28463
28464
28466
28468
28469
28473
28474
28475
28476
28477
28481
28482
28484
28486
28487
28488
28494
28495
28497
28498
28500
28501
28502
28503
28504
28506
28507
28508
28509
28510
28511
28513
28514
28515
28518
28520
28521
28522
28523
28527
28528
28529
28530
28532
28534
28535
28536
28537
28538
28539
28540
28541
28543
28545
28546
28548
28551
28552
28554
28555
28557
28558
28559
28562
28564
28566
28567
28568
28569
28571
28572
28573
28574
28575
28579
28583
28585
28587
28588
28589
28593
28594
28595
28597
28598
28599
28600
28601
28602
28603
28604
28606
28607
28608
28609
28611
28615
28616
28619
28620
28621
28622
28623
28626
28627
28628
28629
28633
28637
28639
28640
28641
28642
28644
28645
28646
28647
28648
28651
28657
28659
28660
28661
28663
28665
28667
28669
28670
28671
28673
28674
28678
28679
28681
28682
28685
28686
28687
28689
28690
28691
28692
28693
28694
28695
28696
28698
28699
28701
28702
28704
28705
28707
28710
28711
28712
28719
28721
28722
28723
28725
28727
28728
28730
28731
28732
28733
28736
28737
28738
28741
28743
28746
28747
28749
28750
28753
28754
28756
28757
28758
28759
28760
28761
28762
28763
28764
28765
28766
28768
28769
28772
28773
28774
28776
28777
28779
28782
28783
28784
28786
28790
28791
28792
28793
28794
28796
28797
28799
28802
28807
28808
28810
28811
28812
28813
28815
28816
28819
28822
28823
28826
28827
28828
28829
28833
28835
28838
28839
28840
28841
28845
28846
28849
28850
28852
28853
28855
28858
28868
28869
28870
28873
28875
28876
28878
28880
28882
28883
28885
28886
28891
28892
28893
28895
28896
28897
28898
28899
28900
28901
28903
28904
28905
28908
28909
28910
28911
28913
28915
28917
28921
28924
28926
28928
28929
28932
28933
28934
28935
28936
28938
28939
28940
28941
28943
28945
28946
28947
28950
28953
28954
28956
28958
28960
28961
28962
28964
28966
28967
28969
28970
28971
28972
28973
28974
28975
28976
28977
28978
28979
28981
28983
28988
28990
28991
28992
28993
28994
28995
28996
28999
29000
29001
29002
29003
29006
29007
29008
29009
29010
29011
29013
29014
29015
29016
29018
29020
29021
29022
29024
29025
29027
29032
29035
29037
29039
29040
29042
29044
29046
29050
29051
29053
29054
29055
29057
29058
29060
29061
29062
29063
29066
29068
29069
29071
29072
29073
29074
29075
29076
29077
29078
29080
29082
29086
29088
29091
29092
29093
29094
29095
29096
29097
29098
29099
29102
29104
29108
29110
29113
29114
29116
29118
29119
29120
29121
29122
29123
29125
29128
29131
29133
29134
29136
29140
29141
29142
29143
29144
29145
29146
29147
29149
29150
29153
29154
29157
29158
29159
29160
29161
29164
29167
29168
29169
29170
29171
29172
29176
29177
29180
29181
29184
29186
29187
29189
29191
29193
29199
29201
29202
29203
29206
29208
29209
29210
29211
29213
29214
29216
29218
29219
29220
29221
29222
29223
29231
29233
29234
29236
29237
29238
29242
29243
29245
29246
29248
29249
29252
29254
29255
29256
29257
29258
29259
29260
29261
29262
29263
29264
29265
29267
29268
29269
29270
29272
29274
29275
29281
29283
29284
29285
29286
29288
29289
29292
29294
29295
29296
29297
29299
29300
29301
29303
29304
29306
29308
29309
29310
29314
29315
29317
29318
29320
29321
29324
29328
29329
29331
29333
29334
29337
29340
29342
29344
29345
29346
29347
29349
29350
29353
29354
29356
29358
29360
29363
29364
29367
29368
29369
29372
29375
29377
29378
29379
29380
29381
29382
29384
29385
29386
29389
29391
29394
29395
29396
29397
29398
29403
29404
29405
29406
29408
29409
29411
29412
29413
29414
29421
29422
29423
29424
29425
29426
29428
29430
29431
29433
29436
29437
29438
29439
29440
29441
29442
29444
29445
29446
29447
29448
29449
29451
29452
29454
29455
29456
29457
29458
29459
29460
29461
29463
29465
29466
29469
29471
29477
29478
29482
29490
29491
29492
29494
29496
29500
29501
29502
29505
29507
29508
29509
29510
29511
29515
29516
29517
29521
29522
29525
29528
29529
29530
29531
29535
29537
29539
29540
29541
29547
29548
29550
29551
29552
29553
29554
29556
29557
29558
29559
29560
29561
29563
29564
29566
29568
29569
29571
29573
29575
29576
29577
29578
29579
29580
29581
29586
29588
29592
29593
29594
29595
29596
29598
29600
29601
29602
29603
29605
29606
29607
29608
29611
29612
29613
29614
29615
29616
29617
29618
29620
29621
29622
29623
29624
29627
29628
29634
29635
29636
29638
29639
29640
29642
29643
29644
29646
29647
29648
29649
29650
29651
29652
29653
29655
29656
29658
29659
29660
29663
29664
29666
29667
29668
29669
29672
29678
29680
29681
29682
29683
29684
29685
29686
29687
29688
29689
29690
29693
29694
29695
29696
29697
29698
29701
29703
29706
29707
29712
29713
29714
29715
29716
29717
29719
29721
29722
29723
29726
29728
29732
29733
29735
29737
29740
29741
29746
29748
29749
29750
29752
29753
29754
29755
29756
29758
29760
29761
29763
29764
29765
29767
29768
29771
29772
29773
29774
29775
29776
29777
29778
29780
29783
29784
29787
29793
29794
29795
29796
29798
29799
29801
29802
29804
29805
29806
29807
29808
29809
29810
29811
29812
29813
29815
29818
29819
29821
29822
29824
29826
29827
29828
29831
29832
29833
29834
29835
29837
29838
29841
29842
29843
29844
29845
29846
29847
29849
29852
29853
29854
29855
29856
29858
29859
29861
29862
29863
29865
29873
29875
29877
29878
29880
29881
29883
29884
29885
29887
29889
29890
29891
29892
29893
29895
29896
29898
29899
29900
29901
29902
29904
29907
29908
29909
29910
29912
29913
29914
29916
29919
29920
29921
29922
29924
29925
29927
29932
29934
29935
29938
29939
29940
29946
29949
29951
29952
29954
29955
29957
29959
29960
29961
29962
29963
29965
29966
29967
29969
29970
29971
29972
29975
29976
29977
29978
29979
29980
29982
29983
29985
29988
29989
29991
29993
29995
29997
29998
30000
30001
30003
30004
30005
30007
30008
30009
30013
30014
30015
30016
30021
30022
30023
30027
30028
30030
30031
30032
30033
30034
30035
30039
30040
30042
30043
30044
30046
30051
30052
30053
30054
30056
30057
30058
30059
30060
30062
30064
30065
30066
30067
30068
30069
30070
30071
30072
30076
30078
30080
30081
30086
30087
30089
30090
30092
30095
30096
30098
30099
30104
30106
30108
30111
30112
30113
30116
30117
30118
30119
30120
30121
30124
30125
30126
30128
30129
30131
30132
30135
30136
30137
30140
30141
30142
30143
30147
30149
30152
30155
30157
30158
30163
30164
30165
30173
30177
30181
30183
30184
30187
30188
30191
30192
30195
30197
30198
30200
30201
30203
30204
30205
30207
30210
30211
30212
30214
30215
30217
30219
30220
30221
30222
30223
30224
30227
30228
30230
30232
30233
30234
30235
30237
30238
30239
30240
30241
30242
30243
30245
30246
30248
30249
30253
30254
30260
30261
30262
30264
30265
30266
30267
30269
30270
30271
30272
30273
30274
30276
30278
30282
30283
30284
30285
30287
30290
30292
30293
30295
30296
30298
30299
30303
30304
30306
30308
30310
30311
30313
30314
30315
30316
30317
30318
30321
30323
30326
30327
30328
30329
30330
30332
30333
30334
30335
30342
30345
30346
30347
30348
30349
30350
30351
30353
30354
30355
30357
30360
30361
30362
30363
30364
30365
30366
30367
30368
30369
30370
30374
30378
30379
30382
30385
30386
30389
30391
30393
30394
30396
30397
30398
30404
30405
30407
30408
30410
30411
30412
30413
30414
30415
30416
30417
30420
30423
30424
30425
30426
30428
30429
30431
30433
30434
30437
30439
30441
30442
30443
30446
30448
30452
30453
30455
30456
30457
30458
30459
30460
30462
30463
30465
30466
30467
30469
30471
30472
30473
30475
30476
30477
30479
30480
30481
30482
30483
30485
30486
30488
30489
30490
30491
30492
30494
30495
30496
30497
30499
30500
30501
30503
30505
30506
30509
30510
30512
30513
30514
30515
30517
30519
30520
30521
30527
30530
30532
30533
30534
30537
30538
30539
30541
30542
30543
30550
30551
30553
30557
30559
30560
30564
30565
30568
30569
30570
30571
30572
30575
30577
30579
30580
30581
30585
30586
30587
30588
30590
30591
30592
30593
30595
30596
30598
30599
30600
30601
30603
30604
30605
30606
30607
30609
30610
30612
30613
30614
30616
30617
30618
30619
30620
30621
30622
30623
30625
30626
30628
30630
30637
30638
30639
30640
30641
30644
30647
30650
30651
30652
30653
30654
30655
30656
30658
30660
30661
30662
30663
30664
30673
30676
30680
30681
30683
30686
30687
30691
30692
30693
30694
30695
30696
30697
30700
30701
30702
30703
30705
30707
30709
30711
30712
30713
30714
30715
30716
30717
30718
30720
30723
30725
30730
30731
30732
30733
30735
30740
30741
30742
30743
30744
30745
30746
30748
30750
30751
30753
30754
30755
30759
30761
30762
30763
30767
30768
30773
30774
30777
30778
30779
30780
30782
30784
30785
30786
30787
30788
30790
30792
30793
30794
30795
30796
30797
30798
30799
30800
30801
30803
30805
30808
30813
30814
30815
30816
30817
30818
30819
30820
30821
30822
30825
30827
30828
30832
30834
30835
30839
30840
30842
30844
30845
30846
30849
30850
30853
30855
30857
30858
30859
30860
30861
30862
30864
30866
30869
30870
30871
30872
30873
30875
30876
30879
30880
30881
30882
30885
30886
30887
30888
30893
30894
30897
30899
30901
30902
30903
30904
30907
30911
30913
30915
30917
30921
30924
30925
30931
30932
30933
30934
30935
30936
30938
30939
30941
30942
30943
30945
30946
30948
30949
30950
30953
30954
30955
30957
30958
30961
30962
30965
30966
30967
30968
30971
30975
30976
30978
30979
30980
30982
30987
30991
30992
30993
30994
30995
30996
30999
31000
31002
31003
31005
31007
31008
31009
31012
31013
31014
31015
31016
31017
31020
31022
31023
31027
31028
31032
31037
31038
31039
31042
31043
31046
31049
31050
31051
31052
31053
31054
31055
31056
31058
31059
31064
31065
31066
31071
31072
31073
31075
31076
31077
31078
31079
31083
31084
31086
31087
31088
31090
31091
31092
31093
31095
31096
31097
31098
31101
31103
31104
31106
31107
31108
31109
31110
31111
31113
31114
31116
31117
31119
31121
31122
31126
31127
31128
31130
31131
31133
31135
31136
31137
31138
31139
31141
31142
31143
31144
31145
31146
31149
31152
31154
31155
31156
31158
31163
31164
31165
31167
31169
31171
31174
31175
31176
31177
31178
31179
31185
31186
31187
31188
31189
31192
31195
31196
31197
31207
31208
31209
31210
31216
31217
31218
31219
31221
31224
31226
31228
31229
31230
31233
31235
31238
31240
31241
31242
31243
31245
31247
31248
31249
31251
31253
31254
31255
31257
31258
31260
31262
31265
31266
31267
31268
31269
31274
31275
31277
31279
31281
31282
31284
31287
31291
31292
31294
31296
31299
31300
31301
31303
31304
31309
31310
31312
31313
31314
31315
31317
31318
31319
31321
31324
31325
31330
31334
31335
31336
31338
31340
31341
31342
31344
31345
31347
31348
31349
31352
31353
31355
31358
31363
31365
31367
31368
31369
31371
31374
31375
31376
31378
31381
31383
31384
31385
31386
31389
31390
31391
31393
31394
31397
31398
31401
31402
31404
31405
31406
31407
31410
31413
31415
31416
31419
31420
31422
31423
31424
31427
31428
31432
31433
31434
31437
31438
31441
31442
31444
31445
31447
31448
31449
31451
31452
31457
31460
31461
31464
31465
31466
31474
31477
31478
31479
31480
31481
31484
31488
31493
31495
31498
31499
31502
31504
31508
31510
31511
31513
31514
31516
31519
31521
31522
31523
31526
31528
31529
31530
31532
31533
31534
31535
31536
31538
31539
31540
31541
31542
31543
31546
31547
31548
31550
31551
31554
31555
31556
31558
31559
31563
31566
31567
31571
31574
31575
31577
31579
31580
31581
31582
31586
31589
31590
31591
31592
31594
31595
31596
31597
31600
31602
31603
31604
31605
31607
31608
31609
31612
31613
31615
31616
31617
31618
31623
31624
31625
31626
31627
31628
31630
31633
31634
31635
31637
31639
31641
31643
31644
31645
31646
31647
31648
31649
31651
31654
31655
31657
31659
31660
31664
31665
31666
31669
31673
31674
31676
31679
31680
31682
31683
31685
31687
31688
31690
31691
31692
31693
31694
31701
31702
31703
31704
31708
31710
31711
31716
31717
31718
31719
31721
31724
31728
31730
31731
31732
31733
31736
31741
31743
31744
31747
31748
31749
31753
31754
31756
31757
31759
31760
31761
31762
31763
31765
31766
31767
31768
31769
31773
31774
31776
31777
31778
31779
31782
31784
31785
31786
31788
31789
31791
31794
31795
31798
31800
31801
31802
31803
31805
31808
31810
31811
31812
31815
31816
31819
31821
31822
31823
31824
31835
31837
31838
31839
31847
31850
31852
31854
31856
31857
31858
31860
31861
31864
31866
31867
31868
31870
31872
31874
31877
31879
31881
31882
31883
31884
31885
31886
31887
31888
31889
31890
31891
31893
31895
31897
31899
31900
31904
31907
31908
31909
31910
31911
31913
31914
31920
31923
31924
31925
31927
31928
31930
31931
31934
31936
31938
31939
31941
31944
31947
31948
31949
31950
31952
31955
31957
31958
31959
31961
31962
31966
31968
31969
31971
31972
31973
31975
31976
31982
31983
31986
31987
31988
31989
31993
31994
31995
31996
31999
32001
32002
32004
32007
32008
32011
32014
32016
32018
32021
32022
32024
32025
32026
32027
32029
32032
32034
32035
32036
32037
32039
32040
32041
32043
32044
32045
32048
32050
32053
32054
32057
32058
32059
32060
32062
32063
32065
32066
32067
32079
32080
32081
32082
32085
32089
32090
32091
32092
32094
32095
32096
32097
32102
32104
32107
32108
32110
32112
32113
32115
32117
32118
32119
32120
32121
32122
32125
32127
32130
32131
32132
32139
32141
32143
32145
32146
32147
32148
32150
32151
32153
32157
32158
32159
32160
32161
32163
32166
32167
32169
32170
32172
32173
32174
32175
32177
32179
32180
32182
32183
32184
32185
32186
32187
32189
32191
32192
32194
32195
32197
32198
32199
32207
32208
32209
32211
32212
32213
32216
32219
32223
32224
32225
32226
32228
32235
32236
32237
32238
32239
32241
32242
32243
32244
32246
32248
32249
32252
32253
32254
32255
32259
32261
32262
32263
32264
32265
32266
32267
32269
32270
32272
32273
32274
32275
32278
32279
32280
32281
32284
32285
32286
32287
32288
32289
32290
32294
32298
32301
32305
32306
32308
32313
32314
32315
32316
32317
32318
32319
32320
32322
32323
32327
32328
32329
32330
32332
32334
32335
32336
32337
32338
32339
32341
32342
32343
32345
32346
32347
32348
32351
32353
32354
32357
32358
32359
32361
32362
32364
32365
32366
32368
32370
32371
32372
32374
32375
32376
32377
32378
32383
32385
32389
32390
32391
32392
32393
32394
32396
32401
32403
32404
32407
32411
32413
32414
32415
32417
32418
32419
32420
32422
32424
32427
32432
32433
32435
32436
32437
32439
32441
32442
32443
32446
32450
32451
32453
32454
32455
32456
32458
32459
32460
32465
32466
32469
32471
32472
32473
32474
32476
32480
32482
32483
32485
32486
32487
32489
32491
32492
32493
32495
32498
32499
32500
32501
32504
32505
32507
32509
32512
32517
32520
32524
32525
32526
32528
32530
32532
32534
32535
32536
32537
32540
32542
32543
32544
32545
32547
32549
32551
32556
32558
32559
32560
32561
32563
32565
32566
32567
32569
32570
32573
32574
32577
32578
32582
32584
32585
32586
32588
32589
32590
32592
32594
32595
32598
32599
32600
32601
32602
32604
32605
32606
32607
32609
32610
32611
32613
32614
32616
32620
32626
32628
32630
32635
32636
32637
32638
32640
32642
32644
32645
32646
32647
32649
32650
32651
32652
32653
32654
32655
32658
32661
32662
32663
32666
32667
32668
32670
32671
32672
32675
32678
32680
32681
32686
32687
32689
32698
32699
32700
32701
32703
32706
32708
32709
32710
32713
32714
32718
32721
32722
32724
32725
32726
32727
32728
32729
32732
32735
32736
32740
32742
32745
32746
32747
32748
32749
32751
32752
32754
32755
32757
32758
32759
32760
32762
32764
32767
32768
32770
32771
32773
32775
32776
32777
32778
32783
32784
32785
32788
32790
32791
32792
32795
32796
32797
32800
32801
32805
32810
32811
32813
32815
32816
32817
32818
32822
32825
32826
32827
32828
32829
32830
32831
32833
32836
32837
32838
32839
32840
32841
32843
32845
32847
32848
32849
32850
32851
32853
32854
32856
32858
32863
32865
32866
32868
32871
32874
32875
32876
32877
32878
32879
32884
32886
32888
32889
32890
32891
32893
32894
32895
32897
32899
32900
32902
32903
32904
32906
32907
32909
32910
32911
32913
32918
32920
32921
32922
32926
32927
32928
32931
32932
32934
32940
32941
32942
32944
32945
32946
32947
32950
32951
32952
32956
32957
32958
32960
32961
32962
32966
32967
32968
32969
32970
32972
32973
32974
32975
32976
32977
32979
32981
32982
32983
32984
32985
32988
32989
32990
32991
32992
32994
32996
32997
33001
33002
33003
33004
33007
33009
33012
33014
33016
33017
33021
33024
33026
33027
33028
33029
33032
33034
33035
33036
33037
33038
33039
33040
33041
33042
33045
33049
33051
33053
33054
33055
33056
33059
33060
33062
33063
33064
33065
33066
33068
33069
33072
33073
33074
33075
33076
33078
33079
33080
33082
33084
33085
33086
33087
33088
33089
33093
33094
33095
33096
33097
33101
33102
33105
33106
33107
33108
33109
33110
33114
33116
33118
33119
33120
33121
33122
33124
33125
33127
33129
33130
33137
33138
33140
33142
33144
33145
33146
33147
33148
33150
33151
33152
33153
33155
33156
33158
33159
33160
33163
33165
33166
33167
33168
33170
33171
33172
33173
33174
33175
33176
33177
33178
33179
33180
33188
33189
33190
33194
33195
33197
33200
33201
33205
33206
33207
33208
33212
33213
33214
33218
33219
33221
33224
33226
33227
33230
33231
33239
33240
33241
33242
33245
33247
33248
33249
33250
33252
33254
33255
33256
33257
33260
33264
33265
33266
33268
33270
33271
33272
33273
33274
33275
33276
33279
33283
33284
33285
33286
33290
33291
33293
33295
33297
33298
33300
33302
33303
33304
33305
33308
33309
33311
33312
33313
33314
33316
33317
33319
33322
33323
33325
33329
33330
33331
33334
33335
33340
33341
33345
33348
33350
33351
33352
33353
33354
33357
33358
33360
33361
33362
33363
33366
33367
33374
33377
33378
33379
33380
33382
33386
33387
33389
33390
33391
33392
33393
33396
33398
33400
33402
33408
33409
33412
33416
33418
33419
33420
33421
33422
33423
33426
33429
33431
33433
33435
33436
33437
33439
33440
33441
33442
33443
33447
33448
33449
33450
33451
33453
33458
33461
33464
33465
33466
33467
33468
33470
33471
33472
33473
33474
33476
33477
33478
33479
33480
33481
33484
33485
33486
33488
33489
33491
33493
33494
33495
33498
33499
33502
33503
33504
33507
33510
33512
33513
33514
33515
33517
33518
33519
33520
33521
33525
33527
33528
33529
33530
33531
33534
33536
33537
33538
33539
33540
33544
33546
33547
33549
33551
33552
33554
33556
33558
33559
33560
33563
33564
33565
33566
33572
33573
33576
33577
33582
33584
33585
33586
33589
33591
33592
33594
33595
33597
33598
33599
33600
33601
33602
33604
33606
33607
33609
33612
33615
33617
33619
33621
33622
33624
33625
33626
33631
33632
33633
33638
33639
33645
33649
33652
33654
33655
33656
33657
33658
33661
33665
33666
33670
33672
33675
33676
33678
33679
33680
33681
33683
33685
33687
33689
33690
33691
33692
33694
33695
33697
33699
33700
33701
33702
33704
33705
33706
33708
33710
33712
33713
33714
33716
33718
33719
33720
33721
33722
33724
33725
33726
33730
33731
33732
33733
33734
33735
33737
33739
33741
33742
33743
33744
33745
33746
33749
33750
33751
33754
33756
33757
33758
33759
33760
33761
33762
33763
33764
33765
33767
33770
33771
33774
33776
33778
33779
33780
33781
33783
33784
33788
33789
33790
33791
33792
33793
33794
33800
33802
33803
33804
33805
33807
33811
33812
33814
33815
33817
33818
33820
33822
33823
33825
33826
33828
33829
33830
33832
33836
33837
33841
33842
33845
33847
33849
33850
33852
33855
33856
33863
33866
33867
33868
33869
33872
33873
33874
33876
33877
33879
33882
33883
33888
33891
33892
33894
33895
33896
33897
33899
33902
33904
33907
33909
33910
33911
33912
33914
33915
33916
33918
33919
33920
33921
33924
33927
33929
33931
33933
33935
33936
33939
33940
33942
33945
33946
33948
33949
33951
33952
33953
33955
33956
33958
33959
33960
33961
33963
33966
33967
33968
33969
33971
33972
33973
33974
33975
33977
33978
33979
33980
33982
33983
33986
33988
33989
33990
33991
33992
33993
33994
33995
33997
33998
33999
34004
34007
34010
34013
34016
34017
34018
34019
34020
34021
34022
34027
34029
34030
34032
34036
34037
34038
34041
34044
34045
34048
34050
34051
34054
34056
34057
34058
34061
34063
34065
34066
34067
34074
34075
34078
34080
34082
34083
34088
34091
34093
34094
34096
34097
34098
34099
34100
34101
34103
34105
34106
34107
34108
34109
34110
34111
34112
34117
34123
34124
34126
34130
34131
34137
34139
34140
34141
34142
34143
34144
34145
34146
34147
34148
34151
34153
34156
34160
34162
34163
34165
34172
34173
34175
34178
34179
34180
34183
34187
34189
34192
34196
34198
34199
34200
34202
34207
34208
34209
34212
34215
34217
34218
34219
34220
34222
34225
34226
34227
34229
34230
34233
34234
34235
34237
34238
34242
34243
34244
34245
34249
34250
34254
34255
34256
34258
34260
34264
34265
34267
34268
34269
34270
34271
34272
34276
34278
34279
34281
34282
34284
34285
34288
34290
34292
34294
34295
34296
34297
34299
34300
34301
34303
34307
34308
34310
34317
34318
34319
34320
34322
34330
34334
34337
34338
34339
34340
34341
34342
34343
34346
34349
34350
34351
34352
34353
34356
34358
34359
34360
34361
34364
34366
34367
34369
34370
34371
34372
34373
34375
34378
34379
34382
34383
34385
34386
34388
34389
34390
34393
34396
34398
34402
34403
34404
34407
34410
34411
34412
34413
34415
34416
34417
34418
34421
34425
34427
34428
34429
34430
34431
34432
34434
34436
34438
34439
34440
34441
34444
34445
34446
34449
34454
34457
34460
34462
34463
34465
34467
34468
34470
34471
34472
34474
34475
34479
34480
34482
34485
34487
34489
34492
34493
34495
34498
34499
34501
34503
34508
34512
34513
34514
34517
34520
34522
34523
34524
34525
34526
34527
34532
34534
34538
34539
34540
34541
34546
34547
34549
34556
34557
34560
34562
34563
34565
34566
34567
34568
34571
34572
34573
34576
34577
34578
34579
34580
34582
34584
34585
34586
34590
34591
34595
34597
34598
34601
34602
34604
34605
34606
34607
34609
34613
34614
34615
34617
34621
34622
34624
34626
34632
34633
34635
34636
34638
34639
34643
34644
34646
34647
34648
34649
34652
34653
34656
34657
34659
34664
34666
34667
34669
34670
34671
34672
34677
34678
34679
34680
34684
34687
34690
34694
34696
34699
34700
34702
34705
34706
34707
34709
34712
34713
34717
34723
34724
34725
34726
34727
34728
34729
34731
34732
34733
34736
34737
34738
34739
34740
34742
34743
34745
34746
34747
34752
34754
34756
34758
34761
34765
34766
34769
34770
34772
34773
34774
34775
34776
34777
34779
34780
34783
34787
34788
34790
34792
34793
34795
34800
34802
34805
34806
34807
34809
34810
34811
34812
34813
34815
34816
34817
34818
34826
34827
34830
34832
34837
34839
34840
34841
34844
34845
34846
34847
34848
34849
34854
34859
34860
34867
34869
34870
34871
34872
34873
34874
34875
34876
34877
34878
34885
34886
34887
34888
34889
34895
34896
34897
34898
34900
34902
34903
34904
34905
34906
34907
34909
34912
34913
34914
34916
34917
34919
34920
34924
34926
34927
34928
34929
34930
34932
34934
34935
34937
34939
34940
34941
34942
34944
34945
34948
34950
34951
34953
34954
34955
34958
34959
34960
34961
34962
34965
34968
34969
34971
34977
34980
34981
34982
34985
34987
34988
34989
34990
34995
34997
34998
35000
35003
35004
35006
35007
35012
35013
35016
35020
35023
35025
35028
35030
35031
35032
35034
35035
35039
35041
35042
35043
35045
35051
35052
35053
35054
35055
35056
35057
35058
35059
35060
35061
35067
35072
35074
35075
35076
35078
35080
35081
35082
35085
35087
35088
35091
35092
35093
35094
35095
35097
35098
35100
35101
35102
35105
35106
35107
35109
35112
35113
35118
35119
35120
35123
35125
35126
35130
35131
35132
35134
35136
35137
35139
35140
35141
35142
35143
35144
35148
35149
35150
35152
35154
35155
35159
35160
35163
35164
35166
35167
35168
35170
35172
35173
35174
35175
35177
35179
35182
35185
35186
35187
35188
35189
35190
35191
35193
35195
35197
35198
35199
35201
35202
35203
35204
35207
35208
35209
35210
35214
35217
35219
35220
35222
35223
35224
35225
35228
35229
35233
35234
35235
35237
35238
35239
35241
35243
35244
35246
35250
35251
35254
35255
35257
35259
35261
35262
35264
35271
35272
35273
35276
35277
35280
35281
35282
35283
35284
35288
35289
35292
35296
35298
35299
35300
35302
35306
35311
35312
35313
35316
35317
35320
35322
35324
35325
35326
35327
35329
35331
35332
35334
35336
35337
35338
35339
35341
35342
35343
35345
35346
35351
35355
35356
35357
35358
35359
35360
35361
35362
35363
35365
35366
35368
35371
35372
35374
35375
35378
35380
35381
35383
35387
35390
35394
35401
35402
35403
35405
35406
35408
35411
35414
35416
35418
35420
35421
35422
35423
35424
35425
35426
35432
35433
35436
35442
35443
35444
35446
35448
35449
35452
35453
35454
35455
35456
35457
35458
35459
35461
35462
35463
35465
35466
35467
35468
35471
35474
35475
35476
35477
35479
35481
35485
35486
35488
35490
35491
35493
35494
35495
35497
35498
35500
35501
35504
35505
35506
35507
35510
35512
35513
35514
35515
35516
35517
35519
35520
35522
35523
35524
35525
35528
35530
35531
35532
35533
35534
35536
35538
35539
35541
35542
35544
35545
35546
35547
35548
35551
35554
35556
35557
35558
35562
35564
35567
35568
35570
35571
35572
35576
35582
35583
35587
35588
35589
35590
35591
35593
35594
35597
35599
35600
35602
35603
35604
35605
35608
35609
35612
35614
35616
35617
35619
35620
35621
35622
35624
35625
35626
35633
35634
35635
35636
35637
35638
35639
35640
35642
35643
35644
35645
35649
35650
35652
35653
35654
35656
35658
35663
35664
35667
35670
35671
35672
35673
35674
35677
35678
35685
35686
35688
35689
35694
35695
35697
35698
35699
35700
35701
35702
35706
35710
35711
35712
35715
35716
35717
35718
35720
35722
35723
35724
35725
35727
35728
35729
35731
35732
35733
35734
35735
35736
35737
35738
35739
35740
35741
35742
35745
35747
35750
35752
35754
35755
35757
35759
35761
35763
35764
35766
35767
35768
35769
35770
35771
35772
35774
35775
35778
35779
35788
35789
35790
35791
35792
35793
35794
35796
35798
35799
35800
35801
35803
35806
35807
35809
35810
35811
35815
35817
35819
35821
35822
35825
35826
35829
35830
35831
35836
35837
35839
35840
35841
35842
35844
35845
35847
35848
35850
35851
35852
35858
35859
35863
35865
35868
35869
35870
35871
35872
35873
35874
35876
35877
35878
35880
35881
35882
35883
35884
35885
35886
35887
35888
35890
35891
35892
35893
35896
35897
35901
35904
35907
35909
35910
35911
35913
35915
35916
35917
35919
35921
35922
35923
35924
35925
35926
35927
35929
35931
35932
35934
35935
35936
35937
35938
35939
35941
35943
35944
35945
35948
35950
35953
35958
35959
35960
35961
35963
35965
35967
35968
35969
35970
35971
35974
35975
35978
35979
35983
35984
35986
35989
35990
35991
35992
35994
35997
35998
35999
36001
36002
36004
36007
36009
36010
36011
36012
36014
36017
36018
36020
36023
36024
36026
36027
36028
36032
36033
36039
36042
36044
36045
36046
36049
36050
36051
36052
36054
36055
36056
36059
36064
36065
36068
36069
36070
36071
36075
36076
36078
36079
36080
36081
36084
36085
36087
36088
36089
36090
36091
36092
36093
36095
36096
36097
36100
36102
36103
36108
36109
36110
36112
36113
36115
36120
36122
36126
36127
36129
36131
36132
36133
36134
36137
36139
36140
36141
36143
36144
36145
36147
36148
36149
36150
36152
36153
36154
36156
36157
36158
36162
36163
36164
36167
36168
36170
36175
36176
36179
36181
36182
36183
36185
36187
36188
36189
36191
36192
36193
36198
36200
36205
36207
36208
36210
36211
36212
36213
36216
36218
36219
36220
36221
36223
36224
36226
36228
36229
36231
36232
36233
36235
36239
36244
36245
36250
36251
36252
36253
36256
36257
36258
36259
36260
36261
36263
36269
36271
36272
36273
36274
36275
36277
36278
36279
36283
36284
36286
36288
36289
36290
36291
36292
36295
36296
36299
36300
36302
36303
36304
36306
36307
36308
36310
36312
36313
36314
36317
36318
36319
36320
36321
36324
36325
36328
36329
36330
36331
36332
36334
36336
36338
36339
36341
36342
36346
36348
36352
36353
36354
36356
36358
36359
36361
36363
36364
36365
36366
36367
36370
36372
36377
36378
36379
36380
36381
36382
36383
36386
36387
36388
36390
36391
36398
36400
36401
36403
36405
36408
36409
36412
36414
36416
36417
36418
36419
36420
36421
36423
36426
36434
36435
36436
36437
36439
36442
36445
36446
36448
36450
36452
36457
36459
36460
36461
36462
36463
36466
36467
36468
36469
36472
36473
36475
36477
36478
36479
36480
36481
36482
36485
36487
36488
36489
36490
36491
36492
36495
36497
36498
36503
36506
36507
36510
36513
36514
36515
36516
36517
36518
36520
36523
36524
36527
36529
36530
36531
36534
36537
36540
36541
36543
36544
36545
36547
36549
36550
36551
36554
36555
36556
36558
36560
36561
36563
36564
36565
36566
36568
36570
36571
36575
36579
36580
36582
36584
36585
36586
36588
36590
36592
36593
36595
36597
36599
36600
36602
36604
36605
36608
36609
36613
36614
36615
36616
36617
36618
36619
36620
36621
36623
36624
36626
36628
36630
36632
36633
36634
36636
36637
36638
36640
36644
36646
36647
36650
36651
36654
36655
36657
36660
36665
36667
36670
36673
36674
36676
36678
36680
36682
36683
36684
36685
36686
36687
36688
36690
36692
36693
36694
36695
36696
36698
36699
36700
36703
36704
36707
36714
36715
36719
36720
36721
36722
36727
36728
36729
36731
36732
36733
36734
36735
36736
36737
36739
36741
36742
36743
36744
36747
36748
36751
36757
36758
36759
36762
36763
36764
36766
36767
36769
36770
36771
36774
36775
36777
36778
36779
36780
36781
36783
36784
36785
36786
36790
36791
36792
36795
36796
36797
36799
36800
36802
36803
36804
36806
36808
36809
36810
36811
36812
36813
36814
36817
36820
36821
36830
36833
36835
36840
36841
36842
36843
36844
36845
36846
36850
36851
36852
36855
36856
36857
36860
36862
36863
36865
36866
36869
36870
36871
36872
36873
36874
36876
36877
36878
36879
36881
36883
36884
36885
36886
36889
36890
36891
36893
36894
36897
36898
36900
36902
36903
36908
36910
36911
36912
36913
36916
36918
36919
36920
36921
36926
36928
36929
36932
36933
36935
36937
36941
36942
36946
36947
36948
36949
36953
36954
36956
36958
36959
36963
36964
36965
36969
36971
36972
36974
36976
36977
36978
36979
36980
36983
36984
36986
36989
36993
36996
36998
37001
37002
37005
37006
37008
37009
37010
37011
37012
37013
37017
37018
37019
37023
37024
37026
37027
37028
37029
37033
37035
37036
37038
37042
37043
37048
37049
37050
37051
37052
37053
37054
37055
37057
37058
37059
37060
37062
37064
37065
37066
37067
37070
37073
37075
37076
37077
37078
37079
37080
37082
37083
37085
37087
37090
37092
37093
37099
37101
37102
37103
37104
37105
37106
37112
37113
37116
37117
37119
37122
37126
37127
37129
37135
37136
37137
37140
37141
37142
37143
37145
37146
37148
37149
37150
37151
37153
37154
37155
37157
37159
37162
37163
37166
37167
37168
37169
37170
37174
37176
37177
37178
37185
37186
37190
37191
37192
37193
37194
37197
37198
37199
37200
37201
37202
37203
37209
37212
37214
37216
37217
37218
37219
37220
37221
37222
37223
37225
37226
37227
37229
37232
37233
37235
37236
37237
37238
37240
37242
37244
37247
37250
37251
37253
37254
37257
37259
37260
37262
37265
37266
37273
37274
37276
37281
37282
37285
37286
37287
37289
37290
37291
37292
37293
37294
37296
37298
37299
37300
37301
37302
37305
37306
37307
37310
37313
37315
37316
37317
37320
37321
37322
37328
37331
37332
37334
37335
37336
37337
37338
37342
37343
37344
37345
37347
37348
37350
37354
37356
37357
37359
37360
37365
37366
37367
37368
37371
37372
37378
37382
37385
37386
37389
37391
37393
37394
37400
37401
37403
37404
37405
37406
37412
37417
37421
37422
37428
37431
37433
37435
37442
37443
37444
37445
37446
37447
37448
37449
37451
37452
37456
37457
37459
37461
37462
37465
37468
37469
37470
37471
37473
37474
37475
37476
37481
37482
37483
37485
37486
37487
37488
37491
37492
37496
37497
37498
37499
37500
37501
37502
37504
37505
37507
37509
37512
37513
37514
37515
37517
37519
37523
37525
37527
37531
37532
37533
37535
37536
37538
37539
37540
37543
37545
37549
37550
37551
37555
37557
37562
37563
37564
37565
37568
37569
37570
37571
37573
37576
37577
37578
37579
37582
37584
37585
37586
37587
37589
37590
37596
37598
37603
37604
37606
37608
37609
37610
37612
37614
37617
37619
37620
37622
37626
37628
37629
37630
37631
37632
37633
37635
37639
37640
37641
37644
37646
37647
37649
37652
37654
37655
37662
37663
37664
37665
37666
37667
37670
37671
37674
37675
37677
37679
37680
37683
37684
37685
37686
37687
37688
37689
37694
37695
37698
37699
37702
37704
37707
37708
37709
37714
37721
37722
37725
37728
37729
37732
37733
37734
37736
37737
37739
37741
37742
37743
37744
37746
37747
37748
37749
37750
37751
37753
37755
37756
37758
37760
37762
37763
37764
37765
37767
37768
37769
37770
37771
37779
37780
37781
37783
37789
37791
37792
37795
37796
37800
37802
37803
37804
37805
37806
37807
37808
37810
37811
37812
37815
37817
37818
37820
37822
37824
37825
37828
37831
37832
37833
37835
37836
37837
37838
37842
37843
37844
37845
37846
37847
37849
37850
37851
37853
37854
37855
37856
37857
37860
37861
37863
37865
37872
37874
37876
37877
37878
37883
37884
37885
37887
37888
37894
37895
37897
37899
37900
37901
37903
37904
37905
37907
37909
37910
37912
37914
37917
37918
37919
37920
37921
37922
37923
37924
37925
37926
37930
37931
37932
37933
37935
37936
37937
37938
37939
37942
37945
37946
37947
37951
37955
37957
37958
37960
37962
37963
37967
37968
37970
37972
37973
37974
37975
37976
37977
37980
37982
37983
37987
37989
37990
37994
37995
37996
37997
37999
38001
38003
38005
38007
38009
38010
38011
38012
38013
38016
38018
38020
38022
38023
38024
38026
38029
38030
38032
38034
38036
38037
38038
38041
38042
38043
38044
38053
38054
38056
38057
38058
38059
38060
38063
38065
38070
38071
38072
38073
38079
38080
38081
38082
38083
38084
38086
38087
38088
38089
38090
38093
38094
38095
38096
38097
38098
38100
38101
38103
38104
38105
38106
38107
38108
38111
38116
38117
38118
38119
38121
38124
38125
38128
38129
38130
38132
38134
38135
38136
38137
38139
38143
38144
38145
38146
38149
38152
38153
38157
38160
38161
38163
38167
38173
38175
38176
38177
38181
38182
38183
38185
38186
38188
38189
38192
38195
38198
38199
38200
38201
38202
38204
38205
38206
38207
38208
38209
38211
38214
38215
38217
38220
38222
38224
38225
38226
38228
38229
38231
38237
38238
38239
38240
38242
38243
38248
38249
38251
38252
38254
38256
38257
38261
38262
38264
38265
38267
38269
38275
38276
38278
38279
38280
38282
38284
38287
38288
38289
38290
38292
38293
38295
38296
38298
38299
38300
38301
38302
38303
38308
38309
38314
38315
38316
38318
38320
38321
38329
38330
38333
38334
38339
38341
38344
38345
38346
38347
38348
38349
38350
38356
38358
38359
38360
38361
38362
38367
38369
38371
38373
38380
38381
38382
38383
38384
38385
38386
38389
38390
38391
38392
38394
38396
38397
38399
38400
38401
38402
38403
38405
38406
38407
38409
38410
38411
38412
38416
38419
38422
38423
38426
38428
38430
38432
38433
38434
38435
38436
38437
38438
38439
38444
38449
38451
38453
38456
38460
38462
38463
38467
38470
38472
38474
38475
38479
38480
38481
38482
38483
38486
38491
38495
38496
38498
38502
38503
38507
38508
38509
38513
38514
38515
38517
38520
38521
38522
38523
38529
38530
38531
38535
38536
38540
38541
38543
38545
38546
38549
38550
38551
38553
38556
38557
38558
38561
38562
38563
38564
38566
38568
38573
38574
38580
38583
38586
38587
38589
38590
38592
38595
38597
38605
38606
38608
38609
38612
38614
38615
38616
38617
38618
38619
38620
38621
38622
38625
38632
38633
38634
38636
38640
38643
38644
38645
38646
38647
38648
38649
38650
38651
38657
38662
38663
38664
38665
38666
38667
38668
38669
38670
38671
38672
38677
38679
38684
38685
38686
38688
38689
38692
38694
38696
38698
38700
38702
38704
38706
38710
38712
38714
38716
38722
38723
38727
38728
38731
38732
38733
38734
38736
38737
38738
38747
38749
38753
38754
38757
38758
38760
38761
38762
38764
38766
38768
38770
38771
38773
38776
38778
38779
38782
38785
38787
38789
38790
38791
38794
38795
38796
38797
38798
38799
38802
38803
38804
38808
38810
38813
38815
38818
38819
38821
38823
38825
38826
38827
38830
38831
38832
38833
38839
38841
38842
38844
38847
38848
38850
38851
38852
38854
38855
38856
38857
38859
38860
38861
38862
38863
38864
38865
38866
38868
38870
38873
38874
38876
38877
38880
38882
38883
38884
38885
38888
38889
38891
38893
38896
38897
38899
38901
38902
38906
38907
38908
38910
38913
38914
38915
38916
38920
38921
38923
38925
38930
38932
38934
38936
38937
38943
38944
38947
38950
38951
38952
38955
38956
38957
38959
38961
38962
38963
38965
38968
38970
38971
38972
38973
38974
38975
38976
38977
38981
38982
38983
38984
38985
38988
38989
38993
38996
38997
38998
38999
39002
39003
39005
39006
39007
39008
39011
39012
39013
39015
39016
39017
39018
39019
39021
39025
39026
39028
39029
39030
39031
39032
39033
39035
39039
39040
39041
39043
39045
39047
39049
39051
39052
39056
39057
39058
39059
39060
39062
39063
39065
39066
39067
39068
39070
39072
39075
39084
39087
39091
39096
39098
39099
39102
39106
39107
39108
39110
39111
39113
39114
39115
39116
39117
39118
39119
39120
39121
39122
39125
39126
39127
39128
39129
39130
39131
39132
39133
39134
39135
39136
39138
39139
39140
39141
39142
39143
39144
39145
39147
39149
39151
39155
39158
39160
39161
39164
39169
39170
39171
39175
39176
39181
39184
39185
39187
39188
39190
39192
39193
39194
39195
39196
39197
39198
39199
39200
39203
39204
39205
39206
39207
39209
39211
39212
39213
39214
39218
39219
39220
39221
39222
39224
39225
39226
39227
39229
39231
39233
39234
39235
39236
39238
39239
39240
39242
39243
39246
39247
39248
39251
39252
39254
39258
39259
39260
39262
39263
39264
39266
39269
39272
39274
39276
39277
39292
39294
39297
39298
39299
39300
39301
39303
39304
39306
39307
39310
39311
39313
39315
39316
39317
39318
39319
39321
39323
39324
39326
39327
39328
39332
39333
39334
39336
39337
39338
39340
39341
39348
39350
39352
39354
39356
39357
39358
39359
39360
39366
39367
39368
39372
39373
39377
39379
39383
39388
39390
39391
39394
39395
39397
39399
39400
39402
39407
39410
39411
39413
39415
39417
39419
39420
39421
39422
39423
39424
39426
39427
39428
39429
39430
39431
39435
39438
39439
39440
39441
39442
39444
39445
39446
39449
39450
39451
39455
39456
39457
39460
39462
39464
39465
39467
39471
39472
39473
39474
39477
39478
39481
39482
39484
39485
39488
39489
39491
39492
39493
39494
39495
39500
39501
39502
39503
39504
39505
39507
39508
39510
39511
39512
39513
39514
39515
39516
39517
39518
39520
39523
39525
39527
39529
39530
39531
39535
39536
39537
39538
39541
39542
39544
39547
39548
39549
39550
39551
39553
39555
39557
39559
39563
39564
39565
39566
39567
39570
39574
39575
39577
39578
39579
39580
39582
39583
39585
39586
39590
39591
39592
39594
39597
39599
39600
39603
39604
39605
39607
39610
39611
39612
39613
39614
39615
39616
39617
39618
39620
39622
39623
39624
39626
39627
39630
39633
39635
39636
39639
39642
39643
39644
39645
39646
39647
39648
39650
39653
39654
39655
39657
39658
39659
39662
39663
39664
39666
39671
39673
39674
39676
39677
39679
39681
39685
39686
39687
39689
39691
39692
39694
39696
39698
39702
39703
39704
39705
39706
39712
39714
39716
39717
39718
39720
39724
39726
39727
39729
39730
39733
39738
39739
39740
39741
39742
39743
39744
39745
39747
39749
39750
39751
39752
39753
39754
39755
39757
39758
39759
39762
39763
39764
39766
39767
39770
39771
39772
39776
39777
39779
39781
39782
39783
39784
39787
39788
39789
39790
39791
39792
39795
39796
39797
39799
39801
39803
39805
39806
39811
39812
39813
39816
39817
39820
39821
39822
39823
39824
39825
39826
39827
39829
39830
39831
39833
39834
39836
39837
39839
39842
39843
39844
39846
39847
39849
39850
39851
39852
39853
39854
39855
39857
39858
39859
39860
39861
39862
39865
39867
39872
39875
39876
39878
39880
39887
39888
39890
39891
39892
39893
39895
39896
39897
39898
39902
39903
39905
39908
39911
39915
39916
39919
39923
39926
39927
39928
39929
39931
39934
39935
39937
39939
39942
39943
39944
39945
39948
39950
39951
39953
39954
39957
39958
39960
39961
39962
39964
39967
39970
39971
39972
39973
39975
39976
39977
39978
39979
39980
39982
39983
39984
39985
39986
39987
39993
39994
39997
39998
40004
40011
40012
40014
40016
40020
40025
40026
40028
40029
40032
40033
40034
40037
40038
40039
40040
40041
40044
40046
40047
40048
40049
40050
40053
40062
40063
40064
40065
40066
40070
40071
40073
40075
40079
40080
40083
40084
40087
40088
40089
40090
40096
40100
40101
40107
40108
40110
40111
40115
40116
40118
40119
40122
40123
40127
40128
40129
40132
40133
40134
40135
40136
40138
40143
40144
40145
40146
40147
40149
40151
40152
40156
40157
40158
40160
40161
40164
40166
40167
40168
40170
40171
40173
40174
40175
40177
40181
40183
40186
40189
40192
40193
40195
40200
40201
40204
40206
40207
40212
40213
40215
40216
40219
40220
40224
40225
40226
40227
40228
40229
40232
40233
40235
40237
40239
40240
40241
40243
40246
40247
40248
40249
40250
40251
40252
40256
40258
40263
40264
40266
40267
40268
40271
40274
40275
40278
40281
40282
40283
40285
40286
40289
40290
40292
40293
40294
40297
40300
40301
40302
40303
40305
40307
40308
40311
40312
40314
40317
40324
40327
40332
40333
40336
40339
40340
40341
40342
40343
40344
40345
40346
40347
40348
40349
40350
40352
40353
40354
40355
40356
40357
40358
40360
40361
40362
40366
40367
40368
40369
40370
40373
40374
40376
40378
40380
40382
40384
40385
40386
40388
40391
40392
40397
40398
40401
40404
40408
40409
40410
40411
40414
40417
40420
40423
40425
40427
40428
40429
40430
40431
40433
40434
40435
40437
40439
40441
40443
40444
40447
40450
40451
40452
40454
40455
40456
40458
40463
40465
40467
40469
40470
40473
40475
40476
40477
40478
40479
40480
40482
40484
40485
40486
40488
40489
40491
40492
40494
40499
40500
40501
40502
40504
40505
40506
40509
40510
40518
40521
40523
40525
40527
40528
40529
40530
40532
40533
40535
40536
40537
40538
40540
40541
40542
40544
40545
40546
40547
40548
40552
40554
40557
40558
40559
40561
40562
40563
40564
40568
40569
40570
40571
40572
40576
40577
40580
40582
40584
40589
40591
40593
40594
40597
40598
40599
40600
40602
40609
40613
40614
40615
40617
40619
40621
40624
40625
40627
40628
40630
40631
40632
40633
40634
40639
40640
40641
40642
40643
40646
40647
40652
40653
40655
40656
40657
40660
40662
40664
40667
40670
40671
40672
40673
40675
40677
40678
40679
40682
40685
40687
40688
40689
40692
40693
40696
40699
40701
40702
40707
40710
40711
40712
40713
40715
40716
40718
40719
40720
40721
40725
40727
40728
40729
40732
40733
40738
40739
40742
40745
40747
40749
40751
40753
40754
40755
40756
40760
40761
40762
40764
40768
40769
40772
40773
40774
40775
40780
40781
40782
40785
40786
40787
40788
40790
40791
40793
40797
40799
40802
40803
40805
40806
40808
40811
40812
40813
40814
40816
40817
40818
40820
40823
40825
40826
40829
40830
40832
40834
40835
40837
40839
40840
40841
40845
40848
40851
40853
40855
40856
40857
40858
40861
40863
40868
40870
40871
40872
40873
40874
40878
40879
40881
40884
40886
40889
40890
40891
40893
40895
40896
40897
40900
40901
40905
40908
40909
40912
40913
40914
40916
40917
40918
40919
40920
40922
40926
40929
40932
40933
40934
40935
40937
40940
40942
40944
40947
40948
40949
40950
40951
40952
40953
40954
40957
40961
40963
40964
40966
40967
40968
40969
40970
40971
40972
40973
40983
40984
40985
40986
40987
40988
40993
40995
40999
41000
41001
41004
41005
41006
41008
41010
41011
41012
41013
41014
41015
41016
41018
41019
41020
41021
41022
41027
41029
41031
41032
41033
41036
41039
41040
41042
41043
41049
41050
41052
41053
41054
41057
41058
41061
41064
41065
41066
41068
41069
41075
41076
41077
41078
41080
41081
41082
41085
41087
41090
41091
41095
41096
41097
41099
41100
41101
41105
41110
41111
41113
41115
41117
41118
41119
41122
41126
41127
41129
41131
41132
41133
41134
41136
41138
41139
41140
41141
41142
41144
41146
41147
41148
41150
41151
41152
41153
41154
41155
41156
41158
41159
41160
41161
41163
41164
41165
41166
41167
41169
41170
41171
41173
41175
41177
41178
41182
41183
41184
41185
41186
41187
41188
41192
41193
41196
41197
41198
41200
41201
41204
41205
41206
41208
41209
41211
41212
41217
41218
41221
41222
41223
41224
41227
41228
41230
41231
41232
41233
41234
41239
41242
41243
41244
41246
41247
41248
41249
41250
41251
41255
41256
41257
41258
41259
41260
41262
41263
41265
41268
41269
41270
41271
41272
41273
41274
41275
41276
41278
41283
41285
41289
41290
41291
41292
41295
41297
41298
41300
41304
41305
41306
41307
41309
41313
41318
41324
41325
41328
41329
41331
41333
41334
41335
41336
41339
41340
41341
41343
41345
41349
41353
41354
41355
41358
41359
41360
41361
41363
41364
41365
41366
41368
41371
41375
41378
41381
41382
41384
41385
41386
41388
41391
41392
41396
41397
41400
41402
41404
41407
41414
41416
41417
41418
41423
41424
41427
41430
41433
41434
41439
41443
41446
41448
41450
41452
41453
41455
41457
41459
41461
41462
41463
41467
41468
41469
41471
41474
41475
41476
41478
41479
41484
41491
41495
41496
41497
41499
41500
41501
41502
41504
41505
41507
41508
41510
41511
41512
41513
41514
41515
41516
41517
41518
41520
41521
41525
41526
41528
41530
41531
41533
41535
41536
41537
41538
41539
41542
41543
41544
41545
41546
41547
41548
41549
41550
41551
41552
41553
41554
41555
41557
41561
41562
41563
41564
41565
41566
41567
41568
41569
41570
41572
41574
41581
41583
41584
41586
41589
41591
41594
41596
41599
41600
41602
41605
41606
41608
41609
41611
41613
41617
41622
41623
41624
41625
41626
41629
41630
41633
41634
41635
41636
41637
41638
41640
41641
41642
41643
41645
41646
41647
41650
41653
41655
41658
41659
41660
41662
41663
41664
41665
41666
41668
41669
41670
41671
41673
41674
41675
41676
41678
41679
41680
41683
41684
41688
41689
41691
41692
41696
41697
41698
41699
41700
41701
41702
41703
41706
41707
41710
41712
41713
41714
41716
41717
41722
41724
41727
41728
41729
41730
41732
41733
41735
41736
41737
41738
41741
41749
41752
41753
41754
41755
41756
41757
41759
41763
41764
41767
41772
41774
41776
41778
41779
41780
41781
41783
41784
41786
41787
41788
41789
41790
41791
41792
41795
41796
41800
41801
41802
41803
41804
41809
41810
41812
41813
41814
41820
41822
41823
41827
41829
41831
41835
41836
41839
41840
41844
41846
41847
41850
41851
41852
41854
41855
41856
41857
41858
41862
41863
41864
41867
41868
41872
41874
41876
41878
41879
41880
41883
41889
41890
41893
41896
41897
41898
41899
41903
41904
41906
41907
41908
41909
41913
41915
41916
41919
41921
41922
41925
41926
41928
41930
41931
41932
41933
41934
41935
41936
41939
41940
41942
41943
41947
41952
41954
41956
41957
41959
41961
41962
41963
41964
41965
41966
41967
41968
41973
41974
41975
41977
41978
41979
41981
41983
41985
41986
41990
41991
41994
41995
41998
42000
42001
42003
42004
42005
42007
42008
42009
42011
42014
42016
42018
42019
42024
42026
42027
42028
42029
42032
42033
42037
42039
42041
42042
42044
42046
42047
42048
42050
42051
42053
42054
42056
42057
42058
42060
42061
42067
42070
42071
42072
42073
42074
42076
42078
42079
42080
42086
42087
42088
42089
42091
42092
42093
42095
42097
42098
42099
42102
42103
42104
42108
42109
42110
42112
42115
42117
42118
42119
42120
42122
42125
42126
42127
42128
42131
42135
42138
42139
42140
42141
42143
42144
42145
42146
42149
42151
42152
42153
42155
42157
42158
42159
42162
42164
42166
42167
42169
42170
42171
42172
42176
42178
42179
42180
42182
42183
42185
42189
42190
42191
42195
42196
42197
42199
42203
42204
42206
42208
42210
42212
42219
42220
42222
42228
42230
42233
42234
42237
42240
42243
42244
42246
42249
42250
42251
42254
42256
42257
42258
42259
42261
42262
42263
42264
42265
42267
42269
42270
42274
42276
42281
42282
42286
42287
42290
42292
42294
42295
42296
42297
42300
42301
42302
42303
42304
42307
42308
42310
42311
42312
42314
42315
42316
42317
42318
42320
42323
42324
42325
42326
42327
42328
42331
42333
42335
42336
42337
42340
42342
42344
42345
42346
42348
42349
42351
42352
42353
42356
42357
42358
42359
42360
42363
42365
42366
42368
42369
42370
42371
42373
42374
42377
42378
42381
42383
42384
42385
42386
42387
42391
42392
42395
42397
42401
42403
42404
42405
42406
42407
42411
42412
42413
42417
42418
42419
42420
42422
42423
42426
42428
42431
42432
42434
42435
42436
42441
42442
42443
42444
42448
42449
42450
42451
42452
42453
42455
42458
42459
42461
42462
42464
42465
42466
42467
42468
42470
42473
42474
42475
42477
42478
42479
42480
42481
42482
42483
42484
42485
42486
42488
42493
42496
42498
42499
42500
42502
42506
42507
42508
42511
42513
42516
42519
42521
42524
42525
42526
42527
42528
42529
42531
42532
42533
42534
42535
42536
42541
42543
42547
42549
42553
42555
42558
42559
42562
42563
42565
42568
42570
42571
42572
42573
42581
42583
42584
42590
42599
42604
42606
42607
42608
42610
42611
42612
42613
42618
42619
42622
42624
42628
42629
42630
42631
42632
42633
42634
42636
42637
42641
42642
42644
42649
42650
42653
42655
42665
42666
42667
42669
42672
42673
42674
42675
42677
42678
42680
42684
42691
42693
42696
42697
42699
42700
42701
42704
42705
42706
42709
42710
42711
42714
42715
42717
42718
42719
42721
42723
42724
42725
42726
42727
42730
42734
42735
42741
42744
42745
42746
42747
42748
42749
42750
42752
42753
42754
42756
42759
42762
42765
42766
42767
42769
42770
42774
42775
42777
42778
42780
42782
42784
42785
42786
42787
42789
42791
42793
42794
42797
42798
42799
42800
42801
42804
42807
42808
42809
42812
42813
42815
42820
42822
42824
42825
42826
42828
42832
42833
42834
42835
42837
42842
42844
42846
42847
42849
42851
42853
42854
42861
42862
42863
42864
42867
42868
42871
42872
42873
42874
42875
42877
42881
42883
42884
42886
42887
42889
42891
42895
42896
42898
42900
42901
42902
42903
42904
42905
42907
42912
42916
42918
42919
42923
42924
42925
42927
42930
42933
42934
42936
42937
42940
42941
42942
42943
42945
42946
42948
42949
42953
42955
42956
42957
42959
42960
42962
42964
42966
42967
42968
42969
42970
42972
42974
42975
42976
42978
42980
42981
42983
42985
42986
42988
42991
42992
42994
42995
42999
43000
43001
43005
43008
43009
43011
43014
43015
43017
43018
43019
43021
43022
43027
43028
43029
43030
43033
43034
43036
43038
43041
43042
43043
43045
43046
43050
43051
43054
43057
43058
43060
43062
43063
43064
43066
43067
43069
43070
43072
43073
43074
43075
43080
43081
43082
43085
43086
43088
43089
43091
43092
43094
43096
43098
43099
43102
43104
43110
43111
43113
43114
43115
43117
43119
43124
43126
43127
43129
43133
43134
43135
43136
43137
43140
43141
43142
43144
43145
43149
43152
43155
43158
43159
43160
43163
43164
43167
43170
43171
43174
43177
43178
43181
43183
43184
43185
43187
43190
43191
43192
43193
43194
43195
43196
43197
43205
43206
43211
43214
43216
43217
43218
43220
43221
43222
43223
43224
43225
43230
43232
43236
43241
43242
43244
43246
43247
43248
43250
43253
43254
43255
43256
43257
43260
43261
43265
43267
43269
43271
43274
43281
43282
43283
43284
43285
43287
43288
43289
43291
43293
43294
43298
43299
43301
43303
43304
43307
43309
43310
43311
43312
43313
43315
43316
43317
43319
43322
43325
43328
43330
43332
43334
43335
43336
43338
43341
43343
43344
43345
43349
43354
43356
43357
43361
43362
43363
43364
43365
43367
43369
43370
43371
43372
43373
43374
43376
43377
43378
43379
43382
43385
43386
43388
43389
43395
43396
43397
43398
43399
43400
43401
43405
43406
43407
43408
43410
43413
43415
43420
43421
43422
43423
43428
43429
43431
43432
43433
43434
43437
43438
43439
43440
43441
43442
43444
43446
43447
43448
43449
43450
43451
43453
43454
43456
43457
43459
43460
43461
43466
43468
43469
43471
43472
43474
43477
43478
43479
43481
43482
43483
43485
43488
43489
43490
43492
43493
43494
43495
43496
43498
43501
43503
43504
43506
43507
43510
43512
43515
43517
43520
43521
43523
43529
43530
43532
43533
43534
43535
43536
43537
43541
43542
43555
43556
43558
43559
43562
43563
43565
43567
43568
43570
43571
43574
43576
43578
43580
43581
43583
43584
43587
43592
43595
43600
43601
43602
43603
43605
43606
43609
43610
43611
43614
43617
43618
43619
43620
43621
43623
43626
43636
43637
43638
43639
43640
43643
43648
43649
43651
43655
43659
43661
43663
43665
43666
43669
43671
43672
43674
43676
43682
43683
43686
43687
43688
43690
43691
43693
43694
43695
43696
43697
43701
43703
43705
43707
43709
43710
43714
43715
43718
43720
43722
43723
43725
43728
43729
43732
43733
43736
43737
43739
43740
43741
43743
43744
43745
43746
43748
43749
43751
43752
43753
43755
43756
43757
43759
43761
43763
43765
43766
43767
43773
43775
43776
43777
43778
43779
43782
43783
43786
43787
43788
43792
43793
43795
43796
43797
43798
43800
43801
43802
43806
43807
43812
43816
43818
43819
43822
43823
43824
43825
43826
43827
43837
43838
43839
43840
43841
43845
43846
43850
43852
43854
43855
43856
43857
43858
43859
43860
43865
43866
43867
43868
43870
43871
43872
43873
43877
43878
43881
43883
43886
43888
43889
43891
43893
43895
43899
43900
43902
43904
43906
43908
43915
43919
43923
43924
43925
43927
43928
43934
43935
43936
43940
43941
43943
43945
43947
43948
43950
43951
43952
43957
43962
43963
43964
43965
43967
43969
43971
43973
43974
43977
43978
43981
43984
43985
43986
43987
43988
43989
43990
43995
43996
43998
43999
44001
44003
44006
44009
44010
44011
44013
44014
44015
44020
44022
44023
44025
44026
44031
44032
44034
44037
44038
44039
44040
44041
44042
44043
44044
44047
44048
44051
44052
44053
44054
44055
44057
44059
44062
44063
44065
44067
44072
44075
44079
44080
44081
44084
44086
44087
44089
44090
44095
44096
44101
44102
44104
44107
44109
44111
44113
44115
44120
44121
44122
44123
44124
44126
44128
44131
44132
44134
44135
44136
44141
44142
44143
44145
44149
44150
44151
44153
44159
44162
44163
44164
44165
44168
44169
44170
44171
44172
44173
44174
44175
44177
44178
44179
44181
44189
44190
44191
44192
44193
44194
44195
44198
44200
44201
44205
44206
44208
44211
44212
44213
44214
44216
44217
44218
44221
44222
44223
44225
44226
44229
44230
44232
44234
44237
44239
44240
44241
44242
44243
44246
44247
44249
44252
44253
44254
44255
44257
44258
44259
44265
44268
44269
44271
44274
44275
44277
44279
44283
44284
44286
44289
44294
44299
44300
44301
44303
44305
44307
44312
44313
44315
44316
44317
44318
44319
44324
44327
44328
44329
44331
44332
44333
44335
44336
44337
44339
44340
44341
44343
44348
44350
44351
44353
44356
44359
44362
44364
44365
44366
44367
44368
44372
44373
44377
44380
44381
44382
44383
44388
44393
44394
44395
44396
44398
44399
44400
44402
44405
44408
44409
44410
44411
44413
44414
44416
44417
44419
44421
44425
44426
44429
44431
44432
44436
44439
44440
44443
44444
44445
44447
44448
44450
44452
44457
44458
44459
44460
44463
44464
44465
44466
44473
44475
44477
44479
44481
44482
44483
44487
44488
44489
44491
44495
44498
44499
44500
44504
44505
44512
44515
44516
44517
44518
44525
44528
44529
44530
44531
44532
44533
44538
44539
44540
44541
44543
44545
44550
44553
44555
44556
44557
44558
44559
44560
44561
44562
44566
44568
44569
44570
44571
44574
44575
44576
44579
44585
44589
44594
44596
44597
44598
44599
44601
44603
44604
44608
44610
44611
44613
44620
44622
44624
44628
44630
44632
44633
44634
44635
44637
44640
44641
44643
44644
44645
44647
44648
44651
44652
44653
44656
44658
44661
44663
44664
44665
44666
44667
44668
44669
44670
44671
44672
44673
44676
44679
44680
44683
44687
44692
44693
44694
44696
44697
44699
44700
44703
44706
44708
44715
44716
44719
44720
44721
44722
44723
44728
44731
44733
44734
44736
44737
44738
44741
44742
44745
44746
44747
44749
44751
44752
44754
44755
44758
44761
44764
44766
44767
44770
44771
44772
44773
44776
44778
44779
44780
44781
44782
44784
44786
44787
44791
44793
44795
44798
44800
44802
44804
44806
44813
44814
44816
44817
44818
44820
44821
44822
44823
44824
44828
44831
44833
44838
44839
44842
44843
44846
44847
44848
44851
44853
44854
44856
44857
44860
44861
44864
44865
44866
44868
44870
44871
44873
44874
44875
44877
44878
44880
44883
44888
44893
44894
44896
44899
44900
44901
44903
44905
44909
44911
44912
44913
44917
44918
44921
44925
44926
44932
44935
44936
44937
44938
44941
44942
44943
44947
44949
44954
44955
44959
44960
44962
44963
44964
44966
44969
44970
44971
44972
44974
44979
44980
44981
44982
44983
44985
44989
44990
44993
45001
45002
45004
45005
45006
45008
45009
45012
45013
45016
45018
45022
45023
45024
45025
45026
45028
45030
45032
45033
45034
45035
45039
45040
45041
45044
45046
45051
45052
45053
45054
45055
45057
45058
45059
45063
45064
45065
45068
45070
45071
45073
45074
45075
45078
45079
45080
45083
45086
45088
45089
45090
45092
45093
45095
45097
45099
45102
45104
45105
45106
45112
45114
45116
45119
45120
45122
45123
45124
45125
45127
45128
45129
45131
45132
45133
45135
45140
45141
45143
45147
45148
45149
45150
45152
45154
45157
45158
45161
45164
45169
45175
45178
45179
45180
45182
45183
45184
45186
45190
45191
45192
45193
45195
45197
45198
45199
45202
45205
45209
45211
45212
45213
45215
45216
45217
45219
45220
45222
45224
45226
45227
45228
45229
45230
45232
45233
45234
45238
45239
45240
45243
45245
45247
45248
45249
45251
45253
45258
45263
45265
45266
45267
45269
45270
45271
45272
45274
45275
45276
45277
45279
45280
45284
45287
45290
45292
45293
45295
45297
45299
45300
45301
45302
45305
45306
45308
45309
45311
45312
45313
45315
45316
45317
45318
45319
45320
45321
45322
45323
45324
45325
45326
45327
45328
45330
45332
45333
45338
45339
45341
45342
45344
45345
45346
45348
45349
45351
45356
45358
45359
45362
45367
45368
45369
45373
45374
45375
45376
45378
45380
45385
45386
45390
45393
45394
45396
45398
45400
45401
45405
45407
45409
45410
45411
45412
45413
45414
45416
45421
45425
45426
45427
45430
45432
45435
45436
45439
45440
45441
45442
45445
45450
45452
45455
45456
45457
45460
45461
45462
45463
45465
45466
45467
45468
45469
45474
45476
45477
45478
45479
45480
45483
45486
45491
45494
45498
45501
45502
45503
45504
45506
45511
45513
45514
45516
45517
45518
45519
45522
45523
45524
45525
45527
45529
45531
45533
45534
45535
45537
45540
45545
45546
45548
45551
45554
45555
45556
45557
45559
45560
45566
45568
45569
45574
45575
45576
45578
45579
45584
45585
45586
45587
45588
45593
45595
45597
45598
45600
45602
45607
45614
45615
45616
45618
45619
45621
45622
45623
45625
45626
45627
45629
45630
45632
45633
45634
45635
45636
45640
45641
45646
45650
45651
45652
45655
45656
45658
45659
45662
45665
45669
45670
45675
45677
45679
45683
45685
45686
45687
45688
45689
45690
45691
45692
45695
45696
45697
45698
45702
45703
45705
45707
45708
45709
45712
45713
45714
45715
45716
45717
45718
45720
45723
45727
45730
45731
45732
45735
45736
45738
45739
45740
45742
45743
45745
45746
45752
45756
45759
45760
45762
45766
45767
45768
45769
45770
45772
45774
45775
45776
45777
45778
45779
45781
45783
45787
45788
45790
45792
45794
45796
45805
45807
45808
45812
45813
45815
45816
45822
45823
45827
45831
45833
45834
45838
45840
45841
45842
45845
45847
45848
45849
45854
45855
45856
45858
45859
45860
45861
45862
45863
45864
45866
45867
45868
45869
45870
45875
45878
45879
45881
45883
45886
45888
45889
45890
45893
45895
45897
45898
45899
45901
45903
45904
45906
45909
45911
45912
45913
45914
45916
45918
45920
45922
45923
45924
45925
45928
45930
45931
45932
45933
45936
45937
45939
45940
45943
45944
45950
45952
45954
45956
45957
45959
45962
45965
45968
45969
45970
45972
45973
45974
45975
45976
45977
45979
45980
45981
45983
45984
45985
45986
45987
45989
45992
45993
45994
45995
45996
45997
45999
46001
46003
46006
46007
46008
46009
46011
46013
46015
46016
46017
46018
46022
46023
46024
46025
46026
46027
46028
46031
46033
46035
46037
46038
46039
46040
46043
46046
46050
46051
46052
46053
46055
46058
46059
46060
46061
46064
46067
46068
46073
46074
46076
46082
46084
46086
46088
46089
46091
46093
46094
46096
46097
46099
46100
46101
46103
46104
46110
46111
46112
46113
46115
46118
46120
46121
46123
46124
46125
46127
46128
46130
46133
46134
46136
46138
46142
46143
46145
46146
46148
46149
46150
46151
46154
46157
46158
46160
46162
46163
46164
46165
46166
46170
46171
46172
46174
46175
46178
46181
46182
46183
46184
46186
46189
46192
46193
46194
46195
46197
46199
46201
46202
46203
46204
46205
46206
46207
46209
46210
46213
46215
46217
46219
46221
46222
46224
46226
46228
46231
46234
46236
46238
46239
46240
46242
46245
46250
46251
46253
46254
46255
46257
46260
46261
46264
46265
46266
46269
46272
46273
46276
46280
46282
46283
46284
46285
46286
46287
46289
46290
46291
46293
46295
46299
46300
46302
46303
46306
46310
46311
46314
46315
46317
46319
46323
46325
46328
46333
46338
46339
46342
46343
46344
46345
46346
46352
46353
46355
46356
46357
46358
46360
46361
46362
46363
46367
46368
46370
46372
46373
46374
46377
46379
46384
46385
46388
46389
46393
46396
46398
46399
46402
46403
46407
46410
46411
46413
46414
46415
46418
46419
46420
46423
46424
46426
46427
46429
46434
46435
46436
46437
46438
46439
46441
46442
46445
46446
46448
46449
46451
46452
46453
46454
46456
46458
46460
46461
46466
46467
46471
46472
46475
46476
46480
46481
46482
46483
46484
46485
46487
46489
46490
46491
46493
46494
46497
46499
46501
46502
46507
46508
46509
46514
46517
46520
46522
46523
46525
46528
46529
46531
46533
46534
46535
46536
46539
46544
46547
46548
46549
46550
46552
46553
46555
46557
46559
46560
46561
46563
46565
46566
46568
46569
46571
46573
46576
46578
46582
46584
46587
46589
46592
46596
46599
46604
46605
46608
46609
46610
46616
46617
46618
46620
46621
46623
46624
46625
46627
46628
46631
46632
46633
46634
46635
46636
46637
46640
46643
46644
46648
46649
46652
46653
46654
46655
46658
46659
46661
46662
46663
46664
46668
46670
46673
46674
46675
46676
46678
46679
46683
46684
46685
46687
46688
46689
46690
46694
46697
46698
46702
46704
46705
46706
46708
46710
46711
46712
46714
46715
46716
46717
46719
46721
46723
46724
46726
46729
46734
46736
46737
46739
46746
46747
46754
46758
46760
46761
46763
46767
46768
46769
46770
46772
46776
46778
46779
46781
46782
46784
46785
46786
46787
46794
46796
46804
46805
46807
46808
46809
46810
46813
46814
46815
46817
46819
46820
46822
46824
46825
46828
46830
46832
46835
46837
46838
46839
46840
46850
46853
46854
46856
46857
46861
46862
46864
46866
46867
46868
46871
46873
46875
46877
46878
46880
46881
46886
46889
46890
46893
46896
46898
46903
46905
46908
46909
46912
46918
46919
46921
46922
46923
46924
46925
46926
46927
46930
46931
46932
46937
46938
46942
46943
46944
46945
46947
46948
46949
46950
46951
46952
46953
46955
46958
46960
46961
46962
46963
46964
46966
46967
46968
46973
46975
46976
46977
46981
46984
46985
46987
46989
46990
46995
46999
47000
47001
47002
47006
47009
47011
47014
47015
47016
47020
47021
47022
47024
47026
47028
47033
47034
47045
47047
47048
47049
47050
47054
47055
47057
47059
47060
47061
47066
47067
47070
47072
47074
47075
47077
47078
47080
47081
47086
47087
47090
47091
47092
47093
47094
47095
47098
47100
47103
47104
47105
47106
47107
47108
47109
47110
47113
47114
47116
47122
47123
47126
47127
47130
47132
47133
47140
47142
47144
47145
47146
47148
47152
47154
47157
47158
47160
47161
47162
47163
47164
47171
47173
47174
47176
47177
47179
47180
47185
47187
47188
47189
47191
47193
47194
47198
47201
47204
47205
47206
47209
47211
47212
47214
47217
47222
47223
47224
47227
47231
47232
47234
47236
47237
47238
47239
47241
47243
47246
47248
47252
47253
47259
47260
47262
47265
47266
47270
47271
47272
47273
47274
47275
47276
47278
47279
47280
47283
47286
47287
47289
47291
47292
47293
47300
47301
47304
47307
47313
47315
47317
47318
47319
47322
47324
47325
47326
47327
47329
47334
47335
47336
47338
47339
47340
47341
47344
47345
47346
47348
47351
47352
47353
47354
47356
47357
47358
47362
47364
47368
47369
47370
47371
47373
47374
47375
47377
47378
47381
47384
47386
47388
47391
47392
47393
47394
47396
47397
47398
47400
47406
47407
47409
47410
47411
47412
47413
47415
47416
47418
47419
47422
47425
47428
47432
47433
47434
47437
47438
47439
47440
47442
47443
47449
47450
47451
47452
47455
47456
47459
47461
47464
47468
47470
47471
47473
47474
47477
47478
47480
47484
47485
47491
47492
47493
47494
47495
47497
47501
47502
47503
47504
47506
47507
47509
47510
47512
47514
47515
47517
47519
47521
47523
47525
47526
47527
47528
47529
47532
47535
47537
47538
47539
47541
47544
47547
47548
47552
47554
47557
47558
47559
47561
47565
47567
47571
47573
47577
47579
47581
47584
47585
47586
47587
47589
47590
47592
47593
47594
47596
47598
47599
47602
47605
47608
47609
47612
47613
47614
47621
47622
47625
47626
47627
47629
47633
47635
47638
47639
47640
47641
47642
47643
47645
47647
47653
47654
47656
47658
47659
47660
47661
47663
47664
47665
47669
47673
47674
47675
47676
47677
47678
47680
47681
47682
47686
47687
47690
47692
47694
47696
47698
47699
47700
47701
47702
47703
47704
47705
47707
47710
47714
47718
47720
47726
47731
47733
47734
47737
47739
47740
47741
47743
47744
47745
47747
47749
47750
47752
47754
47755
47756
47758
47763
47768
47769
47771
47772
47775
47776
47777
47778
47780
47781
47782
47784
47785
47786
47788
47790
47791
47792
47793
47795
47796
47797
47801
47802
47805
47813
47815
47816
47817
47821
47822
47823
47825
47828
47831
47832
47834
47835
47836
47837
47842
47843
47849
47851
47852
47854
47855
47860
47863
47866
47868
47869
47870
47872
47873
47874
47875
47876
47879
47881
47882
47886
47888
47891
47893
47895
47897
47898
47901
47904
47906
47909
47910
47912
47913
47914
47915
47916
47917
47921
47927
47928
47929
47930
47932
47936
47937
47941
47943
47944
47946
47952
47954
47955
47956
47957
47958
47960
47961
47962
47965
47966
47967
47970
47973
47976
47977
47978
47979
47981
47983
47986
47987
47993
47994
47995
48000
48001
48002
48003
48005
48008
48009
48014
48015
48017
48018
48019
48022
48023
48024
48026
48028
48029
48030
48031
48032
48033
48036
48037
48038
48039
48040
48043
48044
48050
48053
48056
48057
48058
48061
48066
48068
48070
48071
48073
48075
48077
48078
48079
48080
48082
48084
48086
48088
48089
48095
48098
48099
48102
48107
48109
48110
48112
48113
48114
48115
48116
48117
48118
48120
48124
48125
48126
48127
48129
48130
48131
48133
48138
48140
48142
48144
48147
48148
48149
48150
48151
48153
48154
48155
48156
48157
48159
48161
48162
48163
48164
48166
48169
48171
48172
48175
48176
48177
48179
48180
48183
48187
48188
48189
48193
48196
48198
48203
48204
48209
48210
48211
48212
48213
48217
48219
48220
48223
48224
48228
48230
48231
48232
48233
48234
48236
48237
48241
48244
48245
48248
48253
48254
48257
48260
48261
48262
48264
48267
48269
48270
48271
48274
48277
48281
48283
48285
48286
48288
48289
48293
48295
48297
48298
48299
48302
48303
48306
48308
48309
48311
48313
48315
48316
48319
48321
48322
48323
48325
48326
48327
48328
48329
48330
48331
48333
48335
48336
48337
48338
48340
48342
48343
48345
48346
48347
48348
48349
48350
48352
48353
48355
48357
48358
48365
48367
48370
48372
48373
48374
48377
48380
48381
48383
48384
48386
48387
48389
48391
48392
48393
48395
48396
48397
48398
48400
48401
48402
48403
48406
48408
48410
48411
48412
48413
48417
48419
48420
48421
48423
48424
48427
48428
48429
48434
48436
48437
48438
48440
48443
48444
48450
48454
48456
48458
48460
48462
48463
48467
48472
48473
48476
48477
48478
48480
48481
48482
48483
48484
48485
48487
48493
48494
48495
48499
48500
48501
48502
48503
48504
48508
48509
48510
48513
48515
48516
48519
48520
48521
48522
48523
48525
48526
48529
48531
48532
48534
48536
48538
48539
48540
48542
48544
48547
48554
48555
48557
48559
48560
48561
48565
48566
48567
48571
48572
48573
48576
48578
48583
48584
48588
48590
48591
48593
48595
48596
48601
48603
48611
48621
48623
48624
48626
48629
48630
48633
48634
48635
48638
48639
48641
48645
48647
48648
48649
48654
48659
48661
48662
48663
48664
48666
48671
48678
48679
48681
48683
48684
48685
48686
48688
48690
48692
48693
48694
48696
48697
48702
48703
48704
48706
48708
48710
48711
48715
48716
48718
48719
48720
48721
48723
48724
48730
48733
48735
48736
48738
48739
48743
48745
48749
48750
48752
48753
48755
48756
48758
48759
48761
48762
48763
48765
48767
48768
48769
48772
48776
48778
48782
48785
48786
48787
48788
48790
48791
48793
48794
48797
48799
48804
48807
48808
48814
48815
48816
48817
48819
48820
48821
48823
48824
48825
48826
48827
48829
48832
48834
48836
48837
48840
48841
48842
48844
48845
48847
48852
48854
48855
48856
48857
48861
48862
48865
48867
48868
48874
48875
48876
48877
48878
48879
48880
48881
48884
48885
48889
48893
48894
48898
48902
48903
48904
48906
48907
48910
48912
48916
48917
48918
48921
48922
48923
48924
48925
48926
48927
48933
48934
48937
48939
48941
48943
48946
48948
48949
48950
48953
48954
48955
48957
48958
48959
48961
48963
48970
48972
48973
48976
48977
48978
48979
48980
48981
48982
48985
48989
48992
48993
48995
48996
48997
48999
49000
49002
49004
49009
49010
49016
49018
49019
49023
49028
49031
49032
49034
49036
49037
49040
49041
49042
49043
49044
49045
49048
49051
49057
49058
49059
49060
49061
49063
49064
49067
49068
49069
49070
49072
49073
49074
49078
49080
49083
49084
49088
49089
49091
49092
49093
49096
49097
49098
49100
49102
49104
49105
49106
49107
49108
49109
49110
49112
49113
49114
49120
49123
49125
49126
49128
49129
49130
49132
49133
49135
49136
49139
49140
49141
49142
49143
49144
49146
49147
49150
49151
49154
49156
49157
49159
49160
49161
49163
49165
49166
49171
49172
49178
49180
49183
49186
49187
49190
49191
49192
49194
49195
49196
49197
49198
49199
49201
49204
49209
49210
49211
49212
49213
49217
49218
49219
49220
49221
49222
49224
49226
49227
49228
49229
49231
49232
49234
49238
49239
49240
49242
49243
49252
49255
49258
49262
49264
49265
49267
49272
49278
49280
49282
49283
49287
49293
49296
49298
49300
49302
49303
49304
49305
49308
49311
49312
49313
49314
49316
49317
49318
49320
49321
49322
49324
49325
49326
49327
49328
49331
49333
49335
49336
49340
49343
49346
49347
49351
49352
49354
49356
49358
49359
49360
49361
49362
49363
49367
49368
49369
49370
49371
49372
49374
49376
49378
49379
49381
49382
49386
49389
49390
49392
49394
49395
49396
49399
49400
49401
49403
49406
49408
49409
49410
49411
49414
49415
49419
49422
49424
49427
49428
49431
49432
49433
49434
49435
49436
49437
49440
49442
49443
49444
49445
49448
49449
49451
49452
49454
49457
49458
49464
49465
49467
49468
49470
49472
49475
49476
49477
49479
49480
49481
49482
49483
49485
49487
49488
49490
49491
49492
49494
49497
49498
49499
49500
49503
49506
49508
49511
49512
49513
49515
49516
49520
49523
49524
49525
49526
49529
49530
49531
49532
49533
49535
49536
49539
49543
49544
49546
49547
49548
49550
49553
49554
49557
49558
49559
49564
49567
49569
49571
49572
49573
49574
49576
49577
49579
49580
49583
49584
49586
49587
49589
49591
49596
49597
49598
49600
49601
49602
49603
49604
49606
49614
49616
49619
49621
49622
49623
49624
49625
49632
49633
49634
49635
49638
49640
49645
49647
49650
49652
49653
49654
49655
49658
49660
49665
49666
49668
49669
49672
49673
49676
49678
49683
49684
49685
49687
49693
49694
49695
49696
49698
49703
49704
49708
49709
49711
49715
49716
49717
49718
49719
49720
49722
49726
49728
49730
49732
49735
49738
49743
49744
49745
49747
49749
49752
49753
49754
49755
49758
49759
49762
49765
49768
49769
49771
49772
49773
49777
49779
49784
49785
49787
49788
49790
49792
49795
49799
49800
49802
49805
49807
49808
49810
49811
49812
49813
49814
49815
49816
49822
49825
49827
49828
49831
49834
49836
49837
49838
49841
49842
49844
49847
49848
49850
49852
49853
49855
49857
49859
49860
49867
49868
49869
49870
49876
49879
49880
49881
49883
49884
49886
49887
49889
49890
49893
49900
49901
49902
49904
49909
49913
49914
49915
49916
49918
49919
49922
49926
49927
49929
49931
49932
49933
49934
49937
49938
49940
49941
49942
49943
49944
49946
49947
49948
49949
49954
49955
49956
49959
49963
49964
49967
49968
49969
49970
49971
49973
49975
49977
49979
49980
49985
49986
49987
49988
49989
49990
49991
49992
49993
49994
49995
49998
50000
50001
50003
50007
50013
50014
50016
50017
50020
50021
50023
50024
50026
50027
50028
50029
50031
50032
50033
50034
50036
50038
50039
50040
50044
50045
50054
50058
50059
50060
50061
50064
50065
50067
50069
50072
50074
50076
50079
50081
50083
50084
50085
50087
50090
50093
50095
50096
50098
50099
50100
50101
50103
50104
50105
50106
50110
50111
50112
50115
50118
50119
50125
50128
50133
50136
50137
50139
50142
50148
50150
50151
50152
50153
50157
50158
50160
50161
50162
50163
50168
50170
50173
50180
50183
50184
50185
50187
50188
50189
50190
50191
50192
50193
50194
50195
50202
50203
50204
50207
50209
50210
50213
50214
50215
50217
50219
50223
50224
50225
50227
50230
50231
50235
50237
50238
50239
50240
50241
50242
50245
50250
50252
50253
50254
50255
50257
50258
50260
50262
50267
50269
50272
50273
50275
50277
50279
50280
50283
50284
50293
50295
50299
50301
50303
50305
50307
50309
50315
50316
50317
50319
50320
50322
50326
50329
50332
50334
50336
50338
50341
50344
50345
50349
50350
50353
50354
50355
50356
50357
50359
50360
50365
50367
50368
50369
50370
50371
50372
50376
50377
50382
50386
50389
50391
50392
50393
50397
50398
50399
50400
50401
50406
50407
50408
50414
50416
50417
50423
50425
50427
50428
50432
50433
50437
50438
50443
50447
50448
50449
50451
50452
50453
50454
50459
50460
50464
50465
50466
50467
50468
50469
50471
50474
50479
50483
50485
50487
50488
50489
50491
50492
50495
50499
50500
50502
50504
50505
50509
50514
50515
50520
50522
50524
50525
50527
50528
50534
50536
50537
50538
50539
50541
50542
50543
50545
50546
50547
50548
50549
50550
50552
50554
50557
50558
50559
50560
50566
50567
50568
50573
50574
50576
50577
50578
50581
50584
50585
50590
50592
50594
50595
50596
50597
50600
50601
50602
50603
50605
50607
50609
50610
50611
50612
50614
50617
50618
50623
50625
50626
50628
50630
50632
50633
50637
50638
50639
50643
50646
50647
50648
50653
50654
50656
50658
50659
50660
50661
50662
50663
50665
50666
50668
50669
50671
50680
50681
50683
50688
50689
50690
50691
50692
50695
50696
50698
50702
50706
50710
50713
50714
50715
50716
50717
50720
50724
50727
50728
50729
50731
50736
50737
50738
50742
50745
50748
50749
50750
50755
50756
50763
50764
50766
50767
50768
50769
50772
50774
50775
50779
50786
50791
50792
50795
50796
50799
50800
50802
50804
50806
50807
50813
50815
50818
50819
50820
50821
50823
50827
50831
50832
50833
50836
50837
50839
50842
50846
50849
50850
50854
50855
50856
50858
50859
50861
50862
50863
50864
50867
50869
50871
50872
50875
50876
50879
50882
50885
50890
50891
50892
50893
50894
50895
50897
50900
50901
50906
50914
50918
50919
50920
50922
50927
50928
50931
50934
50937
50939
50941
50943
50945
50947
50949
50951
50952
50954
50957
50958
50960
50963
50965
50966
50967
50973
50975
50976
50977
50979
50981
50982
50983
50984
50985
50987
50988
50989
50990
50992
50994
50997
50998
51000
51001
51004
51005
51006
51008
51010
51011
51014
51015
51016
51018
51021
51026
51028
51030
51032
51034
51036
51038
51039
51043
51047
51048
51049
51051
51052
51054
51056
51057
51059
51060
51063
51067
51068
51071
51074
51075
51076
51080
51083
51085
51087
51088
51089
51090
51093
51098
51099
51101
51102
51103
51106
51109
51110
51111
51112
51114
51117
51119
51120
51121
51123
51128
51129
51135
51137
51141
51142
51151
51155
51157
51158
51162
51163
51164
51165
51168
51169
51171
51172
51175
51178
51179
51182
51183
51185
51186
51189
51190
51191
51192
51193
51194
51197
51199
51201
51203
51204
51206
51207
51209
51211
51214
51216
51217
51218
51219
51221
51222
51223
51228
51229
51230
51231
51237
51238
51239
51240
51241
51243
51245
51246
51247
51253
51258
51260
51268
51270
51273
51274
51278
51279
51280
51282
51283
51284
51286
51287
51290
51297
51299
51300
51301
51304
51307
51308
51309
51320
51323
51324
51325
51328
51331
51332
51334
51336
51337
51343
51344
51345
51346
51350
51351
51356
51357
51358
51359
51360
51362
51364
51366
51373
51375
51376
51378
51379
51381
51382
51383
51386
51388
51389
51390
51393
51397
51398
51399
51400
51403
51404
51405
51409
51411
51412
51413
51415
51416
51418
51420
51422
51424
51429
51432
51433
51435
51439
51442
51444
51446
51449
51450
51453
51454
51455
51456
51457
51458
51459
51460
51461
51463
51469
51474
51479
51481
51482
51483
51484
51485
51486
51494
51495
51496
51499
51502
51505
51507
51511
51516
51519
51520
51522
51527
51533
51534
51538
51542
51543
51544
51548
51549
51553
51554
51555
51558
51560
51561
51563
51564
51569
51570
51571
51572
51575
51576
51577
51578
51584
51586
51587
51588
51590
51591
51594
51595
51599
51600
51601
51602
51604
51607
51609
51610
51612
51614
51615
51616
51618
51619
51620
51623
51624
51629
51631
51632
51633
51637
51641
51642
51651
51652
51654
51658
51659
51661
51662
51663
51664
51665
51666
51667
51668
51670
51675
51676
51679
51681
51683
51689
51690
51691
51692
51693
51698
51700
51701
51704
51711
51712
51714
51715
51718
51721
51722
51725
51727
51728
51730
51731
51734
51735
51738
51739
51740
51741
51744
51745
51746
51747
51755
51756
51759
51761
51763
51764
51769
51773
51775
51777
51779
51780
51781
51782
51783
51784
51785
51788
51790
51792
51795
51797
51807
51808
51809
51811
51816
51817
51819
51820
51821
51826
51830
51835
51836
51837
51838
51839
51840
51841
51842
51844
51849
51850
51851
51852
51854
51855
51856
51857
51859
51860
51862
51863
51864
51865
51866
51871
51873
51876
51882
51883
51885
51886
51888
51892
51894
51895
51898
51900
51901
51902
51903
51907
51910
51911
51913
51916
51917
51919
51920
51922
51924
51925
51926
51927
51928
51929
51930
51932
51933
51935
51936
51937
51938
51939
51941
51946
51947
51948
51950
51954
51955
51958
51959
51960
51961
51968
51969
51971
51972
51974
51976
51977
51981
51982
51984
51985
51988
51989
51993
51995
51998
52001
52003
52008
52010
52011
52012
52015
52018
52019
52021
52022
52023
52026
52033
52034
52035
52036
52037
52038
52039
52040
52041
52044
52046
52047
52049
52051
52055
52061
52063
52065
52067
52068
52074
52075
52077
52078
52081
52084
52085
52086
52088
52089
52092
52094
52097
52099
52108
52110
52112
52113
52114
52116
52117
52118
52121
52125
52126
52129
52131
52132
52133
52137
52138
52142
52144
52145
52148
52149
52150
52151
52152
52153
52154
52155
52157
52159
52165
52169
52173
52176
52177
52178
52179
52180
52181
52182
52183
52186
52190
52193
52195
52196
52199
52202
52206
52208
52210
52214
52215
52217
52218
52219
52221
52223
52225
52226
52228
52231
52233
52234
52236
52237
52239
52243
52251
52254
52256
52259
52262
52263
52264
52265
52266
52267
52268
52269
52272
52274
52275
52277
52279
52285
52287
52289
52290
52291
52294
52297
52300
52303
52304
52307
52308
52310
52311
52315
52318
52322
52324
52325
52328
52329
52330
52331
52335
52337
52342
52344
52346
52351
52352
52353
52354
52359
52361
52365
52367
52372
52374
52379
52381
52383
52385
52386
52387
52390
52391
52392
52394
52395
52396
52397
52398
52400
52401
52402
52408
52409
52410
52411
52413
52416
52417
52419
52421
52424
52425
52429
52433
52437
52439
52440
52441
52443
52445
52446
52447
52448
52449
52451
52452
52453
52455
52457
52459
52461
52465
52467
52468
52470
52471
52473
52478
52479
52481
52482
52483
52487
52489
52490
52492
52493
52497
52498
52500
52501
52503
52506
52508
52509
52513
52515
52517
52518
52519
52521
52524
52534
52541
52543
52546
52547
52548
52549
52550
52551
52553
52555
52556
52557
52561
52563
52564
52566
52567
52574
52575
52579
52581
52582
52584
52587
52588
52590
52592
52593
52594
52598
52601
52602
52603
52604
52606
52608
52609
52610
52612
52614
52615
52621
52622
52624
52625
52628
52629
52635
52637
52647
52648
52651
52652
52655
52658
52660
52663
52669
52670
52673
52674
52675
52676
52677
52678
52681
52682
52684
52685
52686
52687
52689
52695
52696
52698
52699
52701
52703
52706
52709
52710
52711
52713
52714
52715
52720
52722
52724
52727
52728
52730
52732
52736
52739
52740
52742
52744
52746
52747
52749
52750
52755
52756
52757
52760
52762
52763
52766
52771
52773
52775
52776
52777
52780
52782
52783
52785
52786
52788
52789
52790
52795
52798
52802
52808
52809
52811
52812
52813
52815
52816
52818
52819
52820
52821
52824
52826
52827
52829
52830
52831
52832
52833
52836
52837
52840
52843
52846
52848
52850
52851
52852
52853
52854
52857
52860
52862
52863
52864
52865
52866
52867
52868
52870
52876
52879
52884
52886
52894
52895
52897
52898
52899
52900
52902
52903
52907
52908
52912
52913
52914
52915
52916
52917
52920
52924
52926
52927
52928
52938
52940
52941
52943
52944
52945
52946
52948
52949
52957
52961
52962
52963
52964
52966
52967
52968
52970
52971
52972
52976
52979
52980
52983
52985
52986
52990
52991
52992
52995
52996
53000
53001
53002
53003
53005
53006
53007
53009
53012
53014
53016
53019
53020
53021
53026
53027
53030
53031
53032
53036
53037
53038
53039
53041
53048
53050
53053
53057
53058
53062
53064
53066
53067
53069
53070
53071
53072
53076
53081
53082
53083
53085
53088
53090
53092
53093
53095
53096
53098
53099
53100
53103
53105
53106
53107
53108
53109
53111
53113
53114
53115
53116
53118
53121
53122
53125
53126
53136
53137
53138
53139
53140
53141
53145
53147
53148
53149
53150
53153
53155
53158
53161
53162
53164
53169
53171
53174
53175
53179
53180
53185
53187
53188
53189
53192
53194
53195
53198
53203
53205
53206
53207
53208
53209
53213
53218
53221
53222
53226
53227
53228
53230
53231
53232
53233
53235
53236
53238
53240
53241
53243
53245
53247
53251
53253
53254
53255
53257
53258
53259
53267
53270
53272
53274
53275
53276
53277
53278
53280
53282
53283
53286
53287
53292
53293
53295
53296
53297
53298
53300
53301
53302
53304
53307
53310
53312
53313
53315
53317
53319
53322
53326
53327
53328
53330
53336
53340
53341
53343
53345
53347
53350
53356
53359
53360
53363
53364
53367
53378
53379
53381
53383
53384
53385
53390
53392
53396
53400
53402
53404
53407
53409
53414
53415
53418
53419
53423
53428
53429
53432
53434
53437
53438
53442
53443
53444
53445
53447
53448
53449
53451
53452
53454
53456
53457
53461
53462
53463
53466
53469
53470
53472
53476
53478
53481
53483
53484
53485
53486
53488
53489
53492
53493
53494
53495
53496
53497
53498
53499
53501
53504
53507
53511
53518
53519
53525
53526
53527
53528
53531
53534
53536
53537
53538
53539
53540
53541
53543
53546
53547
53550
53555
53557
53559
53560
53566
53567
53568
53570
53571
53572
53575
53576
53577
53578
53579
53582
53584
53586
53588
53589
53590
53595
53601
53602
53605
53606
53610
53611
53615
53616
53624
53625
53627
53632
53637
53638
53642
53643
53646
53648
53650
53653
53655
53656
53661
53662
53666
53670
53671
53672
53673
53681
53682
53683
53684
53685
53686
53687
53695
53697
53700
53702
53705
53706
53712
53715
53717
53718
53721
53723
53724
53725
53727
53729
53732
53736
53738
53739
53744
53747
53751
53753
53755
53757
53760
53762
53763
53764
53767
53768
53769
53770
53772
53774
53775
53776
53778
53779
53781
53783
53785
53786
53787
53790
53791
53792
53795
53797
53798
53800
53802
53805
53806
53808
53811
53817
53819
53820
53825
53826
53828
53834
53835
53837
53838
53840
53843
53845
53846
53847
53850
53853
53858
53859
53860
53862
53864
53866
53868
53871
53876
53877
53878
53881
53884
53885
53886
53887
53889
53890
53898
53900
53902
53904
53905
53906
53907
53908
53912
53913
53914
53915
53916
53922
53924
53926
53929
53931
53938
53940
53942
53943
53945
53952
53953
53954
53959
53962
53963
53964
53968
53969
53970
53971
53973
53975
53976
53977
53979
53981
53982
53983
53984
53985
53993
53996
53997
53998
54000
54003
54004
54005
54006
54008
54009
54012
54013
54014
54015
54020
54022
54024
54025
54026
54029
54034
54035
54037
54040
54042
54043
54045
54047
54048
54051
54056
54059
54060
54066
54067
54070
54074
54078
54080
54081
54090
54094
54097
54098
54099
54100
54102
54103
54107
54108
54109
54112
54113
54115
54117
54119
54120
54124
54125
54126
54127
54129
54133
54134
54136
54137
54139
54141
54142
54146
54147
54150
54152
54154
54163
54164
54165
54166
54168
54172
54176
54177
54183
54185
54188
54190
54199
54201
54206
54207
54208
54209
54211
54214
54215
54216
54217
54219
54221
54222
54223
54225
54226
54230
54231
54232
54234
54235
54237
54238
54239
54242
54243
54244
54248
54249
54250
54252
54256
54258
54259
54262
54263
54266
54269
54270
54272
54276
54279
54281
54284
54286
54287
54289
54292
54295
54297
54299
54302
54308
54309
54310
54311
54312
54314
54315
54319
54320
54321
54322
54323
54324
54325
54326
54327
54330
54331
54333
54334
54338
54339
54340
54342
54343
54344
54348
54349
54351
54353
54354
54360
54361
54363
54365
54367
54368
54369
54375
54377
54379
54380
54384
54385
54386
54389
54390
54391
54399
54401
54406
54408
54410
54412
54414
54416
54417
54418
54420
54422
54430
54431
54433
54434
54438
54445
54446
54447
54451
54455
54456
54458
54459
54461
54462
54463
54465
54466
54469
54472
54474
54476
54477
54481
54487
54488
54494
54498
54499
54502
54504
54507
54510
54512
54513
54515
54517
54518
54520
54521
54523
54524
54526
54531
54534
54538
54541
54542
54551
54552
54555
54556
54557
54558
54561
54566
54567
54570
54571
54574
54576
54577
54578
54583
54584
54585
54586
54588
54589
54591
54593
54594
54595
54596
54597
54598
54599
54600
54601
54602
54603
54604
54611
54612
54613
54614
54615
54619
54622
54623
54624
54625
54627
54628
54631
54632
54634
54639
54640
54642
54644
54646
54648
54651
54653
54654
54656
54660
54662
54664
54665
54669
54670
54671
54674
54676
54677
54678
54679
54682
54683
54684
54685
54686
54688
54691
54698
54702
54703
54704
54705
54707
54708
54709
54712
54713
54714
54716
54717
54718
54722
54730
54731
54732
54733
54734
54737
54738
54740
54741
54745
54748
54750
54752
54753
54754
54755
54756
54757
54758
54759
54761
54762
54763
54764
54766
54770
54774
54776
54777
54778
54779
54781
54782
54784
54788
54789
54793
54794
54795
54797
54798
54799
54800
54802
54804
54808
54810
54811
54813
54814
54816
54818
54820
54824
54826
54827
54828
54830
54832
54834
54842
54843
54848
54853
54854
54855
54856
54858
54859
54860
54861
54863
54864
54865
54867
54869
54871
54872
54873
54876
54878
54879
54880
54881
54882
54884
54886
54887
54889
54891
54892
54894
54896
54897
54898
54900
54903
54906
54908
54911
54912
54916
54917
54919
54920
54922
54924
54925
54926
54931
54932
54933
54935
54936
54939
54941
54942
54944
54946
54947
54951
54954
54956
54958
54961
54963
54965
54967
54968
54969
54975
54976
54983
54984
54985
54986
54988
54991
54992
54993
54994
54995
54997
55000
55007
55010
55012
55014
55016
55017
55019
55022
55024
55026
55027
55029
55030
55031
55034
55036
55037
55039
55041
55042
55045
55047
55049
55054
55055
55056
55060
55061
55062
55064
55065
55066
55067
55068
55069
55070
55071
55073
55075
55076
55077
55078
55081
55082
55084
55085
55087
55088
55089
55090
55091
55094
55097
55098
55099
55100
55102
55110
55112
55113
55115
55116
55117
55122
55123
55124
55126
55127
55130
55131
55132
55134
55135
55138
55139
55140
55143
55146
55147
55148
55149
55151
55152
55154
55155
55157
55160
55162
55163
55164
55168
55169
55171
55172
55173
55174
55175
55176
55178
55180
55185
55186
55188
55190
55196
55197
55198
55201
55203
55205
55206
55207
55208
55210
55211
55212
55217
55218
55221
55223
55224
55227
55229
55232
55235
55236
55238
55240
55245
55248
55250
55252
55253
55254
55256
55257
55258
55259
55260
55266
55270
55271
55272
55276
55277
55279
55283
55284
55287
55290
55294
55296
55300
55301
55302
55304
55305
55308
55311
55312
55313
55314
55316
55317
55318
55319
55320
55321
55325
55327
55328
55330
55331
55334
55336
55338
55341
55344
55346
55347
55348
55350
55352
55353
55354
55355
55357
55358
55359
55361
55363
55365
55367
55368
55369
55370
55372
55377
55378
55380
55381
55383
55384
55385
55386
55389
55391
55394
55400
55401
55402
55404
55408
55411
55414
55417
55418
55419
55420
55421
55422
55424
55425
55428
55429
55432
55434
55437
55438
55442
55445
55447
55448
55452
55456
55459
55460
55461
55463
55464
55465
55471
55472
55474
55477
55478
55479
55481
55482
55483
55484
55488
55490
55491
55492
55497
55499
55501
55509
55510
55511
55512
55521
55523
55529
55534
55535
55536
55540
55541
55542
55544
55545
55546
55548
55551
55553
55555
55557
55559
55560
55561
55562
55563
55565
55566
55570
55571
55572
55574
55575
55577
55582
55586
55587
55588
55591
55592
55593
55599
55600
55601
55602
55603
55605
55606
55610
55615
55618
55619
55620
55622
55624
55625
55632
55637
55639
55643
55645
55647
55648
55649
55654
55655
55656
55657
55662
55664
55665
55666
55668
55670
55671
55672
55673
55674
55675
55676
55677
55680
55682
55683
55687
55688
55690
55691
55698
55699
55700
55703
55704
55705
55710
55713
55716
55717
55718
55721
55723
55724
55725
55727
55729
55730
55733
55734
55735
55736
55737
55739
55740
55743
55745
55746
55747
55748
55749
55750
55751
55761
55762
55763
55765
55767
55774
55776
55779
55780
55782
55783
55784
55787
55789
55792
55793
55796
55797
55799
55800
55803
55805
55807
55809
55810
55812
55813
55823
55825
55826
55831
55833
55834
55838
55842
55843
55851
55853
55856
55865
55866
55867
55868
55871
55872
55876
55877
55878
55879
55881
55882
55884
55885
55890
55891
55893
55894
55897
55901
55902
55903
55905
55911
55913
55914
55918
55924
55927
55928
55929
55930
55932
55933
55938
55940
55941
55942
55945
55946
55948
55949
55950
55952
55953
55954
55956
55957
55958
55960
55963
55965
55968
55969
55971
55972
55974
55975
55976
55977
55979
55982
55983
55985
55986
55988
55989
55991
55993
55997
55998
56000
56001
56004
56006
56011
56012
56014
56016
56017
56018
56021
56028
56030
56035
56036
56037
56040
56042
56044
56045
56046
56047
56048
56051
56052
56054
56055
56056
56057
56060
56062
56063
56067
56071
56073
56075
56076
56077
56078
56080
56081
56082
56084
56086
56088
56090
56091
56092
56093
56094
56095
56096
56099
56102
56107
56108
56111
56119
56120
56124
56127
56128
56129
56132
56133
56139
56140
56143
56145
56146
56147
56148
56149
56150
56153
56154
56156
56157
56160
56162
56163
56164
56166
56167
56169
56172
56174
56175
56176
56177
56178
56181
56182
56187
56195
56197
56198
56200
56201
56207
56209
56216
56217
56221
56222
56229
56235
56238
56239
56241
56245
56246
56250
56251
56254
56255
56256
56257
56259
56260
56263
56264
56265
56268
56272
56273
56274
56275
56276
56277
56280
56281
56283
56284
56285
56286
56287
56289
56290
56292
56296
56298
56299
56301
56303
56304
56307
56310
56312
56313
56314
56315
56316
56317
56319
56320
56322
56325
56326
56327
56328
56332
56338
56339
56340
56341
56342
56343
56344
56346
56348
56352
56354
56360
56363
56364
56365
56367
56369
56370
56372
56377
56378
56384
56386
56387
56390
56393
56394
56398
56402
56403
56404
56407
56411
56416
56419
56421
56422
56425
56428
56430
56433
56434
56435
56437
56441
56442
56443
56448
56449
56450
56452
56454
56456
56458
56460
56464
56465
56466
56467
56468
56473
56475
56476
56477
56480
56481
56485
56488
56489
56490
56491
56492
56496
56501
56502
56504
56506
56507
56510
56512
56513
56514
56519
56523
56526
56527
56528
56530
56533
56534
56535
56536
56539
56540
56541
56543
56545
56546
56548
56551
56554
56556
56557
56562
56564
56566
56568
56569
56570
56574
56576
56577
56578
56581
56584
56586
56593
56595
56598
56602
56603
56604
56606
56617
56620
56624
56627
56628
56633
56634
56636
56637
56640
56641
56643
56644
56647
56648
56650
56656
56657
56659
56660
56662
56668
56672
56674
56675
56677
56680
56682
56684
56685
56686
56687
56688
56690
56691
56692
56695
56696
56698
56699
56700
56701
56703
56704
56705
56708
56710
56711
56712
56713
56715
56718
56720
56724
56727
56728
56729
56730
56731
56732
56733
56736
56738
56740
56741
56742
56744
56747
56750
56751
56754
56755
56757
56758
56760
56763
56764
56767
56768
56771
56772
56773
56775
56776
56779
56782
56784
56785
56796
56797
56799
56800
56801
56807
56812
56815
56816
56821
56824
56826
56827
56829
56830
56833
56834
56837
56838
56839
56843
56845
56847
56848
56852
56855
56857
56858
56859
56861
56862
56868
56871
56874
56876
56877
56885
56886
56887
56890
56892
56893
56894
56896
56897
56899
56900
56902
56903
56906
56911
56912
56913
56916
56917
56919
56920
56921
56923
56924
56925
56928
56929
56930
56932
56933
56936
56937
56944
56945
56950
56952
56957
56958
56959
56960
56962
56966
56968
56970
56973
56975
56976
56978
56980
56981
56985
56987
56991
56994
56995
56996
56999
57006
57009
57013
57014
57017
57018
57020
57021
57024
57026
57027
57030
57032
57036
57037
57039
57040
57042
57043
57044
57047
57050
57052
57053
57054
57055
57057
57058
57060
57061
57062
57064
57066
57067
57069
57073
57074
57078
57080
57081
57085
57089
57091
57098
57099
57101
57104
57105
57106
57107
57108
57109
57114
57115
57118
57120
57121
57124
57125
57128
57130
57131
57135
57136
57137
57138
57141
57142
57143
57144
57146
57147
57148
57149
57154
57156
57157
57158
57160
57164
57170
57173
57176
57177
57179
57182
57184
57186
57187
57189
57190
57194
57198
57199
57200
57201
57202
57206
57208
57212
57215
57217
57223
57224
57225
57226
57229
57230
57235
57238
57239
57244
57246
57247
57248
57250
57253
57256
57259
57260
57261
57268
57271
57272
57274
57277
57278
57280
57281
57283
57284
57285
57286
57287
57288
57289
57290
57291
57294
57296
57298
57302
57306
57308
57309
57313
57314
57319
57321
57324
57325
57326
57330
57331
57335
57345
57348
57352
57353
57358
57361
57363
57364
57365
57367
57369
57370
57372
57373
57374
57375
57376
57378
57380
57382
57386
57390
57391
57394
57400
57401
57402
57406
57407
57409
57411
57413
57415
57419
57420
57421
57422
57424
57426
57427
57431
57432
57433
57435
57438
57439
57440
57444
57447
57448
57449
57451
57452
57453
57455
57456
57457
57458
57459
57461
57466
57467
57470
57477
57478
57479
57480
57481
57483
57484
57485
57487
57489
57490
57491
57495
57496
57497
57498
57499
57500
57501
57503
57507
57510
57511
57515
57516
57517
57518
57519
57521
57522
57524
57525
57529
57530
57532
57535
57537
57545
57548
57549
57555
57558
57559
57561
57563
57565
57567
57571
57573
57578
57579
57582
57583
57584
57585
57586
57587
57590
57591
57595
57597
57601
57602
57603
57604
57608
57611
57616
57618
57622
57623
57624
57625
57626
57627
57629
57634
57637
57643
57646
57647
57648
57649
57650
57651
57653
57654
57655
57657
57659
57660
57661
57663
57664
57671
57675
57677
57678
57680
57681
57684
57685
57686
57687
57691
57692
57694
57700
57705
57706
57707
57709
57710
57713
57714
57715
57716
57720
57725
57726
57728
57731
57732
57733
57734
57739
57741
57742
57744
57746
57749
57750
57751
57755
57756
57758
57759
57760
57762
57764
57765
57766
57767
57768
57772
57773
57775
57778
57780
57784
57787
57790
57796
57798
57799
57802
57803
57804
57805
57809
57811
57822
57824
57825
57831
57834
57835
57841
57844
57846
57848
57849
57857
57858
57859
57861
57862
57863
57864
57867
57868
57870
57871
57873
57874
57876
57878
57879
57880
57881
57882
57883
57884
57885
57886
57892
57894
57895
57896
57897
57898
57899
57900
57901
57902
57903
57904
57905
57906
57908
57909
57911
57912
57918
57922
57927
57928
57930
57932
57934
57935
57937
57938
57939
57940
57943
57944
57946
57947
57948
57949
57952
57953
57955
57956
57958
57959
57960
57961
57962
57963
57966
57970
57971
57973
57975
57976
57977
57981
57982
57983
57985
57986
57987
57988
57989
57992
57994
57995
57996
57998
57999
58001
58002
58003
58004
58005
58006
58007
58008
58009
58010
58011
58013
58018
58019
58020
58021
58022
58025
58026
58027
58030
58032
58034
58037
58038
58039
58044
58047
58048
58055
58058
58059
58063
58064
58065
58066
58068
58069
58070
58071
58076
58078
58081
58085
58086
58087
58091
58093
58094
58097
58098
58100
58102
58103
58106
58107
58108
58110
58114
58115
58116
58117
58118
58122
58125
58126
58127
58129
58133
58135
58139
58140
58141
58143
58145
58146
58147
58150
58156
58159
58160
58163
58166
58167
58168
58169
58170
58171
58172
58175
58179
58181
58183
58184
58185
58186
58187
58188
58190
58191
58192
58193
58194
58196
58197
58198
58199
58201
58203
58205
58206
58208
58210
58216
58217
58219
58220
58221
58223
58225
58228
58230
58232
58236
58239
58242
58243
58244
58245
58246
58252
58253
58255
58256
58261
58263
58264
58265
58266
58268
58270
58271
58272
58274
58275
58277
58279
58281
58282
58284
58288
58292
58293
58295
58297
58299
58300
58302
58304
58306
58307
58310
58312
58313
58316
58317
58319
58320
58321
58323
58328
58329
58330
58333
58334
58338
58341
58342
58343
58344
58345
58346
58349
58351
58352
58356
58359
58360
58361
58363
58366
58367
58370
58371
58373
58375
58378
58382
58387
58391
58392
58397
58398
58399
58405
58407
58408
58412
58413
58415
58418
58424
58427
58428
58430
58431
58432
58434
58435
58438
58439
58443
58444
58445
58446
58447
58448
58453
58455
58456
58457
58458
58459
58463
58467
58469
58471
58473
58474
58480
58482
58484
58486
58488
58490
58492
58493
58495
58497
58498
58499
58503
58507
58508
58509
58510
58511
58515
58516
58517
58518
58523
58524
58525
58526
58528
58529
58532
58533
58536
58540
58541
58543
58550
58552
58553
58554
58555
58556
58560
58562
58563
58565
58567
58572
58575
58576
58578
58582
58585
58586
58588
58591
58596
58597
58602
58603
58605
58607
58609
58610
58611
58613
58614
58615
58618
58619
58624
58630
58631
58632
58635
58637
58638
58639
58640
58641
58642
58643
58648
58652
58653
58654
58655
58656
58659
58660
58662
58664
58665
58666
58668
58672
58673
58674
58676
58678
58679
58680
58681
58683
58684
58686
58687
58691
58696
58703
58704
58705
58706
58708
58709
58710
58711
58712
58713
58715
58718
58720
58721
58723
58726
58727
58728
58732
58733
58734
58737
58738
58739
58743
58744
58745
58746
58747
58756
58760
58762
58763
58765
58768
58772
58773
58774
58777
58781
58784
58786
58788
58789
58791
58793
58794
58796
58800
58801
58802
58803
58804
58809
58811
58814
58815
58818
58823
58825
58826
58832
58835
58836
58837
58839
58846
58848
58849
58853
58854
58858
58859
58860
58864
58865
58866
58868
58870
58871
58872
58873
58875
58876
58877
58879
58880
58881
58882
58884
58885
58886
58887
58890
58892
58893
58899
58900
58904
58905
58906
58907
58911
58913
58917
58925
58927
58928
58930
58934
58940
58941
58944
58946
58948
58953
58955
58957
58958
58959
58961
58962
58963
58964
58967
58971
58972
58973
58977
58980
58981
58983
58985
58986
58988
58993
58994
58995
58996
58999
59001
59009
59010
59015
59016
59017
59018
59023
59024
59026
59028
59029
59031
59033
59035
59036
59037
59038
59039
59040
59041
59042
59050
59051
59052
59053
59054
59056
59057
59061
59062
59064
59065
59068
59073
59075
59076
59077
59078
59079
59083
59085
59087
59088
59090
59092
59094
59096
59097
59098
59099
59100
59101
59102
59103
59105
59109
59111
59112
59118
59119
59120
59121
59126
59130
59132
59133
59136
59137
59140
59141
59142
59144
59147
59149
59150
59152
59154
59157
59158
59161
59162
59163
59166
59168
59173
59174
59176
59178
59179
59185
59187
59190
59191
59194
59195
59196
59197
59199
59200
59203
59206
59207
59209
59210
59212
59215
59216
59217
59218
59224
59225
59227
59230
59237
59241
59242
59246
59249
59250
59253
59254
59255
59257
59260
59261
59262
59263
59266
59269
59271
59275
59276
59280
59281
59282
59285
59288
59290
59291
59294
59295
59296
59298
59299
59301
59302
59306
59309
59311
59313
59314
59315
59317
59318
59319
59321
59323
59324
59326
59329
59330
59331
59334
59335
59338
59339
59343
59344
59347
59352
59355
59356
59358
59359
59360
59361
59367
59371
59372
59375
59376
59378
59379
59380
59381
59383
59384
59385
59387
59388
59390
59391
59392
59393
59394
59395
59398
59399
59400
59401
59402
59405
59410
59411
59413
59419
59421
59422
59424
59427
59428
59429
59431
59433
59434
59438
59441
59442
59443
59444
59447
59448
59450
59452
59453
59454
59455
59460
59462
59465
59467
59469
59470
59474
59476
59477
59478
59481
59484
59486
59488
59489
59490
59491
59493
59494
59498
59499
59503
59504
59505
59508
59510
59511
59513
59514
59515
59516
59517
59518
59519
59521
59523
59525
59526
59533
59535
59537
59540
59543
59544
59545
59546
59548
59550
59552
59554
59555
59559
59560
59562
59563
59576
59581
59582
59584
59589
59591
59592
59596
59598
59600
59601
59605
59607
59609
59610
59612
59613
59614
59615
59616
59617
59618
59621
59622
59626
59627
59629
59630
59631
59633
59634
59635
59636
59639
59643
59645
59648
59650
59651
59654
59657
59661
59666
59668
59676
59678
59682
59683
59684
59692
59697
59700
59704
59710
59712
59713
59714
59719
59722
59724
59725
59727
59728
59729
59731
59732
59733
59736
59737
59740
59742
59744
59745
59750
59752
59753
59754
59756
59760
59761
59768
59769
59771
59780
59781
59784
59786
59789
59790
59792
59797
59799
59800
59803
59805
59806
59808
59809
59810
59811
59812
59815
59816
59818
59819
59822
59823
59826
59827
59830
59831
59833
59835
59836
59837
59839
59840
59842
59845
59846
59848
59849
59851
59854
59855
59857
59865
59867
59868
59869
59871
59874
59875
59878
59879
59883
59884
59886
59887
59890
59891
59892
59893
59894
59895
59898
59899
59900
59903
59907
59909
59910
59911
59914
59917
59918
59920
59923
59924
59927
59928
59929
59930
59932
59933
59934
59935
59936
59937
59939
59940
59941
59942
59943
59945
59948
59949
59950
59951
59953
59954
59960
59963
59965
59976
59977
59978
59980
59982
59983
59986
59987
59993
59994
59995
59997
59998
60004
60005
60006
60011
60013
60014
60018
60019
60024
60031
60035
60036
60038
60039
60041
60042
60044
60045
60049
60052
60057
60062
60065
60066
60067
60068
60069
60071
60073
60076
60077
60081
60083
60084
60086
60089
60090
60092
60097
60098
60099
60103
60104
60109
60110
60112
60113
60118
60120
60124
60125
60128
60129
60131
60134
60135
60136
60137
60138
60139
60140
60141
60146
60151
60152
60156
60157
60158
60161
60163
60165
60166
60167
60170
60172
60173
60175
60181
60184
60187
60188
60189
60190
60196
60199
60200
60202
60204
60211
60212
60213
60215
60216
60217
60218
60222
60223
60224
60227
60228
60230
60238
60239
60240
60241
60242
60243
60245
60246
60250
60257
60260
60261
60263
60271
60274
60277
60279
60282
60284
60286
60289
60290
60292
60294
60295
60296
60298
60299
60300
60301
60303
60305
60308
60309
60313
60314
60315
60316
60320
60321
60322
60327
60333
60335
60339
60342
60345
60347
60351
60352
60353
60356
60358
60361
60362
60364
60366
60368
60369
60372
60373
60376
60377
60379
60385
60387
60389
60390
60393
60394
60396
60400
60401
60404
60405
60408
60409
60414
60417
60418
60422
60424
60427
60428
60429
60430
60431
60434
60436
60440
60442
60443
60444
60445
60447
60450
60453
60456
60457
60458
60461
60464
60466
60467
60468
60471
60472
60473
60476
60477
60478
60479
60482
60487
60488
60492
60494
60495
60500
60501
60504
60506
60507
60508
60509
60512
60514
60515
60521
60523
60526
60529
60533
60534
60535
60540
60542
60544
60545
60546
60547
60549
60552
60556
60559
60562
60566
60567
60568
60569
60571
60574
60575
60577
60579
60580
60581
60585
60587
60591
60592
60594
60595
60598
60600
60601
60605
60610
60611
60613
60614
60615
60619
60622
60626
60628
60634
60635
60637
60640
60641
60643
60644
60645
60648
60650
60651
60659
60661
60662
60663
60666
60669
60670
60671
60674
60677
60678
60680
60683
60685
60688
60689
60690
60692
60693
60694
60696
60697
60698
60699
60700
60701
60703
60704
60705
60707
60714
60716
60717
60719
60722
60725
60726
60729
60733
60735
60736
60739
60742
60744
60746
60750
60755
60757
60759
60764
60766
60768
60770
60771
60774
60775
60777
60779
60780
60783
60784
60785
60786
60789
60792
60793
60797
60800
60801
60804
60805
60806
60807
60812
60813
60816
60819
60820
60821
60822
60823
60824
60826
60828
60829
60831
60833
60834
60838
60840
60841
60842
60843
60844
60845
60847
60850
60852
60854
60856
60862
60865
60870
60872
60875
60877
60879
60880
60882
60883
60885
60889
60892
60894
60895
60896
60898
60905
60908
60909
60912
60915
60916
60919
60924
60925
60930
60931
60932
60933
60935
60938
60940
60943
60945
60948
60955
60956
60958
60959
60961
60963
60966
60967
60969
60971
60973
60975
60979
60980
60986
60989
60993
60994
60996
60999
61000
61002
61003
61004
61007
61008
61010
61012
61013
61017
61019
61021
61025
61026
61027
61028
61029
61030
61031
61032
61038
61039
61040
61041
61049
61050
61051
61052
61057
61060
61065
61069
61075
61086
61092
61093
61094
61098
61101
61103
61104
61105
61110
61111
61112
61113
61114
61117
61121
61122
61124
61133
61135
61137
61138
61139
61140
61141
61143
61144
61145
61146
61147
61148
61149
61150
61151
61153
61155
61157
61158
61161
61163
61165
61166
61169
61176
61180
61182
61192
61193
61197
61198
61199
61200
61203
61207
61213
61217
61218
61222
61224
61225
61226
61227
61228
61229
61230
61236
61237
61239
61240
61241
61245
61248
61249
61250
61253
61254
61257
61259
61260
61262
61265
61272
61275
61276
61280
61282
61284
61285
61286
61287
61288
61292
61295
61296
61297
61298
61299
61300
61302
61306
61307
61311
61312
61315
61316
61319
61323
61324
61326
61327
61328
61329
61330
61331
61333
61334
61338
61342
61343
61344
61345
61346
61348
61353
61355
61356
61357
61359
61360
61361
61363
61364
61366
61368
61374
61376
61377
61380
61382
61384
61385
61386
61389
61390
61392
61393
61394
61396
61398
61399
61400
61403
61406
61413
61415
61416
61420
61426
61429
61430
61432
61433
61434
61437
61440
61442
61443
61444
61445
61446
61447
61448
61449
61451
61454
61456
61457
61458
61463
61464
61466
61468
61471
61474
61477
61478
61481
61482
61488
61489
61492
61498
61499
61500
61501
61502
61503
61505
61506
61509
61516
61518
61520
61521
61522
61523
61525
61529
61530
61533
61534
61535
61536
61538
61539
61540
61541
61542
61544
61545
61546
61548
61551
61552
61553
61554
61555
61557
61563
61565
61567
61568
61569
61574
61577
61580
61584
61587
61590
61593
61595
61598
61601
61602
61603
61607
61608
61610
61611
61612
61614
61615
61616
61621
61622
61624
61628
61629
61630
61631
61633
61634
61635
61636
61641
61642
61643
61645
61648
61649
61651
61652
61653
61654
61658
61659
61661
61662
61663
61665
61667
61668
61674
61675
61677
61681
61683
61687
61688
61692
61693
61694
61696
61697
61699
61700
61704
61708
61709
61711
61717
61719
61720
61722
61725
61727
61731
61733
61734
61737
61739
61742
61744
61746
61747
61749
61750
61752
61754
61757
61762
61765
61766
61773
61774
61776
61778
61779
61781
61785
61786
61788
61789
61790
61791
61793
61798
61799
61800
61804
61806
61807
61809
61810
61811
61812
61815
61819
61820
61822
61823
61827
61830
61831
61833
61838
61839
61842
61843
61845
61847
61848
61850
61859
61860
61861
61863
61866
61869
61870
61871
61872
61873
61877
61878
61880
61883
61884
61887
61888
61892
61896
61897
61901
61902
61905
61909
61910
61911
61912
61914
61915
61918
61919
61921
61923
61924
61930
61931
61933
61934
61942
61944
61946
61947
61948
61950
61951
61952
61954
61955
61959
61963
61965
61969
61970
61972
61974
61976
61978
61979
61982
61983
61984
61985
61986
61989
61990
61992
61995
61997
61998
62001
62004
62005
62009
62010
62013
62014
62019
62025
62027
62028
62030
62031
62032
62033
62034
62036
62039
62040
62041
62044
62047
62052
62053
62056
62057
62060
62061
62062
62063
62064
62066
62067
62069
62071
62076
62078
62082
62083
62084
62085
62086
62088
62089
62090
62093
62099
62104
62105
62108
62110
62112
62113
62114
62116
62117
62118
62120
62121
62122
62124
62125
62126
62127
62130
62132
62135
62136
62139
62140
62141
62142
62144
62150
62152
62154
62155
62156
62157
62160
62164
62165
62166
62167
62168
62169
62170
62171
62172
62174
62177
62178
62179
62180
62182
62183
62189
62191
62192
62193
62194
62200
62206
62213
62215
62216
62228
62229
62230
62231
62234
62235
62236
62237
62239
62240
62241
62244
62246
62248
62251
62253
62258
62259
62260
62261
62263
62266
62267
62269
62273
62274
62275
62278
62279
62281
62284
62287
62289
62292
62293
62294
62296
62297
62298
62300
62301
62302
62305
62307
62308
62309
62311
62313
62314
62317
62318
62319
62324
62325
62326
62328
62332
62334
62336
62342
62343
62346
62351
62354
62355
62358
62360
62362
62363
62365
62366
62368
62371
62374
62375
62377
62378
62379
62388
62389
62391
62392
62394
62400
62401
62403
62405
62406
62408
62409
62411
62413
62416
62417
62420
62421
62424
62429
62430
62431
62432
62433
62434
62437
62442
62443
62446
62449
62450
62452
62454
62455
62457
62458
62459
62460
62461
62462
62464
62466
62467
62475
62476
62479
62480
62481
62484
62485
62486
62488
62490
62495
62496
62499
62501
62504
62507
62512
62514
62516
62517
62518
62520
62521
62523
62524
62525
62526
62527
62529
62530
62531
62532
62535
62536
62546
62550
62555
62556
62557
62558
62559
62560
62567
62568
62570
62572
62573
62574
62575
62576
62577
62582
62583
62584
62586
62587
62588
62589
62590
62592
62593
62597
62600
62601
62607
62611
62614
62618
62621
62622
62623
62624
62625
62629
62631
62634
62636
62637
62638
62641
62643
62645
62647
62649
62651
62653
62657
62658
62659
62665
62669
62670
62671
62672
62674
62676
62677
62679
62680
62687
62690
62692
62697
62699
62700
62704
62706
62708
62711
62712
62715
62718
62721
62722
62725
62729
62730
62735
62741
62742
62743
62745
62747
62748
62751
62752
62753
62754
62757
62761
62763
62765
62768
62769
62774
62781
62782
62783
62785
62786
62787
62788
62790
62792
62794
62795
62796
62797
62798
62801
62804
62805
62808
62809
62810
62811
62813
62815
62816
62817
62824
62825
62828
62830
62831
62833
62834
62839
62844
62847
62848
62850
62851
62855
62856
62857
62861
62862
62865
62866
62870
62875
62878
62879
62883
62885
62886
62887
62888
62889
62893
62895
62896
62898
62900
62904
62905
62907
62908
62909
62910
62911
62916
62918
62921
62922
62923
62924
62927
62929
62930
62933
62934
62937
62938
62940
62943
62944
62946
62949
62951
62953
62954
62955
62961
62962
62964
62966
62969
62970
62974
62975
62977
62978
62979
62981
62987
62989
62993
62996
62997
62998
63000
63001
63002
63003
63004
63005
63007
63010
63011
63012
63016
63018
63019
63020
63029
63030
63031
63032
63037
63040
63044
63046
63047
63048
63049
63050
63051
63055
63060
63061
63062
63064
63065
63066
63068
63069
63070
63072
63074
63080
63082
63083
63087
63088
63089
63090
63096
63097
63098
63100
63101
63102
63105
63108
63109
63110
63112
63113
63119
63121
63123
63126
63129
63131
63132
63135
63137
63140
63142
63143
63144
63155
63156
63157
63160
63161
63162
63164
63166
63168
63171
63174
63179
63182
63183
63184
63185
63188
63190
63191
63195
63197
63200
63201
63203
63205
63206
63208
63212
63214
63215
63218
63219
63221
63222
63224
63226
63227
63230
63233
63234
63235
63237
63241
63242
63244
63247
63248
63250
63254
63256
63258
63260
63262
63267
63270
63271
63274
63276
63282
63283
63284
63285
63290
63291
63292
63293
63294
63295
63296
63298
63305
63308
63309
63310
63317
63318
63322
63324
63326
63327
63328
63331
63332
63337
63340
63341
63343
63346
63347
63348
63351
63352
63353
63354
63356
63358
63360
63361
63365
63366
63368
63369
63371
63376
63378
63379
63381
63385
63386
63387
63389
63390
63394
63399
63402
63406
63409
63410
63412
63413
63414
63415
63417
63418
63419
63421
63422
63424
63425
63426
63429
63430
63432
63433
63437
63440
63444
63445
63446
63447
63449
63452
63454
63456
63457
63460
63462
63467
63472
63474
63475
63479
63481
63483
63486
63487
63488
63490
63491
63494
63497
63499
63503
63504
63505
63506
63508
63511
63512
63516
63519
63520
63522
63523
63525
63526
63527
63528
63531
63532
63535
63536
63542
63544
63545
63547
63549
63550
63556
63557
63558
63560
63562
63563
63564
63565
63567
63570
63571
63574
63576
63581
63582
63583
63585
63587
63588
63591
63592
63595
63599
63600
63601
63604
63608
63613
63614
63618
63620
63622
63624
63626
63628
63632
63633
63634
63638
63639
63641
63642
63644
63645
63646
63647
63653
63656
63658
63659
63664
63666
63667
63671
63673
63674
63679
63680
63682
63685
63686
63693
63694
63695
63703
63704
63705
63707
63709
63710
63712
63713
63714
63716
63717
63720
63721
63724
63725
63726
63728
63730
63733
63735
63737
63738
63740
63743
63744
63745
63746
63751
63755
63757
63761
63762
63767
63773
63774
63778
63779
63785
63786
63789
63790
63796
63797
63798
63799
63802
63803
63805
63808
63809
63812
63815
63816
63819
63821
63826
63831
63833
63834
63836
63839
63840
63841
63842
63845
63847
63849
63851
63853
63854
63855
63856
63857
63858
63862
63865
63866
63879
63881
63882
63883
63885
63887
63889
63890
63897
63899
63900
63901
63903
63910
63911
63913
63915
63918
63921
63926
63930
63931
63933
63938
63942
63947
63949
63952
63953
63955
63956
63957
63965
63966
63970
63972
63973
63975
63976
63977
63978
63980
63982
63984
63986
63987
63991
63993
63995
63999
64001
64003
64008
64013
64017
64018
64023
64026
64034
64035
64037
64039
64041
64045
64051
64054
64066
64070
64071
64072
64073
64076
64077
64080
64083
64085
64092
64094
64095
64100
64103
64104
64106
64109
64111
64112
64113
64115
64116
64117
64120
64121
64123
64125
64126
64128
64130
64131
64134
64136
64140
64141
64143
64144
64148
64151
64153
64154
64159
64161
64162
64163
64164
64167
64168
64169
64171
64175
64178
64180
64182
64185
64186
64188
64189
64190
64191
64193
64195
64198
64200
64202
64204
64205
64206
64209
64210
64213
64216
64217
64223
64224
64228
64229
64233
64239
64240
64241
64242
64243
64244
64247
64249
64252
64254
64255
64257
64258
64262
64263
64264
64266
64267
64268
64271
64272
64274
64281
64282
64283
64284
64285
64287
64288
64289
64290
64291
64293
64294
64297
64300
64301
64302
64303
64304
64306
64307
64309
64310
64311
64316
64317
64318
64320
64323
64324
64325
64327
64328
64329
64330
64332
64333
64334
64336
64339
64341
64343
64346
64347
64348
64350
64351
64359
64360
64361
64362
64366
64369
64371
64372
64373
64375
64378
64379
64380
64381
64383
64384
64386
64387
64388
64389
64390
64391
64392
64396
64398
64401
64404
64405
64410
64412
64413
64415
64416
64426
64430
64431
64436
64437
64440
64442
64444
64445
64448
64450
64452
64453
64455
64456
64457
64459
64462
64463
64467
64469
64472
64474
64475
64478
64481
64487
64493
64494
64495
64498
64499
64500
64506
64509
64511
64512
64515
64516
64517
64524
64532
64533
64535
64536
64546
64548
64549
64550
64552
64554
64557
64559
64560
64562
64564
64565
64566
64568
64570
64574
64575
64579
64583
64584
64588
64590
64592
64594
64596
64598
64599
64602
64603
64605
64607
64608
64610
64611
64612
64616
64617
64618
64620
64621
64627
64628
64632
64634
64637
64644
64645
64646
64647
64648
64650
64651
64662
64666
64667
64669
64671
64672
64676
64677
64678
64683
64687
64688
64693
64699
64700
64701
64702
64703
64706
64707
64708
64709
64712
64713
64714
64715
64719
64725
64726
64735
64736
64738
64739
64743
64744
64746
64747
64749
64750
64751
64755
64757
64760
64761
64764
64768
64770
64774
64776
64777
64779
64780
64782
64787
64790
64791
64792
64797
64798
64800
64804
64805
64807
64811
64814
64815
64817
64819
64821
64823
64825
64829
64831
64833
64834
64839
64842
64843
64844
64845
64847
64852
64855
64856
64859
64861
64864
64868
64869
64870
64873
64875
64876
64877
64879
64880
64881
64885
64886
64887
64888
64892
64897
64899
64901
64902
64905
64908
64910
64911
64916
64917
64918
64922
64926
64927
64929
64932
64933
64937
64939
64940
64941
64942
64947
64949
64950
64954
64955
64956
64959
64960
64961
64962
64963
64964
64966
64969
64973
64974
64979
64981
64984
64985
64989
64991
64993
64994
64997
64998
65001
65002
65003
65004
65007
65016
65019
65020
65022
65023
65028
65031
65033
65034
65035
65037
65038
65040
65041
65043
65047
65048
65051
65055
65060
65065
65068
65069
65070
65071
65077
65080
65084
65088
65090
65092
65093
65094
65098
65100
65105
65106
65110
65113
65114
65120
65121
65123
65125
65126
65127
65128
65129
65130
65131
65132
65134
65135
65137
65138
65142
65144
65147
65151
65152
65154
65156
65157
65159
65161
65162
65163
65165
65166
65167
65169
65171
65172
65173
65174
65175
65178
65179
65180
65181
65182
65186
65187
65189
65190
65191
65195
65199
65202
65205
65207
65209
65210
65212
65213
65214
65219
65220
65222
65223
65225
65230
65232
65238
65239
65244
65246
65248
65252
65254
65258
65259
65262
65263
65264
65266
65267
65269
65274
65275
65277
65280
65283
65284
65285
65286
65289
65290
65293
65294
65297
65304
65306
65309
65310
65311
65313
65316
65319
65321
65323
65324
65325
65326
65327
65329
65332
65334
65339
65340
65343
65344
65345
65349
65350
65352
65353
65354
65357
65358
65359
65361
65365
65369
65371
65372
65374
65375
65377
65378
65381
65383
65386
65387
65388
65392
65393
65394
65397
65399
65400
65403
65405
65406
65408
65415
65418
65420
65422
65424
65425
65427
65428
65430
65432
65434
65435
65438
65440
65441
65442
65443
65445
65451
65454
65455
65457
65458
65461
65462
65463
65464
65468
65470
65474
65479
65481
65482
65484
65485
65487
65490
65493
65497
65498
65499
65501
65506
65512
65515
65518
65521
65526
65530
65531
65534
65535
65539
65542
65548
65549
65550
65552
65553
65557
65562
65566
65567
65569
65573
65574
65575
65581
65584
65586
65587
65588
65591
65594
65597
65599
65600
65601
65602
65606
65607
65608
65609
65611
65612
65615
65616
65619
65620
65622
65623
65625
65626
65633
65634
65635
65636
65638
65639
65640
65641
65642
65644
65651
65652
65653
65655
65656
65657
65659
65660
65662
65663
65666
65667
65669
65672
65674
65675
65676
65677
65680
65685
65688
65689
65690
65691
65692
65693
65694
65695
65700
65703
65704
65705
65707
65712
65713
65714
65715
65716
65719
65720
65722
65724
65726
65728
65729
65732
65733
65734
65735
65738
65740
65743
65747
65752
65753
65754
65755
65756
65758
65759
65763
65764
65765
65767
65770
65771
65774
65775
65776
65777
65778
65779
65780
65782
65785
65786
65788
65789
65790
65793
65800
65802
65804
65811
65813
65815
65818
65819
65824
65825
65826
65827
65828
65829
65830
65834
65835
65837
65841
65842
65844
65850
65851
65852
65853
65856
65857
65858
65860
65863
65871
65874
65875
65876
65883
65885
65887
65892
65896
65901
65903
65906
65912
65914
65915
65916
65920
65921
65922
65924
65926
65927
65928
65929
65930
65931
65932
65933
65937
65938
65944
65945
65948
65949
65953
65955
65956
65966
65967
65968
65972
65974
65979
65981
65982
65983
65984
65986
65987
65988
65993
65994
65998
65999
66002
66003
66005
66006
66008
66009
66012
66013
66015
66022
66024
66025
66026
66027
66029
66030
66031
66035
66042
66044
66047
66049
66050
66055
66059
66060
66063
66064
66065
66067
66069
66073
66075
66077
66078
66080
66081
66082
66083
66084
66085
66094
66095
66098
66100
66103
66106
66107
66109
66110
66115
66116
66117
66127
66128
66129
66131
66132
66133
66135
66139
66140
66141
66143
66144
66146
66148
66150
66152
66153
66155
66157
66158
66159
66160
66161
66163
66164
66169
66171
66172
66175
66176
66177
66178
66187
66188
66194
66198
66199
66200
66201
66207
66209
66210
66212
66213
66218
66219
66220
66224
66230
66232
66233
66234
66237
66238
66243
66245
66246
66248
66251
66252
66254
66255
66256
66271
66272
66275
66276
66278
66281
66283
66286
66287
66289
66291
66292
66298
66303
66304
66307
66308
66310
66311
66319
66320
66321
66326
66333
66334
66335
66338
66341
66342
66344
66345
66346
66347
66351
66352
66353
66354
66355
66356
66357
66358
66360
66361
66364
66370
66371
66380
66381
66388
66390
66397
66400
66401
66406
66407
66408
66412
66413
66414
66415
66418
66420
66424
66425
66429
66430
66431
66433
66434
66438
66439
66441
66443
66445
66446
66447
66448
66452
66455
66457
66463
66465
66467
66471
66476
66479
66482
66483
66484
66485
66489
66491
66495
66496
66497
66499
66501
66503
66504
66505
66506
66509
66511
66515
66516
66517
66519
66520
66526
66530
66532
66540
66544
66549
66552
66553
66557
66561
66562
66564
66565
66566
66568
66570
66571
66577
66578
66581
66582
66585
66590
66593
66594
66595
66597
66598
66604
66609
66612
66613
66614
66616
66617
66618
66619
66620
66621
66633
66634
66635
66638
66640
66641
66642
66643
66650
66651
66653
66655
66662
66663
66664
66665
66672
66675
66676
66677
66678
66679
66682
66687
66689
66693
66695
66697
66702
66703
66710
66711
66714
66715
66718
66721
66722
66724
66725
66726
66728
66731
66734
66740
66742
66743
66745
66746
66749
66750
66753
66754
66761
66764
66765
66767
66768
66769
66771
66777
66780
66781
66782
66783
66785
66791
66795
66799
66800
66801
66802
66803
66804
66809
66810
66814
66828
66830
66832
66833
66834
66836
66841
66842
66843
66844
66849
66852
66853
66856
66860
66861
66863
66864
66867
66869
66872
66873
66874
66875
66880
66884
66886
66887
66889
66894
66895
66897
66898
66899
66900
66901
66902
66904
66905
66906
66909
66910
66912
66918
66922
66924
66925
66926
66931
66932
66933
66935
66938
66939
66944
66947
66948
66950
66951
66952
66953
66956
66957
66958
66960
66961
66962
66963
66965
66968
66972
66977
66980
66984
66985
66986
66988
66990
66992
66995
66996
67000
67003
67006
67008
67010
67011
67016
67019
67020
67025
67026
67030
67031
67034
67035
67037
67041
67043
67044
67046
67047
67049
67052
67054
67055
67056
67057
67058
67060
67063
67064
67067
67074
67076
67078
67079
67080
67084
67087
67090
67091
67092
67093
67094
67097
67099
67100
67102
67106
67108
67109
67114
67116
67118
67124
67125
67127
67128
67130
67132
67134
67137
67138
67139
67140
67142
67144
67145
67152
67154
67160
67163
67165
67170
67171
67172
67173
67175
67176
67177
67178
67180
67181
67184
67186
67187
67194
67195
67196
67197
67203
67205
67206
67207
67210
67211
67214
67215
67216
67217
67219
67220
67226
67229
67232
67234
67236
67240
67241
67244
67247
67248
67251
67252
67257
67259
67263
67264
67266
67267
67269
67274
67277
67278
67279
67280
67288
67290
67292
67294
67295
67298
67299
67300
67301
67302
67304
67306
67307
67308
67309
67312
67313
67318
67319
67324
67325
67326
67330
67336
67337
67339
67340
67343
67344
67347
67350
67355
67356
67358
67361
67362
67363
67366
67368
67369
67370
67375
67379
67382
67383
67385
67386
67388
67390
67392
67394
67396
67401
67402
67403
67407
67409
67410
67411
67412
67413
67417
67422
67423
67424
67425
67426
67430
67432
67433
67435
67438
67440
67441
67442
67443
67444
67450
67453
67458
67459
67465
67469
67473
67474
67475
67476
67481
67482
67485
67487
67489
67490
67491
67494
67495
67501
67505
67509
67515
67517
67518
67519
67520
67521
67523
67525
67527
67528
67529
67531
67542
67546
67547
67548
67550
67551
67553
67558
67559
67561
67565
67566
67567
67570
67574
67579
67580
67581
67582
67586
67587
67590
67594
67598
67599
67602
67604
67605
67606
67612
67614
67615
67618
67619
67620
67622
67623
67627
67628
67631
67634
67637
67638
67640
67642
67645
67647
67648
67652
67656
67657
67662
67664
67665
67666
67667
67668
67669
67671
67673
67675
67678
67683
67684
67686
67687
67688
67689
67690
67691
67693
67694
67695
67697
67698
67699
67700
67704
67708
67709
67711
67712
67714
67716
67717
67718
67720
67721
67722
67723
67726
67727
67731
67733
67734
67737
67738
67740
67742
67743
67746
67748
67750
67755
67758
67759
67763
67765
67769
67770
67771
67773
67774
67778
67780
67781
67782
67784
67786
67789
67790
67793
67796
67798
67803
67805
67811
67814
67815
67817
67818
67820
67826
67827
67830
67831
67832
67835
67836
67841
67843
67844
67847
67851
67855
67858
67860
67864
67865
67866
67875
67877
67880
67884
67886
67894
67895
67897
67900
67907
67908
67909
67911
67916
67917
67918
67920
67922
67924
67926
67927
67934
67935
67937
67939
67941
67942
67943
67944
67948
67950
67953
67955
67957
67958
67964
67966
67970
67973
67974
67976
67979
67981
67982
67983
67984
67985
67986
67990
67992
67993
67997
68001
68002
68008
68009
68011
68012
68019
68021
68022
68026
68027
68028
68030
68032
68037
68042
68043
68044
68045
68049
68051
68057
68059
68060
68061
68065
68068
68070
68072
68073
68077
68079
68080
68085
68086
68088
68091
68092
68093
68097
68099
68103
68104
68106
68107
68112
68113
68115
68117
68121
68124
68125
68129
68131
68135
68137
68139
68142
68144
68145
68146
68147
68148
68154
68159
68162
68164
68166
68168
68170
68171
68174
68182
68184
68186
68187
68188
68191
68192
68194
68196
68201
68202
68208
68211
68213
68214
68215
68219
68220
68224
68227
68229
68230
68231
68233
68234
68235
68238
68239
68241
68244
68245
68248
68250
68253
68257
68261
68266
68268
68272
68274
68275
68276
68279
68281
68284
68286
68287
68288
68289
68290
68295
68297
68298
68302
68306
68309
68310
68311
68314
68315
68316
68318
68320
68322
68326
68328
68329
68331
68334
68335
68336
68338
68342
68343
68345
68347
68355
68356
68359
68360
68366
68367
68370
68371
68372
68373
68374
68375
68376
68377
68380
68382
68385
68386
68387
68388
68392
68397
68405
68408
68411
68412
68413
68414
68415
68417
68420
68421
68422
68423
68424
68431
68437
68439
68442
68443
68444
68447
68449
68453
68455
68456
68461
68462
68465
68466
68467
68471
68472
68476
68480
68481
68484
68488
68490
68491
68493
68496
68497
68498
68499
68500
68503
68506
68507
68510
68511
68516
68517
68520
68522
68523
68524
68526
68528
68529
68530
68532
68534
68535
68536
68537
68539
68541
68542
68544
68550
68554
68559
68560
68561
68563
68566
68570
68575
68577
68578
68579
68581
68583
68584
68585
68587
68588
68595
68601
68605
68607
68611
68613
68614
68619
68625
68626
68628
68633
68634
68635
68640
68642
68643
68645
68646
68648
68651
68654
68658
68664
68666
68667
68670
68671
68674
68675
68676
68677
68679
68680
68682
68690
68694
68695
68697
68701
68704
68705
68708
68711
68714
68719
68720
68721
68723
68726
68730
68732
68737
68738
68740
68741
68743
68744
68747
68752
68755
68758
68760
68761
68763
68766
68767
68770
68771
68773
68774
68776
68784
68791
68792
68796
68799
68802
68804
68808
68812
68814
68815
68816
68818
68819
68823
68827
68833
68835
68836
68841
68843
68846
68849
68850
68853
68855
68856
68858
68859
68860
68863
68865
68866
68868
68870
68879
68880
68882
68886
68889
68892
68895
68896
68897
68902
68904
68905
68906
68907
68915
68916
68917
68929
68931
68934
68935
68938
68939
68941
68943
68944
68951
68952
68954
68955
68957
68959
68961
68967
68968
68971
68973
68974
68975
68980
68982
68984
68988
68990
68991
68992
68994
68995
68999
69000
69002
69007
69010
69011
69013
69015
69016
69017
69018
69021
69022
69023
69024
69026
69030
69031
69034
69036
69040
69041
69043
69049
69051
69052
69053
69058
69061
69062
69064
69065
69067
69069
69070
69072
69075
69081
69086
69089
69090
69097
69098
69100
69101
69102
69104
69105
69106
69107
69108
69111
69112
69113
69115
69116
69119
69124
69125
69128
69129
69130
69134
69135
69138
69139
69140
69142
69143
69144
69152
69158
69159
69162
69164
69169
69171
69176
69177
69179
69181
69182
69183
69184
69185
69186
69188
69189
69190
69195
69197
69200
69203
69204
69206
69207
69208
69213
69222
69223
69224
69229
69230
69231
69233
69234
69235
69237
69242
69243
69244
69248
69250
69252
69253
69254
69265
69266
69269
69271
69273
69274
69275
69276
69278
69281
69286
69289
69291
69292
69295
69296
69297
69298
69299
69301
69307
69311
69319
69321
69322
69325
69328
69330
69332
69339
69341
69342
69343
69345
69346
69349
69351
69352
69356
69363
69364
69366
69367
69368
69369
69370
69374
69375
69376
69377
69379
69386
69388
69389
69390
69391
69392
69402
69404
69405
69410
69412
69413
69414
69417
69423
69425
69428
69432
69433
69434
69435
69437
69442
69449
69453
69456
69460
69462
69463
69467
69468
69469
69472
69473
69477
69479
69482
69483
69484
69485
69488
69489
69490
69493
69494
69498
69499
69502
69503
69504
69506
69508
69514
69515
69516
69522
69523
69528
69529
69532
69535
69536
69538
69539
69541
69542
69543
69545
69546
69547
69549
69550
69551
69552
69554
69564
69569
69572
69577
69581
69586
69588
69590
69591
69592
69593
69595
69598
69602
69603
69604
69605
69607
69609
69611
69612
69613
69614
69618
69620
69621
69627
69628
69629
69637
69638
69639
69641
69644
69648
69650
69651
69657
69662
69663
69665
69666
69668
69669
69673
69675
69679
69682
69683
69685
69689
69695
69699
69701
69704
69705
69707
69710
69714
69715
69716
69718
69719
69721
69723
69724
69725
69727
69729
69735
69737
69738
69739
69740
69741
69743
69745
69748
69749
69754
69755
69757
69759
69762
69764
69767
69769
69773
69776
69777
69779
69780
69781
69782
69787
69790
69793
69794
69796
69799
69804
69811
69812
69813
69814
69821
69822
69825
69827
69830
69831
69833
69834
69835
69837
69838
69839
69840
69848
69849
69851
69853
69855
69857
69858
69859
69860
69863
69864
69867
69868
69869
69875
69879
69880
69883
69884
69886
69888
69892
69900
69905
69906
69909
69914
69916
69918
69921
69923
69924
69927
69930
69931
69932
69934
69942
69948
69951
69952
69953
69961
69963
69969
69973
69975
69976
69978
69979
69984
69986
69987
69989
69990
69991
69992
69996
69998
70001
70003
70006
70014
70015
70018
70020
70028
70038
70041
70042
70044
70049
70058
70060
70062
70064
70065
70068
70071
70072
70073
70075
70077
70078
70080
70083
70090
70094
70095
70096
70100
70104
70106
70107
70109
70110
70115
70118
70120
70126
70127
70128
70130
70131
70133
70134
70135
70136
70137
70142
70145
70147
70152
70156
70157
70158
70162
70164
70167
70168
70169
70172
70173
70175
70178
70180
70184
70188
70194
70196
70197
70198
70199
70200
70202
70207
70208
70209
70211
70215
70216
70217
70218
70220
70221
70226
70227
70229
70231
70232
70233
70235
70236
70237
70239
70242
70245
70247
70248
70249
70250
70252
70253
70256
70260
70261
70262
70263
70264
70265
70269
70270
70272
70276
70277
70280
70283
70290
70291
70292
70295
70296
70297
70298
70299
70302
70306
70307
70313
70315
70323
70324
70325
70327
70329
70330
70332
70336
70337
70345
70348
70350
70355
70356
70358
70359
70360
70363
70364
70365
70368
70370
70371
70374
70376
70382
70386
70387
70390
70392
70394
70398
70399
70400
70401
70402
70403
70404
70409
70413
70415
70417
70420
70421
70422
70424
70426
70428
70435
70436
70437
70438
70439
70442
70443
70444
70446
70447
70449
70450
70451
70453
70454
70457
70463
70466
70469
70470
70471
70474
70476
70481
70483
70484
70486
70487
70489
70491
70492
70493
70496
70497
70502
70504
70507
70508
70510
70523
70524
70526
70527
70528
70529
70531
70535
70538
70540
70541
70543
70545
70546
70548
70549
70550
70552
70554
70561
70562
70566
70568
70570
70571
70572
70573
70575
70576
70577
70580
70586
70587
70588
70589
70590
70591
70592
70595
70598
70599
70603
70605
70607
70608
70609
70611
70614
70615
70617
70618
70622
70625
70626
70628
70630
70631
70634
70641
70644
70645
70648
70653
70655
70661
70665
70668
70669
70672
70673
70676
70678
70679
70683
70687
70691
70696
70699
70700
70702
70704
70705
70706
70712
70713
70719
70721
70722
70723
70724
70725
70726
70728
70729
70732
70735
70740
70741
70743
70744
70747
70749
70753
70754
70755
70757
70760
70762
70763
70764
70765
70771
70774
70785
70787
70788
70796
70798
70808
70810
70811
70813
70814
70815
70819
70822
70824
70827
70828
70830
70834
70835
70837
70839
70840
70842
70843
70845
70848
70850
70851
70852
70853
70854
70855
70857
70859
70862
70863
70865
70868
70869
70870
70872
70876
70877
70880
70882
70883
70884
70887
70890
70891
70892
70896
70897
70902
70903
70904
70905
70910
70912
70914
70915
70916
70920
70922
70923
70924
70928
70931
70933
70936
70937
70939
70941
70942
70943
70946
70951
70955
70956
70958
70966
70967
70971
70973
70975
70976
70979
70984
70987
70990
70992
70994
70995
70997
70998
70999
71000
71001
71005
71006
71007
71009
71011
71014
71016
71017
71027
71028
71029
71033
71034
71036
71037
71041
71044
71046
71047
71048
71049
71055
71056
71057
71058
71060
71063
71064
71069
71070
71071
71072
71073
71074
71076
71077
71078
71079
71082
71087
71088
71089
71090
71093
71095
71096
71099
71100
71102
71103
71105
71108
71111
71116
71117
71118
71119
71120
71121
71122
71123
71127
71128
71129
71131
71135
71136
71137
71138
71139
71142
71143
71146
71150
71151
71154
71157
71160
71163
71166
71171
71172
71173
71174
71176
71179
71183
71185
71190
71192
71193
71195
71201
71203
71204
71205
71206
71207
71211
71212
71214
71218
71219
71220
71221
71222
71223
71227
71235
71239
71241
71242
71245
71249
71252
71253
71254
71255
71256
71259
71261
71263
71264
71265
71266
71268
71269
71273
71274
71275
71276
71277
71279
71282
71284
71286
71287
71291
71293
71301
71303
71305
71306
71307
71313
71314
71317
71318
71319
71324
71326
71328
71329
71332
71335
71336
71340
71341
71342
71343
71346
71348
71349
71351
71357
71358
71361
71364
71365
71366
71367
71369
71370
71371
71372
71373
71374
71377
71378
71383
71384
71387
71389
71390
71394
71395
71402
71403
71405
71406
71411
71415
71417
71419
71420
71421
71424
71425
71426
71428
71431
71432
71434
71435
71436
71437
71439
71441
71442
71444
71449
71453
71455
71456
71458
71464
71465
71470
71475
71477
71478
71479
71480
71481
71484
71486
71488
71489
71490
71495
71497
71499
71500
71503
71506
71516
71518
71519
71520
71521
71523
71524
71525
71530
71531
71538
71540
71541
71542
71544
71545
71547
71549
71554
71559
71561
71565
71568
71576
71579
71580
71584
71586
71587
71590
71592
71594
71599
71600
71602
71603
71604
71605
71608
71612
71613
71614
71615
71616
71618
71619
71620
71622
71623
71624
71625
71626
71627
71629
71630
71631
71632
71633
71636
71641
71645
71649
71651
71654
71658
71660
71662
71664
71665
71666
71669
71674
71677
71680
71681
71683
71684
71685
71688
71689
71691
71696
71698
71702
71703
71704
71706
71709
71710
71713
71714
71716
71717
71719
71725
71727
71728
71730
71733
71734
71735
71737
71738
71739
71740
71743
71744
71746
71747
71750
71751
71753
71756
71759
71762
71763
71765
71767
71768
71772
71774
71775
71778
71779
71780
71781
71787
71788
71790
71792
71793
71794
71797
71801
71802
71803
71804
71810
71811
71812
71813
71815
71816
71818
71823
71825
71827
71828
71829
71830
71832
71835
71839
71843
71845
71847
71849
71850
71853
71855
71857
71860
71865
71867
71868
71873
71875
71883
71884
71886
71890
71891
71892
71893
71894
71895
71897
71898
71904
71908
71909
71910
71915
71917
71920
71921
71924
71925
71926
71928
71929
71932
71934
71937
71944
71945
71946
71947
71950
71952
71954
71955
71958
71960
71961
71969
71973
71974
71977
71978
71979
71982
71983
71984
71993
71995
71996
71998
72004
72005
72006
72010
72011
72013
72014
72019
72020
72022
72024
72029
72031
72032
72033
72037
72038
72042
72043
72044
72048
72050
72051
72052
72054
72056
72057
72059
72060
72062
72064
72069
72070
72071
72077
72080
72081
72082
72083
72084
72085
72086
72088
72089
72090
72091
72096
72100
72101
72102
72103
72109
72111
72112
72113
72115
72118
72119
72121
72122
72124
72127
72131
72132
72136
72140
72143
72145
72146
72149
72151
72156
72159
72162
72166
72172
72173
72176
72178
72179
72182
72184
72186
72187
72191
72194
72196
72202
72204
72207
72216
72218
72219
72222
72227
72228
72233
72235
72236
72239
72242
72246
72247
72249
72250
72251
72252
72255
72256
72257
72258
72259
72265
72269
72271
72274
72281
72283
72284
72291
72292
72293
72295
72296
72298
72299
72303
72305
72306
72307
72308
72309
72312
72317
72318
72323
72324
72329
72331
72335
72338
72339
72341
72342
72345
72346
72354
72355
72356
72357
72358
72364
72365
72367
72368
72369
72370
72372
72373
72374
72375
72379
72380
72382
72383
72384
72386
72387
72388
72389
72391
72395
72398
72399
72400
72401
72404
72405
72407
72408
72411
72412
72413
72415
72420
72422
72425
72430
72432
72434
72435
72437
72439
72441
72442
72447
72451
72453
72454
72456
72460
72467
72469
72470
72472
72474
72476
72490
72492
72493
72494
72498
72499
72500
72501
72502
72503
72505
72506
72513
72514
72515
72517
72518
72519
72522
72525
72526
72535
72536
72537
72538
72539
72541
72544
72545
72548
72550
72553
72555
72560
72572
72581
72582
72585
72588
72593
72599
72600
72602
72606
72607
72608
72609
72613
72617
72618
72620
72622
72632
72633
72634
72638
72643
72649
72650
72651
72652
72653
72656
72663
72665
72669
72672
72674
72675
72676
72677
72681
72685
72686
72691
72693
72695
72699
72700
72701
72702
72705
72708
72712
72718
72719
72721
72723
72724
72725
72726
72728
72730
72734
72742
72744
72745
72746
72747
72750
72752
72755
72757
72758
72760
72762
72763
72764
72766
72769
72770
72771
72773
72775
72777
72779
72780
72782
72784
72787
72788
72791
72794
72796
72798
72799
72801
72802
72803
72805
72806
72807
72808
72810
72811
72815
72817
72824
72828
72831
72832
72834
72836
72844
72847
72849
72850
72851
72852
72853
72860
72861
72866
72868
72869
72872
72876
72879
72880
72883
72884
72886
72888
72889
72891
72893
72895
72896
72898
72900
72903
72905
72906
72907
72909
72912
72913
72915
72921
72923
72925
72927
72929
72930
72932
72935
72937
72939
72940
72941
72942
72945
72947
72948
72949
72950
72956
72957
72959
72961
72963
72966
72968
72971
72972
72975
72978
72979
72984
72986
72991
72993
72994
73002
73005
73006
73008
73013
73016
73018
73021
73023
73024
73025
73028
73030
73039
73042
73043
73045
73046
73047
73048
73052
73053
73056
73060
73062
73066
73071
73074
73075
73084
73086
73088
73090
73092
73094
73095
73096
73097
73099
73108
73115
73121
73123
73126
73128
73129
73132
73133
73136
73139
73141
73142
73143
73144
73145
73146
73147
73148
73154
73155
73158
73159
73162
73163
73164
73165
73168
73174
73176
73177
73182
73184
73185
73186
73187
73189
73190
73192
73199
73201
73207
73210
73211
73217
73218
73221
73223
73224
73225
73227
73229
73230
73231
73233
73235
73237
73239
73240
73241
73243
73248
73249
73252
73257
73258
73259
73260
73261
73264
73267
73273
73274
73278
73285
73286
73288
73290
73291
73296
73298
73300
73301
73306
73309
73310
73312
73317
73319
73320
73321
73322
73324
73326
73329
73337
73338
73339
73340
73341
73342
73344
73347
73348
73349
73352
73353
73354
73357
73359
73364
73365
73366
73367
73369
73370
73371
73372
73373
73376
73378
73379
73385
73388
73390
73391
73392
73394
73395
73396
73397
73398
73401
73402
73403
73406
73408
73410
73411
73415
73417
73418
73419
73423
73426
73429
73430
73432
73437
73438
73439
73440
73450
73451
73456
73460
73462
73465
73467
73469
73471
73476
73482
73485
73492
73495
73499
73507
73509
73512
73513
73518
73522
73528
73530
73533
73534
73535
73540
73541
73542
73544
73545
73546
73549
73551
73552
73554
73557
73558
73559
73562
73564
73568
73570
73571
73573
73574
73575
73577
73578
73579
73580
73582
73583
73585
73587
73590
73592
73593
73594
73596
73597
73604
73606
73607
73608
73609
73610
73611
73617
73621
73622
73629
73630
73632
73633
73635
73636
73640
73641
73642
73646
73649
73650
73652
73655
73658
73662
73664
73668
73670
73672
73674
73675
73676
73677
73679
73680
73681
73682
73685
73694
73695
73696
73697
73698
73702
73703
73704
73706
73708
73711
73713
73716
73719
73720
73722
73723
73727
73729
73731
73737
73740
73746
73747
73748
73749
73752
73754
73755
73757
73759
73761
73762
73764
73765
73766
73769
73774
73775
73777
73778
73780
73783
73786
73791
73794
73795
73797
73798
73799
73800
73802
73804
73813
73817
73819
73822
73823
73825
73826
73828
73829
73830
73832
73834
73844
73845
73847
73848
73851
73853
73855
73861
73862
73863
73868
73869
73874
73877
73879
73882
73885
73887
73892
73893
73895
73897
73906
73907
73909
73912
73914
73915
73916
73917
73918
73920
73922
73933
73935
73936
73938
73940
73942
73944
73946
73952
73954
73955
73958
73959
73962
73963
73965
73966
73968
73969
73970
73977
73982
73989
73990
73991
73993
74000
74003
74004
74005
74011
74013
74017
74021
74022
74023
74026
74029
74030
74031
74032
74035
74036
74038
74039
74040
74043
74045
74046
74049
74050
74051
74054
74056
74057
74058
74060
74061
74063
74064
74068
74072
74073
74074
74076
74077
74078
74082
74087
74088
74089
74090
74091
74092
74093
74098
74099
74102
74103
74105
74109
74113
74119
74120
74121
74122
74123
74124
74125
74126
74127
74129
74132
74133
74137
74144
74146
74155
74157
74160
74162
74164
74166
74167
74168
74170
74171
74173
74178
74180
74182
74185
74187
74190
74192
74194
74196
74197
74199
74200
74206
74207
74208
74210
74214
74216
74220
74224
74228
74230
74238
74240
74241
74242
74244
74245
74246
74247
74248
74251
74252
74258
74261
74263
74267
74269
74272
74275
74279
74284
74285
74287
74288
74291
74293
74294
74297
74298
74299
74300
74301
74304
74310
74313
74315
74316
74317
74319
74323
74326
74330
74331
74333
74335
74337
74340
74344
74345
74348
74350
74352
74356
74358
74359
74360
74366
74369
74371
74377
74379
74384
74386
74388
74390
74393
74396
74399
74400
74403
74404
74406
74407
74408
74409
74410
74412
74414
74415
74416
74418
74419
74420
74422
74424
74425
74426
74428
74431
74432
74437
74438
74440
74445
74446
74448
74449
74450
74452
74454
74455
74459
74460
74466
74470
74472
74473
74474
74478
74479
74480
74482
74483
74484
74485
74487
74494
74497
74498
74499
74501
74503
74504
74506
74509
74512
74513
74514
74516
74517
74519
74522
74524
74526
74527
74529
74530
74534
74536
74537
74538
74540
74542
74543
74544
74546
74549
74551
74552
74553
74554
74555
74557
74558
74559
74560
74561
74562
74563
74564
74566
74569
74570
74571
74574
74575
74576
74578
74579
74582
74583
74590
74594
74596
74597
74600
74601
74602
74603
74609
74610
74611
74612
74617
74618
74621
74622
74624
74633
74634
74636
74637
74638
74639
74640
74641
74650
74653
74654
74657
74659
74661
74666
74668
74670
74674
74675
74681
74682
74684
74685
74686
74689
74694
74695
74696
74699
74700
74702
74707
74708
74709
74712
74714
74715
74718
74719
74720
74722
74730
74735
74737
74740
74745
74746
74748
74754
74756
74757
74761
74763
74764
74765
74767
74768
74770
74775
74776
74780
74786
74788
74790
74791
74796
74799
74800
74803
74804
74806
74812
74813
74817
74818
74821
74822
74824
74827
74828
74829
74837
74839
74841
74845
74846
74854
74855
74862
74864
74868
74869
74872
74874
74875
74878
74879
74880
74881
74882
74883
74887
74889
74890
74891
74892
74894
74895
74898
74899
74901
74909
74910
74911
74913
74916
74923
74925
74926
74928
74931
74933
74936
74938
74947
74948
74950
74951
74952
74954
74956
74957
74960
74961
74962
74963
74965
74966
74968
74972
74973
74979
74982
74983
74984
74986
74987
74988
74990
74994
74998
75000
75006
75008
75009
75010
75013
75014
75019
75020
75022
75024
75025
75029
75034
75037
75038
75039
75044
75045
75050
75051
75052
75053
75055
75060
75062
75064
75065
75066
75067
75069
75071
75073
75074
75078
75084
75085
75086
75088
75089
75091
75092
75094
75095
75098
75099
75104
75106
75108
75109
75110
75113
75116
75119
75120
75122
75124
75126
75129
75130
75134
75137
75138
75142
75144
75146
75147
75149
75150
75151
75152
75154
75155
75156
75157
75159
75161
75162
75163
75166
75167
75169
75175
75177
75180
75181
75191
75201
75203
75206
75208
75211
75212
75213
75214
75216
75219
75223
75224
75225
75228
75230
75235
75236
75237
75238
75241
75242
75249
75252
75255
75259
75262
75264
75265
75269
75270
75272
75277
75279
75283
75284
75286
75294
75295
75296
75297
75299
75302
75307
75310
75311
75315
75316
75322
75329
75332
75333
75336
75343
75344
75345
75346
75347
75348
75352
75353
75356
75358
75360
75362
75367
75371
75374
75375
75376
75377
75380
75381
75382
75383
75384
75385
75386
75388
75389
75391
75393
75398
75399
75401
75405
75408
75409
75411
75412
75414
75415
75416
75418
75420
75423
75428
75430
75435
75438
75442
75456
75459
75466
75467
75473
75475
75476
75477
75479
75480
75481
75483
75485
75488
75491
75492
75497
75499
75500
75502
75505
75506
75509
75510
75514
75516
75519
75522
75526
75528
75530
75531
75532
75533
75535
75537
75543
75546
75548
75551
75553
75555
75557
75559
75560
75561
75563
75564
75565
75566
75567
75568
75569
75570
75571
75576
75577
75579
75580
75581
75582
75583
75585
75587
75590
75592
75593
75594
75598
75600
75603
75605
75607
75611
75612
75615
75616
75619
75621
75622
75627
75631
75633
75635
75638
75639
75641
75644
75645
75647
75651
75652
75657
75658
75660
75661
75663
75664
75667
75670
75671
75674
75676
75677
75679
75681
75682
75689
75692
75695
75697
75698
75704
75708
75710
75711
75712
75716
75721
75722
75723
75727
75728
75729
75731
75736
75737
75738
75740
75741
75742
75743
75745
75746
75748
75749
75750
75752
75755
75756
75758
75759
75760
75763
75764
75767
75768
75770
75771
75772
75773
75774
75777
75778
75781
75782
75783
75784
75785
75787
75788
75789
75790
75794
75798
75804
75808
75810
75811
75818
75821
75823
75824
75827
75834
75835
75836
75837
75839
75842
75843
75851
75856
75857
75859
75861
75862
75864
75867
75870
75873
75874
75875
75879
75881
75883
75885
75886
75887
75888
75889
75890
75891
75892
75893
75897
75898
75901
75902
75907
75911
75913
75914
75919
75920
75921
75922
75926
75928
75931
75932
75937
75940
75945
75947
75948
75950
75952
75953
75954
75955
75956
75959
75962
75963
75968
75969
75970
75971
75972
75979
75980
75983
75984
75993
75996
75997
75998
75999
76000
76006
76011
76015
76016
76017
76019
76023
76027
76028
76029
76031
76036
76037
76038
76041
76042
76043
76045
76046
76049
76051
76052
76056
76057
76061
76063
76067
76069
76070
76072
76073
76075
76076
76078
76080
76082
76083
76087
76088
76089
76091
76092
76094
76100
76101
76109
76110
76111
76112
76115
76116
76117
76118
76119
76120
76122
76125
76127
76131
76134
76135
76136
76138
76139
76140
76141
76142
76147
76148
76155
76159
76161
76162
76166
76168
76170
76172
76173
76174
76177
76179
76181
76182
76186
76187
76189
76190
76193
76195
76196
76200
76202
76206
76207
76208
76211
76214
76216
76225
76227
76241
76242
76245
76247
76248
76249
76250
76251
76253
76254
76256
76262
76269
76276
76279
76280
76282
76283
76284
76286
76288
76289
76290
76291
76292
76293
76296
76299
76301
76304
76305
76306
76309
76311
76314
76315
76320
76322
76323
76327
76330
76331
76334
76340
76341
76342
76344
76346
76349
76351
76356
76361
76366
76368
76371
76372
76374
76375
76383
76388
76389
76392
76396
76397
76399
76401
76402
76403
76405
76406
76408
76409
76412
76413
76416
76417
76418
76422
76423
76425
76428
76430
76432
76434
76435
76436
76437
76440
76441
76447
76449
76452
76453
76454
76455
76456
76458
76459
76463
76466
76467
76469
76473
76475
76477
76481
76482
76487
76492
76493
76501
76503
76505
76508
76511
76512
76517
76518
76519
76528
76531
76532
76533
76534
76535
76540
76552
76553
76555
76556
76558
76559
76560
76561
76562
76568
76569
76571
76572
76573
76581
76584
76586
76588
76589
76591
76592
76594
76598
76604
76605
76609
76610
76611
76619
76622
76629
76631
76633
76637
76640
76642
76643
76645
76646
76650
76654
76662
76663
76664
76665
76666
76667
76668
76672
76673
76675
76692
76695
76699
76700
76702
76704
76713
76716
76717
76720
76721
76722
76727
76731
76735
76737
76739
76740
76742
76743
76747
76748
76749
76751
76754
76755
76758
76760
76761
76762
76763
76764
76766
76767
76768
76770
76771
76777
76778
76784
76786
76788
76790
76792
76796
76797
76800
76801
76802
76803
76807
76808
76812
76814
76817
76820
76822
76824
76825
76826
76827
76830
76833
76834
76835
76837
76838
76841
76843
76847
76849
76850
76855
76856
76859
76863
76864
76866
76868
76870
76873
76874
76877
76878
76879
76882
76885
76890
76892
76894
76895
76897
76898
76899
76903
76908
76911
76912
76919
76921
76924
76925
76926
76928
76930
76931
76934
76935
76936
76938
76941
76945
76947
76950
76952
76953
76954
76960
76963
76964
76965
76969
76976
76981
76984
76985
76986
76987
76989
76990
76993
76994
76997
76998
77000
77001
77003
77006
77016
77018
77019
77023
77024
77025
77028
77033
77035
77036
77037
77038
77040
77041
77045
77048
77052
77056
77057
77058
77061
77069
77078
77080
77083
77085
77086
77087
77090
77094
77095
77096
77098
77099
77102
77105
77110
77115
77116
77118
77119
77121
77126
77128
77132
77135
77140
77144
77145
77147
77154
77159
77161
77162
77166
77174
77176
77179
77187
77189
77190
77192
77194
77199
77200
77201
77206
77208
77213
77214
77217
77218
77221
77222
77225
77229
77231
77232
77236
77238
77239
77241
77242
77243
77244
77246
77251
77253
77259
77260
77264
77267
77272
77273
77274
77275
77276
77289
77290
77295
77296
77297
77298
77302
77310
77313
77314
77315
77317
77326
77328
77329
77330
77332
77333
77335
77338
77340
77342
77343
77346
77347
77348
77352
77354
77360
77361
77362
77371
77373
77374
77375
77376
77382
77384
77387
77388
77389
77392
77394
77396
77397
77398
77399
77400
77401
77403
77404
77408
77411
77412
77421
77424
77426
77427
77428
77430
77431
77434
77436
77442
77443
77448
77449
77453
77454
77459
77461
77463
77466
77469
77471
77474
77476
77480
77483
77484
77487
77490
77491
77492
77493
77497
77500
77501
77502
77503
77504
77506
77507
77508
77511
77514
77515
77521
77522
77523
77526
77530
77531
77532
77536
77542
77543
77553
77554
77555
77560
77562
77565
77567
77571
77572
77574
77577
77581
77584
77585
77586
77589
77591
77596
77599
77600
77601
77602
77603
77604
77605
77607
77609
77610
77611
77613
77617
77622
77623
77625
77627
77629
77633
77634
77637
77638
77639
77640
77642
77643
77646
77647
77649
77650
77655
77665
77666
77667
77668
77669
77672
77678
77681
77682
77683
77684
77686
77687
77688
77691
77692
77695
77697
77699
77702
77704
77707
77708
77717
77718
77724
77725
77726
77727
77729
77731
77733
77735
77736
77742
77744
77747
77748
77752
77753
77754
77757
77770
77772
77776
77777
77778
77779
77780
77781
77786
77788
77789
77793
77796
77797
77799
77801
77804
77805
77806
77808
77809
77812
77813
77814
77815
77816
77819
77820
77821
77826
77828
77831
77834
77838
77839
77841
77844
77845
77846
77853
77856
77859
77861
77863
77865
77866
77867
77870
77875
77876
77879
77880
77883
77884
77886
77890
77892
77893
77895
77899
77900
77901
77904
77906
77907
77908
77911
77916
77922
77925
77926
77929
77931
77932
77935
77937
77938
77939
77940
77941
77943
77946
77949
77956
77959
77961
77966
77969
77976
77980
77981
77982
77984
77988
77989
77992
77994
77996
77997
78001
78004
78005
78007
78011
78014
78018
78020
78021
78023
78024
78025
78031
78037
78046
78049
78056
78058
78059
78060
78061
78062
78063
78064
78067
78071
78072
78076
78078
78080
78081
78082
78084
78085
78087
78089
78091
78094
78096
78102
78104
78106
78112
78115
78116
78117
78121
78123
78125
78126
78127
78128
78129
78134
78138
78140
78142
78144
78145
78146
78147
78150
78152
78155
78156
78157
78161
78164
78167
78168
78179
78180
78183
78185
78189
78190
78191
78192
78193
78194
78195
78198
78203
78205
78206
78207
78209
78210
78213
78220
78224
78228
78229
78230
78233
78235
78236
78237
78238
78239
78241
78244
78246
78247
78250
78252
78257
78259
78265
78266
78267
78268
78269
78270
78272
78274
78275
78276
78278
78284
78285
78288
78291
78293
78294
78295
78303
78305
78306
78312
78313
78317
78318
78319
78321
78324
78325
78329
78331
78332
78338
78340
78354
78355
78357
78361
78363
78364
78365
78367
78371
78377
78380
78381
78386
78387
78389
78395
78396
78398
78399
78400
78402
78403
78404
78408
78409
78411
78413
78415
78416
78417
78419
78421
78422
78423
78424
78426
78427
78428
78429
78434
78435
78438
78439
78440
78441
78443
78444
78448
78452
78454
78455
78456
78462
78468
78471
78472
78474
78475
78476
78477
78479
78486
78493
78495
78497
78498
78503
78504
78505
78506
78508
78509
78512
78515
78519
78522
78524
78533
78541
78543
78544
78548
78550
78551
78553
78555
78557
78565
78566
78571
78572
78573
78574
78575
78576
78577
78578
78580
78581
78582
78588
78590
78592
78594
78596
78602
78603
78604
78608
78610
78614
78619
78622
78627
78630
78631
78636
78640
78641
78643
78645
78651
78655
78656
78657
78659
78660
78661
78662
78666
78667
78668
78669
78671
78673
78674
78675
78676
78679
78680
78681
78685
78686
78691
78693
78694
78698
78701
78705
78716
78723
78728
78729
78732
78733
78734
78738
78740
78745
78748
78749
78752
78753
78759
78761
78766
78773
78774
78775
78780
78781
78782
78784
78787
78789
78791
78796
78799
78800
78802
78804
78806
78808
78810
78811
78812
78814
78817
78820
78823
78824
78825
78828
78830
78831
78839
78841
78842
78844
78852
78853
78856
78858
78863
78870
78872
78873
78874
78876
78881
78884
78885
78887
78888
78890
78891
78892
78895
78896
78898
78902
78903
78904
78909
78910
78911
78912
78916
78922
78926
78928
78933
78934
78937
78941
78942
78944
78949
78951
78953
78955
78957
78960
78961
78962
78964
78966
78967
78968
78969
78971
78975
78979
78983
78986
78987
78988
78989
78994
78995
78997
78998
79001
79008
79012
79014
79022
79023
79029
79034
79039
79041
79042
79045
79046
79047
79051
79052
79054
79058
79059
79061
79062
79063
79066
79071
79075
79080
79082
79084
79088
79089
79091
79096
79100
79105
79106
79108
79110
79117
79119
79120
79124
79127
79128
79129
79130
79133
79135
79136
79142
79148
79149
79150
79151
79155
79159
79166
79167
79169
79170
79172
79174
79178
79179
79180
79181
79191
79192
79196
79199
79200
79205
79208
79211
79212
79214
79216
79219
79223
79225
79226
79227
79228
79229
79230
79233
79235
79236
79240
79243
79247
79249
79251
79255
79256
79257
79263
79264
79265
79267
79275
79278
79280
79283
79287
79288
79289
79291
79293
79296
79298
79299
79300
79301
79305
79306
79309
79310
79311
79312
79313
79314
79315
79317
79318
79322
79324
79325
79327
79334
79335
79338
79341
79343
79344
79345
79346
79347
79348
79352
79358
79364
79367
79369
79380
79383
79384
79385
79386
79388
79391
79394
79396
79401
79402
79405
79409
79413
79416
79418
79420
79427
79428
79431
79432
79434
79438
79439
79442
79444
79445
79447
79451
79453
79455
79458
79459
79462
79464
79465
79466
79467
79469
79470
79474
79475
79476
79477
79480
79481
79485
79486
79487
79488
79496
79498
79501
79503
79506
79518
79520
79521
79522
79528
79530
79531
79533
79535
79540
79542
79543
79544
79545
79546
79552
79556
79563
79565
79566
79568
79571
79572
79575
79578
79579
79583
79585
79588
79590
79593
79594
79601
79602
79606
79607
79608
79609
79611
79612
79614
79616
79617
79619
79620
79625
79626
79634
79637
79639
79640
79644
79647
79649
79652
79654
79655
79659
79663
79668
79669
79671
79672
79674
79676
79678
79680
79684
79686
79689
79691
79696
79699
79700
79701
79703
79704
79709
79711
79713
79715
79716
79717
79718
79719
79720
79722
79729
79733
79734
79735
79736
79744
79745
79748
79749
79750
79752
79758
79760
79762
79764
79767
79769
79770
79772
79773
79777
79778
79781
79784
79785
79791
79795
79797
79798
79799
79801
79803
79806
79807
79808
79812
79813
79814
79816
79817
79822
79823
79824
79826
79827
79829
79831
79833
79835
79838
79842
79844
79847
79848
79849
79852
79853
79859
79866
79868
79876
79877
79878
79880
79882
79887
79888
79896
79897
79900
79902
79904
79905
79906
79907
79912
79914
79915
79924
79927
79931
79932
79937
79938
79941
79950
79951
79952
79953
79958
79962
79963
79965
79968
79971
79972
79974
79977
79979
79983
79987
79990
79991
79993
79995
79996
79997
79998
79999
80005
80010
80011
80012
80015
80017
80018
80019
80021
80024
80030
80033
80039
80041
80045
80046
80048
80052
80056
80062
80063
80065
80066
80068
80069
80072
80075
80077
80079
80081
80083
80085
80086
80087
80088
80090
80092
80097
80099
80104
80105
80106
80109
80110
80112
80113
80114
80117
80118
80119
80122
80124
80126
80129
80134
80135
80141
80142
80143
80146
80149
80151
80157
80158
80159
80161
80162
80164
80167
80169
80170
80172
80175
80183
80189
80192
80193
80194
80197
80198
80201
80206
80207
80208
80213
80214
80215
80225
80231
80233
80238
80239
80241
80242
80244
80246
80248
80249
80250
80251
80253
80254
80255
80256
80258
80259
80260
80269
80270
80271
80272
80274
80277
80279
80280
80282
80284
80289
80291
80294
80296
80302
80305
80306
80307
80308
80310
80312
80316
80318
80322
80323
80324
80325
80329
80332
80333
80334
80338
80340
80341
80345
80360
80361
80362
80367
80370
80371
80375
80377
80378
80381
80383
80385
80386
80388
80389
80390
80391
80395
80398
80401
80403
80413
80415
80419
80420
80422
80424
80425
80426
80427
80428
80429
80430
80436
80439
80440
80442
80444
80445
80447
80448
80450
80451
80455
80466
80468
80471
80475
80480
80482
80485
80486
80489
80492
80493
80494
80497
80498
80501
80506
80507
80508
80513
80516
80518
80519
80520
80526
80527
80531
80533
80536
80537
80542
80545
80546
80547
80548
80549
80550
80555
80558
80559
80565
80568
80571
80573
80575
80578
80581
80586
80587
80592
80593
80597
80598
80600
80601
80604
80605
80606
80609
80611
80612
80615
80617
80618
80619
80622
80624
80626
80627
80628
80630
80632
80633
80634
80635
80636
80637
80638
80641
80642
80644
80645
80649
80650
80652
80659
80660
80663
80670
80671
80672
80675
80680
80681
80682
80685
80688
80690
80691
80692
80697
80700
80705
80706
80709
80714
80715
80716
80723
80725
80726
80729
80732
80734
80735
80737
80738
80746
80747
80748
80751
80752
80754
80758
80759
80761
80762
80765
80768
80771
80772
80773
80774
80776
80781
80786
80787
80791
80792
80793
80796
80797
80804
80807
80809
80810
80812
80819
80822
80827
80828
80831
80832
80834
80838
80839
80840
80843
80847
80849
80850
80852
80853
80861
80863
80865
80866
80873
80874
80875
80877
80878
80879
80880
80881
80885
80888
80892
80893
80896
80899
80903
80906
80912
80913
80919
80920
80922
80923
80926
80929
80941
80945
80948
80954
80959
80961
80962
80969
80971
80974
80975
80978
80979
80982
80983
80985
80996
80998
81001
81002
81004
81006
81008
81009
81012
81014
81022
81023
81027
81031
81033
81035
81038
81041
81042
81044
81046
81049
81050
81051
81053
81055
81059
81060
81061
81063
81064
81065
81071
81077
81078
81081
81082
81083
81084
81087
81088
81090
81092
81094
81096
81099
81100
81102
81103
81105
81107
81111
81115
81121
81122
81124
81125
81127
81128
81129
81130
81131
81132
81133
81135
81137
81138
81141
81148
81151
81152
81153
81154
81155
81158
81162
81163
81165
81168
81169
81170
81172
81173
81179
81180
81183
81186
81192
81193
81194
81196
81199
81201
81203
81206
81207
81209
81213
81214
81221
81223
81227
81228
81230
81232
81234
81235
81236
81239
81242
81244
81245
81247
81248
81249
81252
81259
81260
81263
81266
81267
81270
81271
81273
81274
81278
81280
81286
81288
81290
81292
81295
81297
81299
81300
81301
81305
81308
81309
81310
81312
81314
81316
81319
81325
81326
81330
81331
81332
81333
81335
81337
81338
81341
81342
81344
81349
81351
81355
81356
81358
81359
81360
81365
81367
81368
81371
81377
81379
81380
81383
81384
81386
81390
81391
81392
81393
81396
81400
81402
81407
81408
81409
81410
81411
81416
81420
81421
81425
81427
81428
81430
81431
81432
81436
81438
81440
81448
81461
81465
81471
81472
81475
81476
81480
81485
81486
81487
81493
81496
81501
81502
81506
81510
81512
81513
81518
81521
81522
81523
81525
81527
81529
81530
81531
81532
81533
81535
81536
81537
81539
81541
81544
81550
81551
81554
81555
81559
81561
81563
81564
81567
81570
81572
81573
81576
81578
81583
81584
81585
81586
81588
81590
81591
81593
81597
81604
81605
81606
81608
81611
81612
81613
81616
81618
81619
81620
81621
81622
81626
81628
81629
81631
81632
81637
81639
81640
81641
81643
81646
81650
81651
81655
81657
81659
81662
81664
81670
81672
81676
81679
81682
81683
81686
81690
81694
81702
81704
81707
81709
81712
81715
81717
81721
81722
81723
81725
81726
81728
81730
81732
81735
81738
81739
81741
81743
81744
81747
81751
81753
81756
81765
81766
81767
81770
81771
81772
81783
81788
81789
81790
81794
81795
81796
81799
81804
81806
81809
81815
81821
81825
81827
81830
81831
81833
81836
81838
81842
81844
81846
81850
81852
81855
81859
81861
81864
81865
81867
81868
81870
81871
81872
81874
81875
81878
81880
81882
81887
81890
81892
81893
81897
81902
81904
81905
81906
81907
81911
81912
81913
81917
81918
81925
81932
81934
81937
81941
81944
81946
81949
81954
81957
81959
81960
81966
81968
81969
81971
81978
81979
81980
81981
81982
81987
81988
81991
81994
81996
81997
81998
81999
82000
82003
82004
82005
82006
82007
82012
82013
82015
82018
82024
82025
82026
82027
82028
82033
82036
82037
82043
82045
82048
82051
82052
82053
82054
82056
82057
82058
82060
82061
82062
82064
82072
82073
82075
82080
82081
82082
82083
82089
82092
82096
82097
82099
82100
82101
82102
82104
82105
82106
82107
82109
82113
82115
82117
82118
82122
82126
82131
82132
82133
82136
82137
82139
82142
82143
82145
82146
82148
82150
82152
82157
82158
82159
82161
82170
82176
82180
82182
82183
82187
82188
82190
82191
82192
82193
82194
82197
82198
82199
82201
82204
82206
82210
82212
82216
82219
82222
82224
82231
82232
82233
82236
82238
82240
82241
82243
82244
82247
82248
82250
82252
82253
82254
82255
82258
82259
82261
82262
82263
82265
82266
82267
82268
82270
82271
82274
82276
82277
82283
82285
82286
82288
82290
82293
82294
82296
82297
82298
82301
82302
82305
82307
82309
82314
82317
82319
82322
82323
82324
82328
82337
82339
82340
82344
82347
82351
82353
82357
82359
82360
82370
82374
82375
82378
82380
82381
82387
82391
82393
82395
82398
82399
82402
82404
82412
82413
82420
82424
82425
82427
82428
82433
82435
82440
82442
82443
82445
82446
82449
82450
82455
82469
82470
82472
82473
82474
82475
82478
82481
82482
82487
82488
82494
82498
82500
82503
82504
82506
82507
82508
82509
82510
82511
82514
82515
82516
82517
82520
82525
82529
82533
82534
82537
82543
82544
82546
82548
82551
82552
82558
82559
82564
82566
82568
82569
82573
82578
82582
82583
82584
82587
82588
82589
82590
82593
82596
82597
82601
82602
82603
82606
82609
82612
82613
82615
82620
82621
82626
82627
82628
82629
82632
82634
82638
82642
82648
82651
82652
82653
82655
82659
82661
82663
82666
82669
82675
82677
82679
82682
82684
82687
82688
82689
82690
82691
82694
82696
82697
82698
82699
82700
82704
82705
82707
82708
82711
82713
82716
82718
82721
82723
82724
82725
82731
82732
82733
82734
82735
82739
82740
82744
82745
82749
82750
82751
82752
82753
82755
82757
82759
82762
82763
82764
82766
82767
82768
82769
82771
82776
82778
82783
82784
82786
82787
82788
82792
82797
82798
82799
82803
82805
82807
82809
82811
82812
82813
82817
82821
82822
82823
82827
82829
82830
82833
82837
82838
82839
82841
82842
82843
82848
82851
82854
82855
82857
82858
82861
82865
82866
82868
82869
82874
82875
82881
82884
82885
82888
82889
82890
82891
82892
82893
82897
82899
82900
82907
82909
82910
82913
82916
82923
82924
82925
82927
82931
82932
82937
82942
82944
82945
82948
82949
82951
82952
82954
82961
82967
82968
82974
82975
82976
82988
82990
82993
82994
82995
83000
83001
83008
83009
83011
83014
83015
83020
83021
83022
83024
83031
83033
83034
83035
83036
83037
83039
83046
83047
83048
83050
83051
83057
83059
83064
83066
83067
83069
83071
83073
83075
83076
83079
83080
83082
83084
83086
83087
83090
83093
83094
83095
83097
83100
83101
83107
83109
83112
83116
83117
83123
83124
83125
83127
83128
83130
83131
83132
83138
83139
83140
83144
83145
83146
83148
83149
83150
83153
83155
83156
83157
83159
83161
83162
83164
83170
83171
83177
83181
83182
83184
83185
83188
83192
83195
83196
83197
83199
83202
83207
83208
83209
83210
83213
83219
83220
83222
83223
83224
83231
83237
83238
83240
83243
83247
83253
83260
83262
83265
83266
83269
83270
83271
83273
83280
83285
83291
83292
83295
83296
83297
83298
83303
83304
83306
83315
83317
83319
83323
83325
83326
83328
83330
83334
83336
83337
83338
83339
83340
83341
83342
83343
83345
83351
83353
83355
83356
83357
83358
83359
83360
83362
83365
83366
83369
83371
83374
83376
83380
83385
83386
83387
83389
83390
83392
83394
83399
83400
83404
83407
83415
83419
83420
83422
83424
83425
83426
83429
83432
83436
83437
83441
83446
83449
83451
83454
83456
83457
83458
83464
83470
83476
83478
83479
83484
83486
83489
83491
83492
83494
83497
83500
83505
83506
83508
83509
83510
83512
83515
83518
83521
83525
83526
83528
83530
83535
83536
83538
83541
83544
83545
83546
83549
83550
83551
83554
83556
83557
83559
83560
83564
83565
83567
83569
83575
83579
83580
83583
83588
83589
83593
83597
83600
83601
83602
83605
83606
83608
83611
83613
83616
83618
83621
83623
83626
83628
83629
83638
83639
83641
83643
83646
83649
83651
83656
83658
83659
83660
83661
83665
83672
83674
83676
83678
83682
83684
83686
83687
83688
83694
83696
83699
83700
83702
83704
83706
83707
83708
83709
83712
83713
83714
83721
83722
83724
83727
83728
83730
83731
83735
83739
83742
83744
83745
83747
83749
83752
83754
83755
83756
83760
83761
83765
83766
83767
83768
83769
83772
83773
83780
83783
83788
83789
83794
83801
83802
83803
83805
83806
83807
83812
83813
83817
83819
83820
83822
83823
83825
83827
83828
83831
83834
83836
83837
83842
83847
83851
83854
83855
83859
83861
83862
83866
83868
83869
83871
83872
83874
83876
83877
83878
83879
83887
83888
83893
83894
83895
83896
83898
83899
83901
83903
83905
83908
83910
83912
83914
83915
83916
83917
83918
83921
83924
83926
83934
83935
83936
83937
83943
83944
83945
83946
83950
83954
83957
83960
83961
83965
83968
83969
83970
83975
83976
83979
83980
83983
83984
83985
83988
83990
83994
83996
83999
84001
84002
84006
84009
84010
84011
84014
84018
84019
84021
84023
84024
84026
84028
84031
84032
84033
84035
84038
84039
84041
84043
84044
84046
84047
84049
84057
84059
84060
84063
84064
84066
84067
84068
84071
84073
84076
84080
84087
84091
84100
84102
84103
84108
84116
84118
84126
84127
84128
84129
84137
84138
84140
84142
84143
84145
84156
84157
84160
84168
84169
84170
84171
84174
84175
84179
84180
84181
84182
84184
84185
84187
84188
84191
84195
84198
84200
84202
84206
84207
84208
84211
84213
84215
84216
84218
84229
84233
84235
84237
84240
84243
84246
84254
84255
84259
84260
84262
84270
84271
84274
84275
84278
84280
84282
84284
84285
84287
84288
84290
84291
84292
84293
84294
84297
84300
84301
84307
84308
84311
84312
84313
84315
84316
84317
84318
84321
84322
84325
84326
84328
84331
84333
84334
84335
84336
84338
84339
84341
84342
84344
84348
84350
84351
84352
84353
84354
84355
84356
84358
84361
84365
84370
84372
84375
84376
84378
84379
84388
84392
84393
84394
84397
84406
84409
84411
84414
84415
84417
84429
84432
84433
84438
84442
84444
84446
84447
84457
84459
84461
84471
84477
84481
84483
84484
84486
84487
84488
84489
84491
84492
84493
84498
84503
84504
84505
84507
84511
84518
84519
84520
84521
84522
84524
84527
84529
84532
84533
84534
84535
84537
84538
84540
84544
84545
84547
84548
84549
84552
84553
84556
84558
84560
84561
84563
84564
84565
84567
84568
84569
84570
84572
84573
84579
84581
84583
84584
84586
84591
84593
84596
84598
84599
84603
84607
84611
84613
84614
84617
84620
84628
84629
84632
84636
84641
84643
84645
84647
84648
84649
84658
84659
84660
84667
84668
84673
84674
84675
84676
84677
84679
84681
84683
84685
84686
84688
84697
84698
84699
84700
84701
84702
84705
84713
84716
84718
84722
84724
84726
84728
84731
84734
84735
84740
84743
84745
84746
84747
84750
84753
84761
84769
84771
84780
84781
84786
84790
84792
84793
84801
84802
84804
84806
84809
84810
84811
84812
84814
84821
84822
84825
84829
84831
84832
84835
84836
84840
84841
84847
84848
84849
84851
84852
84853
84854
84855
84859
84862
84866
84869
84871
84875
84879
84881
84884
84887
84890
84891
84893
84903
84905
84907
84911
84917
84922
84927
84939
84943
84945
84946
84949
84950
84952
84955
84956
84957
84966
84971
84972
84973
84976
84979
84980
84983
84984
84985
84986
84987
84988
84991
84995
84997
85000
85003
85007
85008
85009
85010
85011
85014
85015
85017
85018
85027
85030
85031
85033
85037
85039
85041
85043
85044
85046
85047
85054
85057
85058
85059
85060
85063
85066
85070
85071
85072
85078
85080
85087
85090
85091
85092
85093
85094
85095
85098
85099
85103
85104
85107
85108
85109
85110
85111
85113
85116
85117
85123
85125
85126
85129
85130
85131
85132
85136
85140
85142
85144
85146
85147
85148
85151
85154
85156
85164
85166
85169
85171
85174
85176
85177
85179
85180
85181
85182
85183
85184
85186
85188
85193
85194
85195
85199
85201
85202
85203
85205
85208
85214
85216
85217
85218
85220
85223
85225
85226
85229
85231
85235
85241
85244
85246
85247
85248
85249
85250
85251
85255
85257
85260
85264
85265
85266
85270
85273
85275
85276
85279
85282
85283
85284
85286
85288
85293
85295
85298
85305
85307
85308
85310
85311
85312
85313
85314
85317
85318
85322
85325
85326
85331
85340
85342
85346
85348
85349
85351
85357
85358
85364
85365
85366
85369
85370
85374
85378
85379
85390
85393
85398
85399
85400
85401
85405
85408
85413
85414
85415
85420
85426
85427
85428
85432
85433
85435
85436
85439
85440
85443
85444
85445
85447
85448
85450
85454
85456
85457
85459
85464
85465
85467
85470
85472
85478
85479
85484
85486
85490
85491
85492
85496
85497
85499
85504
85508
85514
85515
85516
85521
85522
85524
85526
85529
85534
85535
85537
85538
85540
85541
85543
85545
85546
85550
85551
85552
85553
85556
85558
85562
85563
85565
85567
85569
85570
85572
85573
85575
85579
85583
85584
85587
85589
85590
85595
85596
85602
85603
85605
85606
85609
85611
85612
85613
85616
85617
85623
85628
85631
85635
85636
85638
85641
85644
85646
85650
85653
85654
85658
85659
85661
85663
85664
85665
85667
85671
85675
85677
85684
85685
85688
85691
85692
85693
85695
85699
85704
85705
85707
85708
85710
85713
85715
85717
85718
85719
85728
85729
85730
85733
85735
85739
85740
85741
85743
85745
85751
85753
85756
85768
85770
85776
85777
85779
85781
85782
85787
85789
85791
85792
85794
85796
85797
85798
85800
85802
85804
85808
85814
85821
85822
85825
85826
85827
85828
85829
85833
85841
85842
85845
85848
85853
85855
85859
85866
85867
85868
85869
85872
85873
85874
85876
85879
85880
85884
85885
85886
85892
85894
85897
85898
85900
85902
85905
85908
85912
85917
85919
85921
85922
85923
85926
85927
85928
85929
85930
85931
85945
85946
85949
85950
85954
85955
85956
85957
85959
85960
85963
85964
85967
85970
85972
85973
85978
85980
85983
85985
85987
85988
85990
85992
85993
85994
85996
85998
85999
86002
86007
86010
86014
86017
86018
86020
86029
86030
86033
86035
86036
86046
86047
86048
86049
86058
86060
86063
86064
86065
86066
86067
86068
86070
86075
86076
86081
86083
86087
86088
86091
86094
86098
86100
86102
86103
86105
86106
86107
86110
86112
86113
86115
86119
86124
86125
86128
86129
86130
86131
86132
86133
86134
86135
86140
86144
86145
86149
86150
86151
86155
86156
86157
86159
86160
86161
86162
86163
86168
86173
86174
86176
86178
86180
86183
86185
86190
86191
86193
86198
86199
86201
86203
86204
86207
86209
86215
86216
86221
86222
86223
86224
86225
86228
86231
86234
86235
86236
86239
86243
86244
86247
86249
86250
86252
86260
86262
86263
86266
86267
86271
86272
86275
86279
86284
86285
86287
86291
86294
86299
86301
86302
86310
86315
86316
86318
86319
86320
86323
86324
86327
86334
86337
86341
86346
86347
86351
86353
86359
86361
86362
86364
86367
86368
86369
86371
86377
86379
86381
86384
86385
86388
86396
86399
86401
86403
86405
86406
86408
86409
86410
86412
86413
86417
86419
86420
86422
86423
86425
86430
86435
86444
86455
86456
86457
86464
86466
86467
86471
86475
86476
86480
86482
86483
86489
86492
86494
86497
86498
86499
86504
86506
86507
86508
86513
86514
86515
86520
86521
86524
86528
86531
86532
86533
86538
86539
86540
86546
86549
86553
86554
86555
86558
86561
86564
86572
86574
86578
86579
86580
86582
86584
86589
86590
86591
86593
86595
86601
86604
86605
86610
86611
86613
86616
86619
86623
86624
86628
86630
86632
86633
86634
86635
86638
86644
86646
86647
86650
86651
86652
86657
86659
86660
86668
86671
86672
86676
86679
86683
86684
86687
86688
86689
86691
86692
86694
86696
86698
86700
86702
86703
86704
86705
86706
86712
86713
86715
86716
86718
86721
86722
86725
86726
86732
86734
86735
86736
86738
86739
86743
86745
86746
86747
86748
86749
86752
86757
86759
86762
86767
86770
86771
86772
86773
86775
86778
86780
86782
86786
86788
86791
86792
86793
86794
86795
86797
86801
86806
86808
86809
86810
86812
86817
86820
86821
86822
86823
86826
86833
86838
86839
86841
86842
86843
86844
86855
86856
86857
86863
86868
86869
86870
86873
86875
86876
86878
86879
86880
86881
86884
86887
86893
86897
86900
86903
86907
86913
86914
86918
86920
86921
86922
86923
86924
86925
86927
86930
86931
86932
86935
86936
86937
86938
86939
86940
86943
86947
86950
86951
86952
86954
86956
86958
86959
86961
86964
86965
86972
86973
86977
86979
86981
86983
86985
86986
86989
86996
87003
87005
87006
87008
87010
87012
87014
87018
87020
87023
87024
87026
87028
87029
87030
87032
87035
87036
87040
87045
87051
87052
87054
87055
87056
87057
87059
87060
87063
87067
87069
87070
87071
87072
87073
87080
87086
87093
87095
87096
87097
87098
87103
87108
87109
87110
87112
87114
87118
87120
87124
87133
87135
87137
87138
87141
87149
87151
87152
87153
87156
87157
87158
87161
87162
87164
87165
87170
87178
87180
87183
87194
87195
87196
87200
87202
87210
87212
87214
87218
87219
87221
87227
87234
87235
87246
87248
87253
87254
87255
87259
87263
87264
87269
87270
87274
87276
87277
87280
87281
87282
87285
87286
87290
87291
87292
87294
87296
87304
87306
87309
87310
87312
87317
87320
87321
87322
87324
87325
87337
87338
87340
87342
87343
87347
87350
87354
87356
87359
87366
87368
87373
87376
87377
87378
87380
87384
87387
87391
87394
87395
87396
87397
87398
87400
87401
87406
87408
87410
87411
87416
87418
87419
87420
87421
87422
87425
87426
87429
87445
87449
87450
87451
87453
87456
87457
87459
87462
87465
87467
87471
87474
87476
87478
87484
87487
87488
87489
87493
87494
87495
87496
87501
87507
87511
87516
87522
87524
87527
87528
87529
87530
87531
87534
87537
87538
87539
87540
87541
87549
87551
87553
87557
87559
87560
87562
87569
87571
87572
87576
87578
87585
87590
87592
87595
87598
87600
87602
87603
87612
87614
87617
87618
87620
87622
87624
87626
87628
87629
87632
87634
87637
87642
87643
87647
87651
87654
87655
87658
87660
87663
87670
87679
87681
87685
87686
87693
87695
87696
87701
87711
87720
87727
87728
87730
87735
87736
87738
87740
87742
87743
87748
87749
87750
87754
87755
87757
87760
87763
87766
87767
87769
87772
87774
87783
87789
87796
87799
87800
87801
87802
87805
87808
87809
87810
87812
87813
87814
87818
87819
87823
87824
87829
87830
87831
87833
87835
87838
87840
87842
87843
87847
87852
87853
87856
87858
87862
87864
87867
87871
87872
87874
87875
87879
87885
87887
87895
87897
87905
87910
87912
87915
87917
87920
87922
87925
87929
87931
87936
87937
87943
87948
87949
87951
87956
87958
87965
87968
87979
87987
87994
87998
88000
88001
88010
88018
88019
88026
88028
88030
88031
88039
88047
88051
88059
88064
88066
88067
88070
88073
88077
88084
88086
88091
88093
88094
88099
88100
88102
88103
88104
88105
88112
88114
88116
88117
88120
88126
88128
88129
88130
88133
88137
88140
88143
88149
88153
88154
88160
88161
88163
88166
88167
88169
88175
88189
88191
88192
88195
88199
88206
88211
88212
88217
88219
88222
88223
88225
88226
88229
88233
88234
88239
88244
88247
88249
88252
88254
88255
88262
88266
88270
88271
88273
88280
88281
88282
88284
88285
88290
88292
88296
88297
88301
88302
88303
88305
88308
88310
88315
88323
88326
88327
88333
88335
88341
88342
88344
88346
88347
88351
88352
88353
88355
88356
88358
88360
88361
88371
88373
88376
88380
88381
88383
88387
88388
88389
88390
88393
88394
88397
88398
88404
88406
88408
88410
88414
88416
88417
88421
88422
88427
88429
88432
88433
88435
88438
88439
88441
88444
88445
88447
88448
88449
88450
88453
88454
88455
88460
88462
88463
88464
88468
88469
88472
88473
88476
88479
88481
88483
88485
88486
88487
88490
88491
88492
88494
88495
88497
88500
88501
88516
88517
88519
88520
88523
88526
88527
88530
88533
88534
88546
88548
88551
88553
88554
88555
88558
88559
88561
88563
88565
88566
88567
88569
88570
88573
88575
88577
88584
88585
88587
88592
88594
88596
88602
88603
88604
88605
88613
88616
88620
88622
88624
88625
88627
88632
88633
88636
88641
88645
88646
88648
88650
88651
88654
88656
88657
88659
88662
88663
88664
88665
88666
88668
88675
88677
88678
88679
88680
88681
88686
88690
88693
88695
88698
88706
88711
88712
88716
88717
88719
88721
88727
88728
88731
88736
88742
88743
88744
88749
88750
88754
88760
88768
88773
88778
88779
88780
88781
88782
88784
88785
88789
88791
88793
88796
88797
88801
88802
88805
88807
88812
88814
88817
88818
88821
88822
88823
88828
88830
88831
88832
88839
88841
88842
88844
88845
88848
88849
88850
88851
88852
88853
88854
88855
88859
88861
88862
88863
88865
88868
88873
88882
88883
88888
88891
88892
88893
88895
88896
88899
88901
88908
88911
88913
88918
88923
88933
88934
88936
88938
88941
88944
88945
88946
88947
88949
88951
88961
88962
88966
88967
88972
88974
88976
88977
88980
88981
88983
88986
88988
88992
88994
88998
89001
89006
89007
89010
89013
89020
89024
89026
89030
89033
89037
89041
89043
89044
89046
89050
89051
89052
89053
89054
89055
89058
89071
89076
89079
89081
89082
89085
89086
89089
89090
89093
89098
89100
89101
89102
89105
89106
89107
89110
89112
89115
89119
89120
89121
89123
89127
89131
89132
89133
89134
89137
89142
89143
89147
89150
89151
89153
89158
89160
89162
89164
89170
89171
89172
89175
89176
89179
89181
89183
89185
89188
89192
89195
89196
89200
89202
89204
89205
89211
89212
89213
89219
89220
89222
89226
89227
89230
89236
89237
89238
89240
89241
89242
89244
89245
89249
89250
89257
89258
89260
89263
89269
89270
89272
89274
89275
89276
89277
89279
89281
89282
89284
89290
89291
89292
89293
89294
89295
89298
89299
89300
89301
89302
89306
89311
89312
89314
89315
89317
89319
89324
89328
89329
89331
89333
89334
89342
89343
89345
89346
89348
89349
89350
89352
89354
89356
89360
89361
89363
89369
89372
89374
89375
89385
89388
89389
89393
89403
89404
89408
89409
89411
89413
89417
89426
89428
89429
89435
89437
89438
89439
89443
89444
89446
89449
89450
89454
89459
89461
89465
89468
89470
89474
89477
89478
89479
89480
89483
89484
89485
89486
89489
89492
89498
89501
89502
89503
89509
89513
89514
89517
89520
89527
89532
89537
89538
89543
89544
89545
89547
89549
89554
89559
89561
89575
89577
89579
89595
89596
89598
89599
89600
89602
89603
89609
89614
89619
89621
89624
89631
89632
89635
89639
89642
89643
89644
89647
89654
89655
89657
89661
89667
89668
89677
89678
89679
89680
89683
89687
89689
89690
89691
89692
89695
89698
89699
89700
89701
89702
89705
89706
89707
89711
89712
89714
89721
89723
89725
89730
89731
89737
89743
89754
89766
89768
89771
89776
89779
89782
89786
89788
89792
89793
89794
89798
89799
89800
89806
89808
89809
89810
89814
89820
89822
89823
89824
89829
89831
89833
89835
89836
89841
89842
89851
89852
89858
89859
89861
89862
89865
89867
89869
89871
89873
89875
89876
89884
89886
89887
89891
89892
89893
89894
89896
89900
89901
89903
89904
89910
89911
89912
89913
89916
89917
89924
89930
89931
89935
89940
89944
89947
89949
89950
89956
89964
89969
89975
89976
89977
89984
89990
89993
89994
90000
90002
90004
90005
90007
90012
90014
90015
90016
90017
90020
90037
90054
90055
90056
90058
90060
90061
90063
90070
90072
90077
90079
90086
90087
90089
90090
90095
90098
90101
90105
90110
90111
90114
90116
90117
90119
90120
90121
90123
90129
90130
90131
90133
90135
90136
90137
90140
90141
90142
90146
90150
90151
90152
90154
90156
90162
90163
90165
90167
90171
90177
90178
90180
90183
90185
90188
90190
90191
90193
90197
90199
90202
90203
90204
90205
90206
90210
90211
90214
90215
90218
90219
90220
90224
90225
90226
90227
90234
90236
90238
90239
90241
90242
90246
90248
90250
90252
90253
90255
90258
90270
90273
90274
90275
90277
90282
90283
90290
90291
90292
90293
90294
90300
90302
90305
90307
90311
90312
90313
90315
90320
90322
90325
90327
90329
90332
90334
90342
90345
90346
90349
90350
90354
90356
90360
90371
90372
90375
90377
90379
90381
90382
90383
90384
90385
90387
90389
90392
90395
90400
90402
90403
90406
90407
90410
90416
90418
90422
90423
90424
90428
90430
90433
90434
90436
90437
90439
90451
90454
90455
90456
90459
90461
90468
90470
90473
90474
90479
90480
90482
90483
90485
90487
90488
90493
90495
90499
90504
90505
90509
90514
90515
90519
90520
90522
90524
90526
90532
90533
90534
90535
90536
90538
90545
90549
90552
90554
90559
90560
90564
90566
90569
90572
90574
90575
90576
90578
90580
90582
90586
90592
90595
90599
90600
90602
90603
90605
90606
90612
90613
90615
90618
90626
90627
90629
90630
90631
90634
90636
90639
90642
90643
90647
90648
90649
90651
90656
90661
90664
90669
90670
90673
90674
90675
90677
90679
90680
90681
90690
90691
90692
90699
90700
90701
90702
90703
90706
90707
90710
90711
90712
90714
90716
90717
90718
90719
90722
90727
90729
90730
90731
90733
90734
90736
90742
90743
90744
90745
90750
90758
90759
90763
90765
90767
90769
90771
90773
90774
90777
90781
90782
90790
90796
90805
90809
90810
90811
90812
90813
90817
90821
90824
90826
90829
90832
90833
90836
90838
90841
90842
90844
90846
90853
90854
90861
90863
90866
90875
90881
90882
90884
90885
90886
90890
90895
90896
90903
90904
90905
90906
90908
90909
90912
90914
90916
90917
90922
90930
90934
90937
90938
90939
90941
90942
90946
90949
90953
90956
90959
90960
90963
90964
90966
90971
90972
90973
90979
90981
90983
90984
90985
90987
90989
90997
91005
91006
91007
91009
91015
91020
91031
91034
91036
91038
91041
91044
91048
91050
91051
91052
91056
91062
91063
91064
91068
91070
91073
91078
91083
91087
91089
91090
91092
91093
91094
91096
91097
91098
91100
91103
91108
91112
91119
91120
91124
91135
91142
91143
91144
91149
91152
91154
91155
91156
91157
91159
91166
91169
91170
91174
91175
91179
91182
91184
91187
91188
91189
91191
91197
91198
91200
91204
91206
91207
91215
91216
91220
91223
91224
91225
91226
91229
91232
91233
91237
91240
91243
91248
91253
91255
91256
91259
91262
91266
91271
91272
91274
91275
91276
91289
91291
91292
91293
91294
91298
91303
91305
91306
91307
91310
91311
91313
91316
91317
91320
91321
91324
91326
91330
91334
91336
91338
91339
91340
91341
91359
91364
91366
91367
91368
91377
91379
91380
91383
91389
91392
91400
91402
91408
91409
91410
91412
91413
91414
91418
91419
91420
91424
91425
91427
91428
91431
91432
91433
91434
91435
91436
91437
91438
91439
91440
91443
91444
91449
91451
91457
91459
91460
91463
91465
91466
91469
91472
91479
91483
91485
91489
91491
91492
91494
91496
91497
91499
91502
91503
91511
91512
91515
91517
91518
91519
91520
91521
91522
91523
91525
91527
91530
91534
91536
91539
91541
91542
91543
91548
91551
91554
91555
91559
91560
91561
91564
91565
91570
91572
91574
91575
91576
91580
91582
91589
91595
91596
91597
91603
91605
91610
91611
91616
91624
91633
91635
91638
91640
91641
91644
91648
91651
91652
91657
91660
91670
91676
91677
91679
91682
91684
91687
91689
91690
91691
91696
91698
91700
91703
91707
91708
91711
91716
91717
91720
91721
91723
91726
91728
91729
91730
91733
91734
91738
91742
91748
91749
91753
91759
91760
91765
91767
91768
91770
91772
91775
91776
91784
91787
91792
91794
91795
91796
91797
91803
91805
91806
91807
91808
91811
91818
91823
91824
91825
91829
91834
91836
91838
91839
91841
91843
91845
91846
91847
91848
91849
91851
91852
91853
91855
91857
91860
91861
91862
91863
91864
91865
91866
91867
91876
91881
91887
91889
91891
91893
91894
91896
91897
91900
91901
91904
91909
91910
91917
91919
91920
91921
91922
91925
91926
91929
91930
91935
91936
91937
91938
91944
91945
91946
91947
91950
91951
91954
91956
91958
91963
91964
91965
91966
91967
91968
91972
91974
91976
91979
91982
91983
91986
91988
91991
91993
91994
91996
91997
92001
92002
92004
92005
92011
92012
92014
92015
92016
92017
92018
92020
92023
92025
92027
92028
92033
92035
92036
92038
92041
92042
92043
92044
92045
92047
92049
92054
92055
92059
92060
92061
92066
92068
92069
92071
92074
92075
92079
92080
92084
92089
92094
92096
92102
92103
92108
92119
92120
92121
92125
92128
92129
92131
92132
92135
92137
92140
92142
92148
92150
92154
92155
92159
92161
92162
92167
92169
92172
92176
92187
92191
92192
92195
92199
92200
92202
92203
92206
92207
92211
92213
92214
92217
92218
92225
92226
92229
92230
92234
92239
92244
92245
92249
92250
92251
92253
92254
92256
92258
92260
92261
92262
92268
92270
92274
92283
92284
92285
92287
92288
92290
92292
92293
92303
92305
92306
92307
92311
92313
92317
92320
92321
92322
92323
92325
92328
92334
92341
92342
92345
92348
92349
92355
92356
92357
92362
92365
92369
92371
92372
92375
92379
92386
92387
92390
92391
92392
92394
92395
92396
92397
92399
92400
92402
92403
92407
92409
92410
92416
92417
92421
92422
92423
92428
92431
92435
92436
92439
92445
92446
92447
92456
92459
92463
92465
92466
92467
92468
92469
92475
92477
92478
92480
92481
92482
92486
92498
92500
92502
92507
92509
92510
92512
92522
92525
92531
92536
92538
92541
92546
92549
92551
92552
92554
92557
92559
92564
92568
92571
92572
92576
92578
92579
92582
92586
92588
92590
92592
92594
92595
92598
92603
92605
92609
92612
92619
92622
92624
92626
92627
92628
92630
92631
92632
92636
92641
92642
92644
92647
92649
92653
92654
92663
92665
92666
92669
92674
92676
92683
92684
92685
92686
92687
92688
92690
92692
92694
92695
92697
92701
92709
92710
92713
92714
92726
92728
92729
92730
92735
92736
92741
92745
92746
92747
92748
92749
92751
92754
92758
92760
92761
92764
92765
92768
92772
92773
92775
92777
92781
92785
92787
92795
92798
92799
92802
92803
92804
92809
92814
92815
92820
92821
92824
92825
92831
92832
92833
92834
92838
92842
92843
92846
92849
92853
92854
92857
92858
92861
92862
92863
92867
92868
92870
92872
92876
92880
92883
92886
92887
92888
92899
92903
92905
92906
92910
92911
92913
92914
92915
92916
92918
92921
92923
92926
92927
92929
92930
92933
92934
92935
92944
92946
92947
92951
92952
92955
92958
92959
92960
92970
92975
92979
92980
92981
92986
92987
92988
92992
92993
92994
93001
93007
93008
93013
93014
93015
93016
93017
93022
93027
93028
93033
93034
93035
93040
93041
93046
93048
93049
93050
93051
93052
93055
93058
93064
93065
93068
93071
93073
93080
93090
93096
93097
93099
93106
93107
93114
93115
93116
93117
93118
93121
93127
93129
93131
93133
93136
93141
93142
93144
93145
93146
93149
93150
93154
93159
93161
93166
93169
93171
93172
93173
93177
93178
93182
93185
93186
93188
93190
93194
93196
93202
93203
93207
93209
93210
93217
93219
93220
93221
93223
93227
93228
93229
93231
93237
93247
93248
93249
93250
93252
93253
93254
93258
93261
93265
93268
93269
93274
93275
93277
93287
93289
93290
93295
93299
93301
93302
93304
93312
93317
93326
93335
93338
93341
93342
93343
93348
93352
93353
93354
93355
93357
93360
93363
93366
93372
93374
93375
93376
93378
93384
93396
93400
93401
93408
93412
93413
93420
93422
93424
93425
93432
93433
93434
93436
93437
93440
93448
93449
93450
93451
93456
93465
93467
93468
93471
93472
93473
93478
93480
93484
93485
93486
93488
93493
93494
93495
93497
93499
93500
93501
93502
93503
93506
93509
93511
93513
93518
93519
93523
93526
93527
93530
93531
93532
93533
93534
93536
93538
93540
93541
93542
93544
93545
93546
93550
93558
93559
93564
93565
93570
93571
93574
93575
93577
93580
93581
93582
93584
93587
93588
93590
93591
93592
93593
93604
93611
93612
93613
93619
93622
93627
93629
93630
93635
93637
93639
93642
93643
93644
93646
93648
93659
93660
93662
93666
93667
93669
93678
93682
93687
93692
93695
93696
93697
93698
93699
93701
93702
93708
93709
93711
93726
93727
93730
93732
93733
93734
93740
93741
93742
93744
93745
93751
93752
93753
93754
93755
93759
93763
93766
93775
93776
93784
93788
93789
93798
93800
93801
93802
93804
93806
93809
93810
93813
93815
93817
93823
93824
93829
93833
93834
93835
93844
93847
93851
93853
93854
93855
93859
93861
93864
93866
93868
93874
93878
93880
93884
93886
93891
93895
93896
93899
93900
93901
93904
93908
93916
93919
93922
93923
93926
93927
93929
93930
93932
93934
93937
93938
93939
93940
93945
93947
93948
93952
93953
93954
93960
93964
93966
93968
93971
93974
93976
93980
93982
93987
93991
93995
93996
94000
94002
94005
94006
94007
94009
94016
94018
94020
94027
94031
94032
94033
94034
94036
94037
94039
94041
94042
94044
94045
94046
94049
94051
94052
94060
94061
94062
94063
94064
94067
94071
94073
94075
94077
94080
94084
94085
94086
94089
94090
94092
94093
94094
94102
94103
94104
94106
94113
94114
94115
94118
94123
94124
94127
94132
94133
94137
94138
94142
94144
94146
94149
94152
94155
94157
94159
94162
94165
94166
94168
94170
94171
94172
94174
94178
94179
94180
94181
94182
94193
94199
94200
94201
94202
94203
94205
94207
94208
94209
94210
94213
94216
94218
94225
94229
94230
94234
94236
94238
94242
94243
94244
94247
94258
94261
94266
94270
94277
94280
94281
94285
94287
94291
94292
94294
94295
94296
94299
94302
94306
94310
94315
94320
94323
94327
94331
94338
94339
94340
94343
94354
94358
94361
94362
94363
94365
94370
94371
94372
94376
94386
94391
94392
94394
94397
94401
94403
94408
94409
94410
94413
94416
94421
94423
94427
94428
94434
94436
94437
94443
94447
94450
94452
94454
94462
94463
94471
94474
94476
94478
94480
94484
94492
94493
94494
94496
94498
94501
94503
94504
94507
94508
94511
94512
94514
94519
94525
94526
94528
94533
94535
94536
94537
94538
94542
94544
94546
94547
94549
94555
94561
94562
94563
94564
94565
94567
94571
94573
94576
94585
94587
94595
94601
94603
94606
94607
94612
94616
94617
94623
94625
94626
94631
94632
94636
94638
94639
94641
94642
94643
94646
94647
94650
94655
94658
94659
94663
94667
94673
94677
94679
94682
94689
94690
94691
94692
94697
94698
94699
94703
94704
94705
94706
94708
94709
94715
94716
94720
94723
94729
94733
94736
94737
94750
94755
94756
94757
94758
94766
94770
94772
94773
94774
94776
94777
94780
94783
94784
94786
94787
94790
94791
94792
94793
94795
94802
94803
94805
94812
94813
94815
94818
94820
94821
94827
94828
94836
94838
94842
94846
94847
94848
94850
94853
94854
94856
94858
94860
94862
94865
94867
94869
94872
94874
94880
94881
94882
94887
94888
94890
94894
94895
94898
94902
94905
94906
94907
94912
94913
94914
94916
94922
94924
94926
94928
94931
94934
94935
94937
94944
94951
94955
94962
94965
94971
94972
94975
94978
94983
94984
94990
94992
94993
94995
94997
95001
95004
95006
95013
95015
95016
95023
95025
95027
95028
95029
95037
95041
95042
95043
95045
95049
95052
95055
95057
95062
95064
95067
95069
95070
95072
95075
95083
95086
95089
95090
95091
95094
95097
95102
95104
95105
95109
95115
95117
95119
95125
95127
95129
95131
95133
95134
95137
95140
95142
95146
95147
95151
95152
95156
95161
95164
95166
95168
95177
95178
95180
95182
95183
95185
95191
95200
95202
95206
95208
95209
95211
95214
95216
95218
95220
95223
95225
95226
95227
95228
95231
95233
95240
95241
95245
95247
95248
95249
95252
95253
95254
95257
95260
95262
95263
95264
95266
95269
95270
95275
95280
95289
95290
95293
95295
95296
95297
95307
95313
95314
95316
95317
95318
95319
95320
95322
95324
95326
95341
95350
95352
95353
95359
95360
95366
95369
95370
95371
95374
95376
95377
95380
95385
95388
95389
95392
95393
95395
95397
95401
95405
95406
95412
95413
95416
95417
95418
95420
95422
95426
95430
95433
95439
95440
95442
95443
95447
95448
95451
95455
95456
95462
95464
95466
95467
95469
95475
95482
95484
95491
95493
95495
95497
95501
95508
95509
95510
95513
95515
95518
95525
95529
95532
95534
95535
95536
95539
95540
95542
95545
95546
95547
95548
95549
95552
95553
95555
95557
95569
95571
95573
95574
95578
95579
95580
95581
95582
95583
95585
95588
95589
95593
95596
95603
95610
95611
95613
95614
95615
95621
95627
95631
95634
95636
95638
95639
95640
95641
95643
95645
95646
95648
95649
95650
95651
95655
95659
95662
95664
95671
95674
95676
95679
95681
95682
95683
95684
95685
95692
95694
95695
95698
95702
95704
95705
95709
95711
95716
95720
95724
95725
95726
95727
95728
95729
95730
95731
95732
95733
95734
95735
95737
95738
95739
95740
95741
95742
95743
95744
95745
95746
95747
95748
95749
95750
95752
95754
95755
95756
95757
95758
95760
95761
95762
95764
95765
95766
95767
95768
95770
95773
95775
95777
95778
95779
95780
95782
95785
95786
95787
95788
95789
95790
95791
95792
95793
95794
95798
95800
95801
95802
95806
95808
95810
95811
95813
95814
95816
95818
95819
95820
95821
95825
95827
95830
95831
95832
95835
95840
95843
95844
95846
95850
95851
95855
95856
95857
95861
95866
95867
95870
95871
95872
95873
95874
95875
95876
95879
95880
95882
95883
95885
95886
95888
95892
95896
95898
95899
95905
95906
95908
95909
95913
95914
95917
95919
95920
95921
95925
95926
95927
95931
95935
95938
95942
95958
95964
95965
95967
95969
95971
95972
95975
95976
95986
95987
95993
95995
95996
96000
96002
96007
96008
96009
96012
96018
96019
96023
96025
96029
96043
96046
96047
96048
96053
96060
96067
96073
96081
96085
96087
96092
96098
96110
96120
96123
96125
96134
96137
96138
96143
96144
96148
96149
96157
96163
96165
96174
96183
96187
96191
96192
96196
96197
96198
96203
96210
96211
96212
96219
96223
96240
96245
96246
96247
96252
96254
96268
96272
96274
96284
96291
96292
96301
96305
96311
96336
96339
96349
96350
96356
96359
96377
96378
96382
96389
96394
96400
96405
96416
96433
96441
96443
96453
96454
96463
96477
96479
96482
96498
96507
96517
96527
96545
96554
96562
96582
96592
96617
96638
96647
96655
96664
96667
96669
96683
96684
96690
96694
96695
96702
96703
96713
96715
96717
96724
96743
96753
96776
96779
96780
96797
96802
96816
96819
96822
96855
96865
96873
96884
96896
96911
96921
96928
96937
96957
96985
97003
97007
97055
97060
97082
97088
97149
97201
97205
97211
97259
97262
97268
97274
97281
97296
97341
97354
97412
97442
97520
97522
97524
97578
97602
97622
97632
97648
97746
97755
97769
97831
97840
97854
97888
97907
97913
97953
97959
97982
98025
98051
98079
98115
98116
98267
98320
98347
98349
98401
98430
98507
98567
98663
98682
98751
98763
98817
98823
98979
98984
98992
99045
99047
99072
99155
99285
99313
99373
99731
99739
99771
99796
99814
100231
100276
100306
100330
100345
100352
100353
100749
101143
101149
101208
101222
101306
101326
101335
101878
102905
102954
102955
102959
102967
103025
103166
104058
104654
106761
106923
107681
107689
107697
107851
108046
108241
108818
109120
115197
116096
117298
118442
122590
122789
127914
135975
141878
143124
148275
148276
148277
148279
148280
148281
148283
148284
148286
148288
148289
148292
148293
148294
148298
148301
148303
148309
148317
148318
148319
148324
148325
148326
148327
148330
148331
148336
148341
148343
148355
148357
148366
148367
148369
148377
148378
148380
148381
148386
148388
148390
148395
148397
148399
148405
148412
148413
148414
148419
148421
148424
148427
148428
148435
148445
148446
148449
148458
148464
148466
148467
148470
148477
148481
148490
148496
148498
148499
148503
148505
148508
148510
148511
148513
148518
148519
148520
148524
148526
148532
148537
148538
148539
148548
148551
148555
148556
148558
148561
148565
148566
148569
148579
148583
148593
148594
148599
148606
148610
148612
148614
148622
148629
148632
148634
148638
148644
148645
148646
148648
148651
148654
148659
148660
148675
148676
148685
148686
148687
148691
148695
148699
148700
148702
148703
148706
148707
148716
148724
148728
148737
148738
148743
148744
148748
148761
148762
148767
148772
148774
148776
148777
148778
148779
148782
148784
148791
148795
148809
148811
148812
148823
148831
148839
148841
148852
148853
148856
148860
148870
148877
148881
148882
148883
148889
148891
148913
148917
148924
148927
148935
148938
148939
148953
148954
148956
148971
148972
148979
148982
148984
148994
148996
148998
149003
149005
149019
149026
149031
149032
149035
149037
149040
149042
149047
149048
149049
149053
149054
149055
149056
149058
149075
149080
149081
149086
149087
149090
149095
149097
149098
149099
149106
149112
149131
149132
149137
149165
149171
149175
149176
149177
149179
149182
149186
149188
149191
149193
149201
149207
149208
149213
149236
149244
149257
149259
149261
149269
149273
149274
149276
149280
149293
149297
149302
149303
149314
149318
149320
149345
149351
149355
149362
149365
149367
149368
149370
149380
149382
149383
149398
149409
149413
149424
149428
149437
149439
149443
149447
149451
149454
149467
149469
149489
149491
149492
149497
149498
149501
149504
149509
149513
149515
149518
149537
149550
149557
149560
149574
149576
149577
149578
149585
149589
149590
149591
149612
149615
149619
149623
149624
149626
149630
149632
149636
149637
149643
149644
149648
149665
149668
149669
149686
149691
149700
149706
149712
149724
149741
149746
149747
149753
149756
149765
149767
149773
149775
149778
149800
149806
149822
149827
149834
149837
149851
149863
149871
149882
149885
149900
149912
149931
149933
149937
149942
149956
149958
149966
149971
149984
149991
149999
150006
150010
150011
150022
150028
150029
150031
150033
150041
150090
150094
150098
150102
150106
150107
150109
150120
150139
150140
150152
150155
150175
150182
150184
150190
150216
150227
150232
150235
150237
150243
150247
150252
150259
150263
150264
150267
150272
150283
150295
150301
150310
150324
150326
150333
150342
150345
150349
150371
150396
150405
150420
150431
150442
150446
150456
150457
150475
150493
150501
150503
150512
150516
150517
150518
150532
150537
150541
150547
150558
150565
150569
150571
150573
150581
150584
150590
150608
150620
150621
150637
150650
150659
150666
150671
150676
150682
150690
150694
150702
150703
150704
150728
150735
150739
150757
150768
150772
150779
150783
150784
150792
150800
150808
150843
150853
150857
150865
150872
150876
150882
150898
150922
150924
150931
150937
150947
150983
150985
150988
150993
150999
151001
151011
151014
151044
151057
151096
151102
151137
151146
151152
151161
151170
151183
151186
151188
151194
151197
151205
151216
151221
151223
151224
151243
151265
151292
151311
151319
151330
151334
151339
151362
151367
151375
151376
151378
151380
151409
151415
151420
151430
151448
151459
151464
151466
151487
151503
151519
151522
151542
151545
151552
151580
151583
151600
151639
151661
151666
151673
151676
151677
151687
151696
151706
151708
151709
151710
151717
151728
151753
151783
151788
151791
151808
151828
151829
151831
151841
151853
151854
151857
151859
151869
151901
151903
151907
151921
151926
151937
151963
151982
151988
152026
152027
152029
152048
152053
152054
152081
152104
152134
152137
152139
152141
152142
152143
152148
152159
152162
152165
152169
152175
152178
152182
152183
152195
152202
152214
152219
152220
152242
152267
152298
152299
152310
152318
152335
152362
152368
152372
152386
152389
152412
152415
152422
152433
152460
152464
152465
152481
152487
152501
152502
152505
152510
152531
152534
152586
152597
152600
152607
152611
152650
152655
152688
152689
152695
152696
152701
152703
152728
152738
152740
152755
152781
152785
152786
152787
152807
152811
152814
152819
152826
152836
152838
152840
152863
152879
152887
152897
152898
152900
152927
152930
152937
152942
152949
152950
152954
152955
152968
152973
152974
153005
153018
153022
153045
153051
153054
153059
153061
153065
153080
153083
153084
153105
153107
153117
153135
153150
153154
153159
153162
153181
153182
153185
153188
153195
153196
153204
153206
153209
153213
153217
153218
153219
153228
153241
153250
153254
153255
153258
153267
153277
153305
153306
153310
153313
153318
153328
153337
153353
153363
153372
153373
153374
153376
153390
153403
153429
153460
153464
153468
153471
153475
153495
153504
153511
153529
153534
153563
153570
153571
153593
153598
153624
153638
153645
153667
153677
153682
153693
153702
153706
153710
153722
153727
153733
153743
153761
153775
153781
153783
153786
153796
153803
153819
153825
153833
153836
153838
153843
153859
153860
153863
153872
153878
153887
153917
153926
153934
153950
153951
153960
153962
153987
154036
154042
154059
154060
154063
154080
154085
154087
154099
154100
154103
154106
154122
154131
154152
154158
154162
154176
154179
154192
154193
154200
154209
154228
154231
154236
154237
154252
154257
154263
154269
154276
154324
154330
154338
154340
154343
154345
154349
154350
154352
154373
154384
154391
154402
154407
154419
154420
154421
154446
154456
154460
154470
154475
154479
154487
154491
154494
154495
154496
154506
154515
154521
154528
154529
154530
154532
154533
154534
154540
154541
154546
154548
154550
154555
154557
154571
154572
154579
154586
154591
154593
154595
154616
154639
154642
154644
154652
154667
154671
154675
154681
154682
154688
154700
154704
154705
154706
154709
154716
154721
154734
154752
154755
154762
154765
154766
154770
154775
154782
154784
154789
154797
154800
154804
154809
154811
154812
154815
154819
154828
154849
154858
154890
154896
154905
154917
154944
154988
154995
155012
155018
155023
155029
155039
155046
155048
155055
155058
155059
155066
155072
155080
155086
155096
155105
155107
155119
155123
155124
155126
155129
155132
155140
155145
155149
155163
155164
155170
155178
155194
155196
155198
155211
155214
155221
155223
155232
155237
155248
155261
155277
155280
155298
155300
155311
155317
155322
155323
155334
155347
155355
155360
155361
155377
155389
155413
155415
155418
155421
155425
155426
155436
155448
155469
155487
155510
155514
155535
155542
155544
155547
155549
155565
155571
155581
155588
155596
155604
155606
155610
155613
155622
155625
155628
155633
155645
155648
155652
155655
155659
155684
155687
155700
155702
155707
155712
155719
155721
155723
155755
155769
155780
155793
155794
155802
155803
155812
155821
155823
155825
155837
155845
155846
155849
155851
155875
155884
155906
155919
155943
155946
155947
155949
155953
155954
155974
155979
155984
155985
155986
155999
156004
156005
156007
156013
156022
156023
156028
156029
156033
156056
156063
156078
156086
156095
156096
156098
156102
156124
156138
156144
156177
156181
156184
156204
156216
156217
156228
156229
156234
156236
156240
156242
156250
156254
156257
156265
156272
156286
156293
156301
156327
156334
156337
156338
156342
156353
156357
156377
156390
156391
156428
156433
156444
156447
156457
156470
156473
156476
156490
156505
156507
156508
156525
156532
156538
156546
156549
156556
156565
156568
156571
156572
156580
156634
156639
156663
156666
156669
156672
156676
156682
156698
156719
156724
156729
156744
156760
156780
156795
156804
156812
156829
156833
156840
156841
156856
156857
156864
156865
156872
156876
156878
156879
156881
156885
156888
156893
156901
156926
156930
156931
156939
156960
156961
156967
156983
156988
157016
157022
157023
157034
157042
157044
157047
157049
157050
157057
157060
157061
157062
157067
157085
157097
157115
157121
157131
157139
157141
157143
157146
157152
157153
157159
157160
157161
157163
157167
157168
157183
157185
157214
157215
157218
157253
157255
157262
157266
157268
157274
157285
157290
157299
157307
157309
157312
157321
157326
157332
157348
157349
157353
157364
157378
157385
157391
157394
157395
157402
157404
157415
157423
157430
157443
157448
157449
157457
157470
157478
157486
157489
157491
157498
157499
157502
157503
157517
157531
157536
157537
157548
157561
157564
157594
157597
157611
157612
157617
157625
157627
157633
157647
157666
157673
157687
157698
157703
157705
157706
157711
157714
157744
157750
157757
157761
157765
157767
157790
157807
157817
157826
157830
157832
157836
157843
157846
157848
157857
157859
157866
157870
157875
157897
157903
157912
157927
157931
157939
157945
157946
157949
157958
157959
157962
157966
157972
157983
157985
157987
157988
157993
157997
158006
158020
158032
158034
158040
158053
158054
158069
158090
158130
158135
158138
158139
158140
158148
158154
158158
158171
158190
158198
158203
158213
158219
158231
158238
158243
158246
158253
158254
158259
158261
158274
158275
158279
158282
158290
158323
158346
158359
158383
158391
158406
158407
158408
158410
158411
158417
158418
158425
158429
158459
158472
158489
158491
158492
158496
158510
158514
158519
158524
158525
158534
158555
158561
158568
158577
158579
158584
158586
158587
158592
158596
158609
158624
158627
158628
158630
158671
158679
158684
158687
158692
158699
158702
158707
158740
158743
158749
158752
158755
158764
158805
158808
158815
158844
158849
158893
158916
158926
158931
158959
158962
158981
158998
159001
159010
159013
159016
159024
159029
159034
159050
159052
159053
159054
159067
159069
159071
159072
159091
159097
159102
159105
159110
159115
159122
159127
159128
159130
159132
159133
159144
159146
159148
159155
159156
159160
159164
159174
159183
159190
159194
159206
159213
159216
159220
159221
159222
159235
159248
159254
159264
159275
159284
159286
159290
159292
159303
159305
159314
159320
159337
159342
159365
159374
159378
159380
159391
159400
159401
159405
159406
159409
159410
159415
159416
159418
159429
159431
159439
159440
159447
159448
159453
159455
159467
159471
159472
159479
159489
159491
159494
159497
159505
159507
159525
159531
159534
159537
159543
159544
159546
159547
159548
159550
159553
159567
159573
159584
159599
159601
159603
159609
159619
159625
159632
159637
159648
159655
159677
159690
159691
159692
159695
159699
159702
159706
159726
159733
159746
159751
159759
159763
159767
159779
159799
159805
159816
159825
159829
159836
159852
159856
159878
159880
159883
159896
159901
159906
159909
159910
159911
159915
159920
159926
159927
159931
159952
159985
159999
160003
160014
160032
160040
160054
160056
160058
160059
160082
160091
160102
160103
160104
160105
160116
160119
160133
160136
160148
160162
160174
160175
160176
160178
160188
160200
160202
160205
160219
160227
160235
160237
160253
160255
160257
160263
160267
160270
160271
160272
160281
160317
160329
160330
160347
160356
160385
160390
160395
160398
160399
160408
160420
160422
160427
160443
160448
160450
160462
160463
160474
160480
160481
160497
160537
160545
160550
160572
160573
160575
160577
160580
160597
160605
160608
160609
160612
160617
160618
160624
160626
160645
160646
160657
160668
160678
160679
160686
160687
160714
160716
160719
160733
160746
160751
160775
160784
160790
160792
160793
160797
160801
160810
160823
160828
160830
160834
160836
160843
160845
160857
160861
160862
160864
160866
160877
160882
160886
160889
160891
160907
160933
160936
160946
160954
160957
160980
160986
160990
160992
160994
160999
161012
161057
161058
161063
161069
161072
161074
161075
161076
161089
161095
161102
161117
161118
161133
161153
161165
161171
161179
161186
161192
161200
161201
161204
161205
161212
161213
161224
161229
161241
161253
161263
161265
161269
161270
161272
161274
161281
161282
161284
161293
161304
161305
161312
161314
161319
161320
161321
161340
161343
161344
161349
161361
161371
161372
161375
161377
161382
161384
161388
161393
161398
161402
161421
161423
161431
161434
161444
161448
161462
161480
161490
161499
161507
161508
161516
161519
161530
161532
161544
161556
161560
161572
161576
161577
161586
161588
161589
161590
161592
161593
161595
161608
161611
161616
161619
161621
161629
161631
161632
161657
161666
161670
161672
161679
161681
161687
161690
161703
161704
161705
161707
161733
161737
161741
161746
161760
161762
161766
161771
161774
161779
161780
161795
161804
161811
161816
161821
161824
161835
161842
161844
161847
161848
161850
161854
161859
161877
161880
161881
161909
161910
161929
161931
161932
161934
161943
161946
161948
161955
161959
161964
161968
161981
161999
162000
162016
162020
162021
162033
162048
162057
162068
162074
162076
162081
162084
162085
162089
162096
162098
162115
162124
162125
162136
162148
162163
162166
162174
162175
162177
162182
162183
162186
162188
162191
162193
162197
162209
162210
162215
162218
162234
162239
162248
162264
162269
162273
162276
162277
162279
162281
162282
162286
162291
162294
162308
162309
162311
162317
162321
162331
162344
162345
162357
162358
162359
162365
162368
162380
162381
162391
162401
162405
162406
162416
162419
162423
162448
162451
162452
162455
162460
162462
162482
162484
162488
162490
162494
162495
162508
162531
162533
162554
162559
162562
162572
162573
162580
162581
162585
162593
162594
162600
162611
162612
162616
162617
162619
162624
162641
162648
162650
162657
162660
162665
162666
162679
162691
162711
162712
162713
162714
162719
162721
162722
162724
162735
162759
162762
162770
162778
162780
162785
162806
162808
162813
162814
162824
162829
162847
162855
162856
162865
162871
162878
162881
162889
162890
162894
162898
162906
162908
162910
162912
162918
162920
162932
162967
162976
162984
162989
162991
162993
162997
162998
163014
163016
163025
163029
163037
163044
163046
163050
163051
163053
163054
163085
163091
163094
163104
163106
163114
163128
163144
163154
163163
163197
163199
163200
163206
163207
163212
163218
163235
163239
163244
163258
163261
163264
163282
163283
163296
163298
163300
163314
163324
163325
163329
163331
163340
163341
163344
163364
163368
163372
163373
163380
163390
163404
163409
163412
163421
163430
163446
163448
163455
163457
163466
163468
163471
163473
163478
163488
163495
163512
163513
163514
163528
163536
163575
163576
163577
163579
163580
163581
163587
163598
163620
163626
163627
163644
163645
163647
163656
163664
163670
163684
163687
163694
163696
163697
163706
163710
163715
163726
163728
163742
163752
163753
163758
163764
163772
163776
163780
163794
163800
163803
163813
163830
163836
163837
163841
163849
163858
163861
163864
163866
163874
163884
163888
163904
163905
163915
163920
163926
163931
163933
163935
163956
163967
163973
163981
163993
164000
164003
164005
164007
164010
164014
164016
164020
164022
164025
164033
164037
164042
164046
164055
164081
164085
164086
164088
164092
164095
164098
164100
164119
164120
164132
164135
164149
164153
164165
164168
164180
164181
164191
164213
164235
164236
164238
164241
164242
164250
164252
164260
164263
164275
164283
164289
164293
164295
164296
164300
164304
164311
164324
164325
164326
164334
164338
164339
164355
164356
164365
164367
164369
164370
164377
164379
164381
164385
164388
164397
164401
164403
164408
164412
164423
164424
164428
164432
164433
164436
164443
164447
164449
164455
164465
164470
164475
164482
164488
164489
164495
164497
164506
164509
164512
164518
164523
164553
164571
164573
164574
164575
164577
164594
164614
164628
164632
164635
164643
164646
164657
164661
164666
164670
164680
164711
164720
164728
164734
164738
164753
164756
164768
164777
164781
164785
164788
164790
164807
164814
164815
164817
164824
164827
164831
164834
164837
164840
164841
164842
164847
164850
164884
164889
164890
164891
164899
164901
164903
164936
164938
164943
164964
164968
164969
164971
164972
164975
164984
164989
164992
164993
165005
165010
165024
165025
165036
165037
165049
165057
165076
165089
165091
165092
165093
165096
165098
165105
165117
165120
165129
165131
165138
165139
165141
165153
165158
165172
165181
165186
165191
165208
165224
165227
165229
165230
165233
165234
165235
165242
165243
165250
165252
165267
165271
165273
165298
165303
165305
165313
165319
165322
165326
165329
165338
165340
165342
165350
165355
165357
165376
165382
165393
165399
165403
165409
165411
165416
165420
165429
165434
165435
165438
165442
165444
165452
165465
165472
165473
165475
165476
165477
165492
165499
165500
165502
165503
165519
165523
165525
165530
165539
165547
165553
165554
165567
165587
165588
165608
165628
165630
165632
165637
165644
165646
165659
165680
165684
165686
165691
165693
165695
165710
165727
165747
165750
165759
165765
165771
165776
165782
165798
165800
165808
165810
165812
165819
165823
165843
165847
165848
165853
165857
165867
165879
165888
165898
165907
165908
165920
165928
165929
165932
165949
165964
165981
165983
165984
165992
166007
166016
166017
166019
166020
166027
166028
166034
166039
166042
166044
166064
166070
166074
166087
166105
166109
166112
166133
166134
166137
166140
166148
166152
166182
166190
166197
166205
166206
166208
166231
166234
166235
166244
166253
166255
166264
166272
166280
166298
166301
166302
166305
166306
166320
166326
166329
166334
166341
166347
166351
166354
166359
166365
166369
166392
166397
166406
166408
166413
166422
166435
166441
166444
166445
166451
166452
166454
166456
166470
166474
166482
166492
166493
166500
166509
166519
166522
166525
166554
166565
166569
166573
166575
166581
166597
166603
166608
166609
166616
166619
166621
166645
166646
166656
166657
166662
166663
166666
166668
166683
166692
166707
166716
166719
166732
166741
166743
166762
166765
166775
166776
166784
166802
166818
166819
166826
166832
166842
166853
166865
166870
166871
166875
166885
166892
166897
166901
166912
166916
166927
166933
166937
166941
166945
166959
166960
166975
166979
166985
166989
166997
167000
167005
167009
167018
167020
167024
167027
167040
167050
167051
167054
167063
167075
167076
167089
167103
167108
167111
167115
167116
167120
167121
167126
167136
167138
167145
167157
167159
167164
167167
167173
167174
167191
167213
167223
167233
167239
167241
167242
167248
167287
167294
167295
167296
167302
167313
167319
167326
167352
167368
167373
167381
167393
167395
167401
167409
167412
167413
167422
167427
167428
167438
167442
167446
167449
167455
167474
167475
167479
167495
167520
167522
167526
167532
167535
167542
167543
167549
167551
167565
167588
167600
167602
167607
167608
167614
167639
167647
167661
167673
167681
167684
167690
167704
167713
167718
167719
167760
167768
167785
167786
167791
167815
167817
167818
167821
167849
167851
167855
167863
167864
167868
167873
167883
167917
167922
167929
167930
167933
167950
167951
167957
167961
167965
167967
167968
167969
167982
167994
168014
168022
168034
168038
168043
168052
168082
168092
168100
168101
168103
168105
168106
168109
168118
168120
168121
168125
168130
168135
168138
168143
168144
168146
168157
168160
168165
168195
168198
168210
168211
168212
168227
168242
168245
168251
168262
168266
168285
168292
168293
168300
168314
168315
168343
168355
168357
168362
168363
168370
168371
168372
168393
168402
168403
168408
168431
168437
168445
168454
168458
168466
168467
168499
168517
168531
168533
168552
168562
168566
168572
168575
168579
168589
168597
168600
168621
168625
168639
168644
168648
168651
168656
168660
168668
168672
168673
168674
168675
168676
168678
168684
168691
168697
168700
168701
168703
168709
168717
168723
168726
168732
168741
168746
168750
168752
168757
168766
168780
168782
168783
168793
168813
168815
168825
168827
168830
168833
168840
168851
168859
168867
168879
168881
168884
168889
168890
168892
168895
168896
168904
168914
168934
168943
168953
168956
168959
168964
168971
168975
168977
168979
168981
168991
168998
169001
169023
169026
169031
169042
169054
169056
169086
169088
169111
169127
169133
169174
169189
169210
169212
169286
169318
169398
169404
169450
169489
169537
169581
169585
169615
169622
169637
169675
169684
169711
169763
169786
169791
169814
169822
169823
169828
169882
169898
169899
169917
169932
169939
169941
169943
169961
169968
169977
169978
169980
169988
170016
170074
170086
170103
170112
170127
170135
170144
170147
170162
170164
170173
170204
170247
170248
170253
170264
170286
170312
170313
170330
170335
170342
170349
170363
170367
170371
170375
170391
170399
170400
170406
170410
170414
170418
170437
170448
170449
170453
170458
170465
170477
170492
170496
170497
170531
170533
170546
170561
170568
170591
170623
170630
170646
170651
170653
170658
170660
170661
170667
170687
170689
170693
170714
170728
170750
170770
170785
170795
170800
170802
170803
170809
170812
170821
170824
170834
170841
170850
170856
170859
170888
170890
170893
170905
170943
170946
170971
171014
171021
171045
171047
171059
171069
171089
171093
171099
171100
171111
171137
171157
171161
171169
171176
171184
171186
171203
171204
171233
171237
171253
171270
171276
171277
171278
171291
171294
171300
171309
171316
171318
171326
171329
171368
171381
171385
171386
171394
171397
171413
171432
171442
171448
171449
171454
171458
171460
171464
171474
171478
171479
171489
171492
171493
171520
171530
171532
171544
171546
171551
171571
171573
171579
171583
171588
171598
171601
171604
171613
171622
171629
171635
171656
171658
171665
171670
171674
171680
171682
171683
171689
171690
171694
171714
171728
171730
171743
171746
171747
171753
171769
171780
171782
171784
171786
171787
171801
171805
171806
171812
171817
171819
171836
171837
171841
171843
171868
171885
171893
171903
171905
171907
171908
171931
171934
171945
171968
171970
171997
171998
172011
172023
172025
172031
172037
172042
172044
172065
172066
172069
172080
172089
172094
172113
172114
172139
172141
172162
172178
172179
172194
172203
172219
172225
172226
172239
172240
172243
172251
172253
172255
172262
172267
172271
172282
172292
172300
172305
172306
172308
172312
172330
172339
172341
172351
172361
172373
172378
172383
172388
172391
172392
172400
172419
172437
172439
172442
172445
172456
172468
172499
172501
172503
172527
172554
172561
172567
172581
172583
172605
172608
172630
172646
172649
172650
172665
172690
172706
172708
172732
172735
172738
172753
172767
172778
172789
172812
172814
172823
172840
172876
172880
172889
172892
172894
172895
172898
172903
172936
172941
172950
172960
172981
172982
172983
172984
173016
173020
173046
173049
173054
173058
173068
173070
173113
173114
173124
173131
173134
173137
173147
173171
173175
173177
173181
173182
173191
173196
173206
173209
173222
173242
173273
173279
173292
173300
173312
173326
173352
173362
173365
173392
173395
173397
173398
173409
173428
173439
173445
173448
173456
173462
173464
173477
173493
173499
173506
173518
173519
173533
173534
173537
173545
173574
173583
173584
173585
173589
173597
173608
173618
173630
173633
173638
173655
173656
173670
173676
173681
173688
173699
173706
173727
173735
173740
173741
173759
173775
173776
173779
173787
173791
173792
173807
173824
173830
173832
173838
173844
173884
173894
173902
173918
173923
173927
173935
173938
173941
173958
173972
173976
173977
173985
173994
174018
174038
174050
174061
174067
174073
174094
174100
174107
174109
174143
174154
174159
174168
174172
174176
174177
174179
174194
174195
174213
174219
174232
174239
174242
174244
174249
174259
174262
174274
174279
174285
174322
174338
174344
174347
174354
174365
174367
174399
174415
174426
174430
174435
174442
174448
174454
174459
174471
174481
174489
174503
174510
174518
174529
174531
174534
174539
174548
174564
174567
174574
174575
174577
174584
174593
174608
174615
174639
174648
174650
174656
174663
174677
174695
174697
174713
174718
174733
174746
174753
174763
174773
174776
174786
174795
174800
174818
174855
174862
174871
174873
174879
174889
174904
174908
174937
174938
174941
174951
174966
174989
174990
174991
174999
175001
175004
175005
175018
175030
175031
175032
175035
175056
175065
175066
175080
175085
175091
175104
175107
175110
175116
175119
175126
175130
175134
175137
175139
175146
175152
175161
175177
175185
175194
175203
175206
175250
175251
175257
175263
175267
175268
175273
175292
175294
175298
175302
175307
175309
175318
175321
175325
175333
175345
175357
175365
175392
175393
175394
175396
175400
175412
175432
175434
175435
175447
175454
175476
175480
175481
175488
175492
175493
175508
175509
175513
175522
175525
175532
175536
175543
175546
175548
175559
175570
175576
175578
175585
175591
175592
175595
175613
175626
175636
175663
175668
175671
175672
175678
175685
175688
175726
175736
175756
175762
175764
175783
175788
175810
175815
175818
175827
175834
175840
175854
175858
175862
175866
175872
175879
175880
175887
175903
175917
175941
175944
175967
175970
175975
175994
176008
176013
176028
176039
176042
176051
176053
176062
176064
176070
176071
176082
176083
176109
176113
176120
176124
176133
176153
176162
176170
176187
176191
176206
176212
176213
176214
176215
176219
176290
176294
176308
176313
176316
176318
176321
176335
176339
176342
176361
176363
176370
176372
176376
176390
176396
176405
176423
176436
176443
176447
176455
176469
176472
176474
176480
176502
176520
176521
176523
176524
176526
176563
176585
176586
176590
176594
176605
176608
176621
176623
176646
176654
176659
176662
176672
176681
176682
176685
176703
176707
176729
176733
176742
176768
176782
176783
176790
176813
176816
176841
176844
176862
176867
176871
176872
176881
176890
176892
176906
176915
176925
176929
176932
176943
176950
176961
176975
176986
177005
177008
177025
177026
177029
177067
177082
177096
177098
177099
177156
177169
177174
177190
177195
177196
177197
177198
177208
177218
177230
177234
177237
177240
177241
177251
177257
177269
177274
177275
177280
177285
177289
177305
177306
177308
177311
177320
177325
177327
177341
177351
177355
177376
177382
177383
177388
177390
177398
177420
177437
177442
177456
177478
177485
177498
177507
177509
177512
177519
177556
177572
177583
177597
177607
177620
177621
177623
177625
177626
177628
177638
177640
177648
177650
177652
177654
177661
177670
177686
177722
177724
177739
177751
177775
177779
177785
177823
177838
177843
177857
177870
177873
177875
177877
177883
177884
177885
177888
177891
177899
177902
177910
177919
177949
177950
177955
177967
177974
177981
177982
177987
177990
177996
178013
178015
178030
178040
178042
178054
178065
178076
178099
178104
178107
178114
178117
178124
178126
178129
178132
178143
178161
178195
178196
178198
178214
178256
178260
178262
178264
178273
178280
178288
178310
178326
178335
178347
178349
178350
178351
178354
178358
178368
178381
178393
178438
178442
178446
178457
178461
178463
178466
178467
178478
178491
178493
178497
178504
178508
178511
178525
178532
178550
178575
178583
178590
178599
178610
178612
178617
178626
178633
178649
178668
178677
178681
178686
178691
178708
178709
178738
178752
178764
178774
178775
178787
178792
178814
178816
178817
178831
178836
178838
178840
178848
178854
178873
178877
178889
178895
178903
178920
178945
178950
178954
178959
178964
178965
178967
178969
178973
178976
178982
178988
178992
179011
179042
179049
179051
179052
179056
179058
179062
179069
179093
179094
179096
179104
179108
179109
179111
179113
179117
179126
179129
179141
179144
179160
179175
179180
179190
179202
179213
179218
179221
179229
179235
179245
179254
179258
179273
179286
179294
179305
179307
179313
179314
179322
179326
179335
179337
179338
179340
179342
179343
179347
179348
179366
179367
179370
179371
179377
179381
179389
179395
179407
179412
179418
179419
179434
179435
179438
179442
179454
179465
179494
179507
179508
179512
179513
179522
179535
179553
179561
179569
179573
179583
179584
179586
179587
179593
179597
179603
179610
179614
179617
179619
179620
179623
179624
179630
179636
179646
179658
179666
179701
179707
179714
179716
179724
179731
179738
179742
179743
179756
179762
179769
179776
179779
179787
179797
179810
179824
179825
179842
179870
179871
179875
179880
179884
179889
179896
179899
179906
179907
179908
179909
179919
179927
179928
179932
179940
179952
179964
179966
179985
179986
179993
179999
180017
180019
180022
180023
180026
180035
180038
180048
180053
180057
180061
180076
180088
180092
180094
180108
180110
180117
180118
180119
180130
180132
180142
180146
180151
180156
180159
180161
180174
180178
180183
180190
180193
180218
180225
180234
180235
180248
180258
180269
180282
180296
180297
180329
180355
180357
180359
180365
180374
180376
180389
180393
180398
180406
180407
180415
180428
180429
180465
180473
180476
180481
180494
180497
180500
180522
180547
180548
180551
180559
180560
180572
180573
180576
180589
180633
180652
180653
180657
180664
180670
180673
180675
180702
180703
180707
180713
180719
180731
180735
180740
180746
180752
180756
180758
180771
180776
180778
180784
180788
180798
180801
180804
180806
180821
180835
180848
180857
180871
180872
180876
180887
180902
180907
180911
180920
180938
180943
180949
180959
180966
180972
180976
180980
180985
180995
181008
181013
181022
181025
181043
181064
181067
181100
181110
181111
181115
181122
181129
181132
181134
181140
181164
181175
181178
181197
181199
181215
181218
181220
181223
181233
181234
181245
181247
181264
181279
181291
181299
181316
181320
181343
181352
181353
181360
181362
181368
181372
181377
181387
181393
181394
181397
181401
181404
181410
181423
181440
181444
181447
181451
181462
181463
181466
181471
181474
181479
181481
181485
181488
181502
181521
181522
181540
181546
181548
181551
181559
181567
181583
181598
181604
181609
181610
181623
181624
181627
181636
181646
181652
181673
181682
181685
181687
181695
181716
181729
181735
181743
181751
181759
181761
181776
181784
181787
181788
181796
181805
181841
181844
181849
181855
181866
181869
181872
181876
181879
181880
181882
181893
181903
181910
181911
181913
181923
181938
181939
181945
181965
181968
181973
181990
182006
182015
182018
182029
182038
182041
182042
182047
182071
182076
182089
182095
182102
182107
182112
182122
182141
182145
182150
182157
182161
182181
182187
182188
182220
182228
182237
182238
182239
182247
182248
182251
182262
182264
182274
182277
182285
182286
182287
182292
182301
182302
182307
182308
182309
182310
182317
182323
182325
182326
182330
182359
182368
182374
182383
182388
182390
182402
182405
182409
182424
182446
182457
182475
182485
182496
182501
182503
182505
182516
182527
182535
182552
182554
182555
182557
182563
182573
182579
182581
182588
182612
182627
182638
182640
182643
182651
182654
182660
182666
182667
182675
182676
182695
182697
182702
182705
182745
182746
182748
182756
182765
182769
182772
182776
182778
182779
182783
182809
182825
182828
182834
182848
182853
182858
182862
182877
182888
182901
182902
182915
182920
182921
182923
182924
182926
182954
182955
182961
182973
182975
182979
182980
182982
182983
182990
183006
183012
183022
183034
183047
183063
183080
183085
183094
183095
183107
183110
183112
183115
183128
183129
183149
183161
183163
183169
183171
183175
183178
183197
183199
183204
183216
183231
183240
183242
183243
183256
183261
183264
183276
183284
183304
183310
183322
183323
183353
183363
183372
183383
183384
183397
183398
183420
183425
183438
183449
183456
183485
183487
183504
183505
183518
183525
183526
183529
183534
183536
183560
183580
183585
183586
183604
183609
183610
183613
183619
183627
183641
183642
183657
183660
183662
183663
183677
183678
183681
183704
183714
183724
183737
183739
183741
183747
183748
183763
183781
183787
183792
183802
183805
183830
183865
183871
183884
183887
183889
183937
183946
183949
183955
183958
183968
183975
183985
183990
184013
184018
184026
184070
184073
184074
184081
184085
184087
184092
184110
184124
184130
184131
184140
184148
184153
184154
184160
184163
184190
184196
184201
184203
184207
184214
184228
184229
184237
184245
184247
184254
184262
184267
184274
184284
184290
184297
184299
184302
184308
184317
184337
184344
184352
184357
184365
184367
184376
184379
184409
184416
184419
184422
184423
184431
184438
184453
184455
184461
184469
184473
184482
184497
184507
184515
184519
184520
184526
184536
184544
184560
184567
184568
184575
184595
184609
184610
184612
184613
184621
184634
184636
184645
184652
184658
184659
184669
184681
184686
184691
184698
184702
184709
184718
184739
184743
184744
184757
184761
184762
184767
184774
184788
184824
184825
184845
184849
184852
184853
184883
184889
184890
184898
184900
184902
184907
184911
184925
184937
184962
184978
184985
184998
185011
185015
185016
185019
185020
185023
185026
185038
185045
185049
185053
185055
185058
185060
185061
185087
185090
185113
185117
185118
185119
185129
185136
185137
185144
185155
185161
185165
185168
185169
185176
185184
185186
185194
185206
185219
185223
185225
185229
185248
185271
185272
185288
185301
185310
185321
185327
185331
185338
185339
185355
185356
185357
185358
185362
185364
185365
185366
185368
185406
185417
185419
185437
185450
185451
185457
185458
185472
185497
185504
185510
185515
185524
185541
185570
185589
185597
185604
185608
185615
185624
185640
185646
185663
185668
185672
185677
185679
185680
185685
185688
185689
185705
185710
185713
185719
185729
185741
185757
185758
185763
185766
185767
185778
185779
185781
185814
185820
185824
185825
185826
185836
185847
185848
185851
185855
185860
185861
185876
185899
185904
185907
185908
185916
185918
185919
185924
185927
185935
185936
185944
185952
185953
185958
185977
185981
185997
186000
186012
186032
186034
186038
186039
186043
186050
186054
186057
186060
186069
186072
186074
186079
186081
186091
186096
186118
186120
186121
186132
186135
186137
186146
186162
186167
186173
186188
186196
186200
186202
186203
186204
186205
186210
186217
186230
186232
186239
186252
186259
186260
186277
186285
186288
186292
186300
186301
186312
186314
186329
186351
186353
186360
186365
186382
186399
186408
186423
186441
186442
186443
186458
186466
186468
186481
186485
186491
186519
186520
186521
186522
186523
186525
186530
186537
186543
186545
186554
186555
186556
186575
186596
186607
186642
186645
186648
186659
186662
186669
186670
186672
186691
186696
186713
186721
186737
186741
186761
186762
186771
186784
186785
186790
186797
186830
186831
186833
186836
186842
186843
186844
186846
186861
186866
186876
186879
186886
186891
186893
186897
186901
186903
186906
186914
186929
186935
186940
186946
186971
186974
186976
186984
186988
186996
187041
187052
187090
187093
187099
187110
187114
187119
187120
187130
187134
187135
187141
187147
187156
187157
187158
187163
187164
187168
187171
187183
187186
187188
187205
187208
187220
187221
187230
187231
187234
187238
187239
187249
187261
187273
187276
187282
187284
187308
187310
187320
187332
187343
187348
187350
187352
187356
187367
187372
187375
187376
187378
187419
187423
187425
187427
187430
187431
187435
187452
187482
187487
187488
187497
187503
187507
187511
187519
187521
187524
187525
187533
187535
187543
187558
187559
187574
187585
187606
187616
187622
187631
187637
187641
187652
187660
187668
187672
187675
187690
187697
187706
187719
187725
187737
187741
187746
187770
187775
187796
187813
187831
187839
187852
187860
187861
187866
187868
187879
187887
187888
187889
187897
187903
187916
187923
187928
187931
187932
187935
187937
187957
187972
187979
187982
187988
188020
188023
188025
188036
188050
188051
188074
188079
188097
188107
188108
188114
188121
188144
188155
188163
188172
188178
188180
188187
188193
188204
188219
188236
188237
188238
188242
188252
188256
188258
188263
188268
188273
188276
188292
188294
188296
188303
188304
188320
188335
188347
188348
188350
188362
188366
188368
188379
188388
188391
188420
188425
188433
188444
188461
188470
188471
188489
188495
188498
188502
188512
188528
188535
188537
188539
188553
188555
188585
188586
188587
188590
188600
188617
188621
188626
188631
188635
188670
188706
188713
188714
188719
188734
188737
188763
188766
188770
188778
188780
188791
188799
188802
188803
188808
188811
188813
188822
188828
188840
188842
188848
188881
188889
188899
188903
188912
188913
188922
188927
188928
188941
188942
188948
188955
188962
188966
188969
188979
188982
188988
189002
189007
189030
189032
189033
189034
189035
189047
189050
189067
189068
189074
189086
189091
189108
189111
189114
189147
189151
189164
189174
189189
189193
189200
189203
189213
189220
189221
189239
189243
189246
189259
189260
189264
189282
189288
189299
189310
189313
189314
189327
189333
189341
189347
189368
189379
189390
189391
189395
189402
189403
189406
189412
189424
189439
189451
189452
189460
189467
189468
189476
189480
189495
189499
189507
189509
189514
189516
189521
189529
189541
189547
189551
189552
189554
189558
189565
189581
189591
189638
189639
189641
189643
189666
189667
189672
189678
189681
189683
189685
189694
189697
189698
189713
189717
189724
189726
189730
189735
189746
189770
189782
189786
189796
189797
189801
189804
189815
189817
189831
189838
189843
189860
189861
189867
189892
189904
189908
189929
189938
189940
189944
189948
189975
189976
189979
189993
190000
190004
190038
190048
190053
190069
190094
190095
190104
190110
190137
190149
190156
190161
190171
190179
190183
190186
190187
190193
190196
190205
190217
190223
190231
190240
190242
190268
190271
190284
190288
190296
190307
190308
190311
190312
190317
190335
190341
190342
190349
190382
190390
190397
190400
190414
190418
190421
190423
190432
190436
190441
190451
190453
190457
190463
190469
190490
190505
190509
190516
190522
190523
190526
190531
190532
190538
190565
190569
190577
190578
190590
190607
190608
190616
190626
190627
190634
190635
190637
190640
190643
190647
190651
190657
190661
190669
190670
190683
190711
190717
190727
190728
190731
190741
190746
190757
190769
190791
190795
190804
190824
190825
190831
190848
190850
190851
190860
190867
190895
190899
190924
190945
190953
190960
190964
190973
190992
190994
190995
190996
190999
191009
191011
191019
191027
191042
191056
191061
191062
191087
191119
191137
191145
191146
191147
191157
191161
191162
191169
191178
191199
191228
191229
191233
191241
191259
191263
191281
191282
191299
191301
191314
191320
191341
191346
191355
191371
191372
191377
191385
191386
191404
191414
191427
191435
191459
191466
191481
191490
191498
191513
191518
191523
191530
191549
191551
191552
191561
191563
191567
191585
191615
191616
191618
191619
191628
191633
191647
191648
191658
191661
191663
191677
191688
191693
191694
191703
191707
191711
191721
191726
191730
191734
191735
191737
191740
191751
191755
191759
191771
191774
191785
191797
191816
191839
191854
191908
191911
191913
191923
191924
191925
191939
191945
191953
191961
191974
191981
191988
191996
192002
192021
192023
192026
192039
192042
192048
192051
192056
192063
192072
192092
192095
192096
192116
192125
192129
192141
192165
192177
192187
192188
192193
192200
192223
192225
192243
192254
192269
192276
192290
192294
192297
192298
192305
192306
192308
192313
192314
192325
192328
192329
192331
192333
192341
192351
192352
192353
192361
192367
192369
192398
192400
192401
192403
192405
192406
192433
192448
192465
192486
192489
192493
192498
192504
192549
192552
192560
192572
192582
192585
192587
192596
192601
192609
192610
192611
192622
192633
192638
192647
192659
192660
192666
192668
192669
192679
192687
192695
192699
192704
192708
192709
192754
192758
192761
192771
192773
192778
192788
192803
192808
192827
192842
192848
192851
192852
192862
192863
192865
192871
192872
192883
192904
192914
192915
192917
192928
192935
192953
192954
192959
192972
192979
192980
192988
192991
192996
192999
193004
193007
193029
193031
193032
193037
193045
193048
193058
193063
193064
193091
193100
193108
193112
193120
193122
193123
193131
193137
193141
193156
193178
193197
193228
193232
193233
193237
193260
193269
193271
193285
193288
193291
193301
193315
193316
193318
193326
193333
193335
193336
193344
193372
193373
193380
193385
193397
193398
193400
193404
193420
193425
193446
193454
193456
193465
193477
193491
193511
193513
193522
193524
193526
193533
193537
193542
193563
193566
193591
193633
193638
193640
193645
193649
193650
193663
193664
193670
193671
193679
193689
193692
193698
193699
193706
193722
193725
193730
193746
193754
193767
193773
193781
193782
193790
193793
193795
193798
193802
193808
193814
193821
193825
193828
193855
193859
193867
193873
193879
193881
193895
193897
193900
193917
193918
193928
193930
193933
193940
193946
193953
193955
193985
193993
193998
194011
194035
194036
194040
194043
194044
194053
194054
194073
194074
194076
194080
194099
194100
194102
194111
194112
194120
194121
194146
194156
194157
194166
194167
194175
194177
194181
194201
194205
194210
194217
194237
194243
194253
194263
194266
194273
194276
194278
194281
194283
194285
194317
194320
194323
194328
194336
194350
194356
194368
194369
194371
194382
194385
194403
194415
194434
194436
194437
194438
194449
194452
194478
194479
194505
194506
194516
194533
194538
194541
194545
194549
194550
194562
194590
194598
194611
194612
194618
194632
194638
194643
194644
194646
194652
194655
194658
194660
194666
194669
194672
194679
194685
194687
194688
194694
194695
194701
194703
194706
194707
194719
194723
194754
194762
194767
194800
194803
194806
194817
194821
194827
194828
194835
194860
194864
194870
194878
194907
194909
194956
194958
194977
194978
194983
194984
194988
194995
194997
195010
195016
195056
195057
195066
195090
195094
195096
195098
195104
195105
195107
195108
195114
195121
195133
195135
195142
195152
195155
195164
195170
195172
195176
195177
195182
195183
195200
195210
195220
195243
195247
195272
195277
195290
195300
195305
195318
195321
195326
195327
195331
195337
195338
195340
195351
195353
195357
195385
195389
195395
195396
195397
195400
195406
195433
195438
195441
195457
195461
195462
195475
195476
195482
195487
195504
195508
195519
195521
195522
195544
195564
195593
195594
195597
195600
195604
195609
195613
195623
195624
195628
195643
195668
195711
195764
195766
195768
195769
195774
195810
195816
195822
195835
195836
195839
195847
195861
195862
195870
195877
195883
195885
195886
195889
195910
195921
195931
195936
195940
195942
195957
195961
195969
195972
195976
195978
195981
195984
196005
196022
196026
196032
196033
196040
196041
196045
196081
196086
196093
196095
196100
196114
196118
196120
196126
196127
196137
196146
196151
196156
196159
196172
196193
196198
196208
196215
196233
196265
196281
196286
196288
196301
196303
196319
196324
196339
196347
196349
196356
196357
196363
196368
196369
196398
196408
196437
196439
196457
196462
196472
196482
196499
196505
196511
196517
196521
196532
196553
196570
196585
196590
196638
196639
196646
196652
196653
196665
196666
196669
196679
196682
196684
196692
196693
196698
196714
196717
196718
196729
196745
196758
196779
196780
196784
196788
196794
196798
196812
196836
196844
196845
196846
196848
196856
196864
196880
196889
196890
196891
196895
196909
196932
196939
196940
196952
196969
196981
196982
196990
196991
196994
197007
197008
197019
197041
197055
197062
197064
197074
197076
197080
197100
197108
197125
197129
197137
197144
197163
197175
197176
197177
197184
197209
197219
197220
197221
197236
197244
197245
197249
197257
197271
197286
197288
197289
197315
197340
197357
197362
197365
197366
197378
197389
197390
197395
197410
197435
197436
197445
197455
197465
197466
197471
197477
197482
197490
197500
197528
197540
197558
197559
197561
197569
197570
197578
197586
197593
197597
197598
197603
197605
197611
197614
197622
197633
197634
197651
197668
197683
197712
197723
197726
197737
197741
197755
197757
197780
197782
197792
197794
197799
197806
197819
197827
197848
197854
197871
197872
197876
197877
197890
197935
197953
197968
197976
197978
198000
198002
198040
198046
198067
198070
198075
198084
198092
198096
198111
198120
198127
198134
198148
198149
198170
198175
198178
198203
198206
198209
198210
198228
198241
198244
198254
198262
198263
198267
198269
198280
198281
198283
198294
198296
198309
198326
198330
198333
198338
198372
198380
198381
198395
198401
198404
198421
198437
198485
198497
198504
198523
198525
198527
198528
198529
198532
198537
198538
198539
198541
198542
198547
198550
198553
198591
198605
198611
198620
198628
198638
198639
198642
198644
198646
198660
198688
198695
198696
198698
198700
198702
198708
198709
198710
198718
198719
198722
198726
198742
198747
198748
198759
198774
198798
198805
198828
198839
198842
198855
198857
198867
198870
198883
198917
198931
198941
198942
198945
198949
198980
198987
199012
199017
199028
199030
199032
199033
199046
199061
199085
199088
199089
199090
199096
199101
199119
199126
199139
199155
199157
199169
199189
199191
199194
199196
199203
199204
199209
199214
199231
199246
199249
199252
199255
199265
199266
199283
199288
199296
199303
199318
199319
199325
199342
199355
199374
199377
199379
199387
199391
199398
199404
199411
199420
199422
199430
199432
199466
199467
199490
199494
199501
199525
199534
199535
199538
199545
199546
199551
199554
199562
199563
199564
199568
199586
199587
199592
199597
199603
199604
199630
199633
199635
199639
199640
199643
199645
199660
199662
199665
199671
199687
199703
199719
199724
199727
199730
199736
199737
199739
199740
199743
199758
199764
199768
199771
199775
199776
199777
199807
199823
199842
199844
199856
199859
199871
199872
199874
199883
199888
199908
199917
199929
199943
199949
199950
199956
199960
199964
199987
199991
200012
200025
200036
200049
200059
200061
200066
200099
200100
200157
200168
200173
200182
200188
200190
200194
200205
200217
200230
200231
200233
200237
200240
200241
200248
200255
200256
200271
200284
200285
200288
200301
200308
200325
200332
200337
200357
200401
200418
200420
200455
200474
200481
200487
200488
200506
200507
200545
200552
200554
200558
200560
200567
200591
200592
200594
200632
200633
200637
200647
200649
200656
200667
200669
200674
200676
200680
200696
200702
200706
200708
200709
200712
200717
200730
200733
200738
200744
200750
200754
200785
200791
200795
200805
200826
200875
200884
200885
200894
200899
200901
200904
200907
200911
200914
200940
200962
200979
200982
200983
200985
200994
201012
201022
201023
201024
201027
201028
201036
201038
201039
201040
201045
201059
201065
201068
201069
201079
201080
201082
201084
201092
201094
201112
201113
201123
201124
201127
201128
201129
201143
201148
201149
201157
201159
201160
201163
201179
201182
201194
201196
201204
201206
201239
201253
201266
201269
201271
201273
201277
201292
201293
201300
201304
201313
201328
201330
201333
201336
201343
201364
201365
201368
201369
201380
201386
201388
201393
201395
201397
201406
201419
201431
201447
201457
201465
201474
201479
201480
201497
201499
201503
201510
201517
201520
201521
201525
201526
201537
201539
201540
201545
201561
201576
201579
201589
201591
201592
201595
201615
201618
201621
201625
201640
201641
201663
201666
201669
201673
201686
201699
201706
201724
201735
201736
201739
201746
201755
201757
201760
201761
201762
201787
201788
201811
201818
201822
201823
201826
201827
201831
201832
201837
201845
201848
201854
201860
201864
201868
201882
201883
201884
201886
201888
201900
201901
201916
201949
201950
201959
201968
201969
201971
201975
201976
201977
201993
201996
201998
202005
202009
202028
202032
202051
202071
202078
202082
202083
202096
202104
202107
202111
202117
202125
202145
202146
202175
202176
202177
202187
202209
202226
202230
202238
202242
202263
202269
202280
202314
202321
202326
202335
202344
202353
202357
202363
202365
202368
202378
202379
202382
202383
202398
202405
202413
202429
202434
202439
202441
202465
202471
202483
202490
202495
202514
202517
202527
202528
202537
202538
202548
202565
202569
202579
202589
202628
202631
202635
202643
202661
202662
202675
202679
202681
202688
202694
202699
202705
202709
202714
202732
202745
202746
202747
202751
202753
202766
202776
202787
202797
202819
202823
202824
202825
202845
202847
202854
202867
202879
202892
202898
202906
202923
202931
202933
202934
202944
202964
202965
202967
202970
202979
202984
202986
202989
202992
203007
203011
203023
203026
203035
203057
203065
203072
203073
203077
203081
203088
203089
203092
203094
203099
203118
203127
203128
203129
203142
203143
203148
203149
203195
203204
203211
203227
203241
203244
203259
203260
203265
203269
203270
203275
203286
203310
203311
203316
203326
203349
203359
203361
203380
203387
203392
203400
203405
203408
203424
203430
203431
203432
203452
203460
203474
203479
203481
203483
203496
203500
203506
203512
203523
203527
203530
203534
203541
203547
203553
203565
203566
203568
203580
203593
203594
203603
203611
203612
203624
203642
203647
203663
203667
203673
203675
203684
203686
203734
203738
203742
203744
203747
203748
203749
203750
203751
203765
203778
203788
203798
203809
203811
203812
203815
203835
203836
203849
203852
203863
203871
203872
203873
203875
203900
203901
203910
203925
203932
203939
203947
203956
203972
204001
204002
204014
204023
204032
204042
204043
204052
204066
204083
204084
204112
204113
204137
204151
204154
204155
204156
204160
204167
204175
204181
204184
204188
204189
204190
204198
204240
204241
204245
204247
204248
204259
204278
204290
204291
204306
204312
204314
204326
204328
204330
204332
204364
204366
204369
204377
204380
204383
204385
204391
204395
204399
204406
204418
204423
204434
204444
204459
204462
204466
204467
204473
204485
204491
204498
204499
204504
204520
204524
204536
204542
204543
204560
204576
204578
204579
204580
204584
204594
204595
204618
204627
204636
204668
204682
204687
204701
204706
204708
204710
204727
204744
204769
204781
204796
204800
204804
204812
204821
204826
204860
204862
204871
204873
204887
204895
204898
204899
204910
204942
204946
204948
204955
204959
204963
204966
204968
204972
204997
204999
205004
205012
205018
205046
205047
205049
205057
205060
205064
205070
205080
205085
205091
205097
205099
205118
205129
205154
205156
205157
205172
205174
205175
205176
205197
205200
205243
205251
205257
205270
205275
205295
205300
205303
205306
205316
205330
205338
205339
205343
205384
205394
205404
205405
205419
205426
205428
205442
205443
205449
205453
205456
205468
205470
205474
205475
205480
205498
205519
205521
205529
205547
205567
205586
205591
205596
205598
205626
205627
205628
205646
205650
205651
205653
205679
205694
205706
205709
205738
205752
205757
205762
205763
205767
205774
205780
205782
205788
205810
205817
205818
205819
205821
205832
205838
205847
205848
205850
205854
205862
205867
205868
205878
205890
205896
205907
205930
205936
205939
205943
205953
205959
205969
205973
205977
205986
205995
206007
206028
206040
206044
206045
206048
206057
206059
206077
206080
206085
206090
206103
206104
206122
206129
206143
206166
206173
206185
206187
206190
206192
206198
206203
206230
206231
206235
206252
206255
206279
206299
206312
206318
206331
206347
206352
206357
206364
206385
206386
206390
206401
206407
206410
206414
206422
206423
206425
206431
206437
206448
206449
206461
206464
206469
206472
206480
206485
206491
206516
206518
206522
206525
206532
206546
206563
206565
206602
206614
206615
206619
206622
206625
206641
206642
206664
206671
206672
206694
206714
206718
206721
206722
206735
206743
206755
206757
206768
206774
206775
206780
206788
206812
206813
206815
206817
206835
206848
206851
206859
206864
206877
206880
206885
206887
206891
206893
206902
206920
206921
206923
206933
206939
206941
206976
206982
206988
206989
206992
206993
207001
207010
207020
207021
207029
207031
207035
207039
207048
207063
207072
207083
207088
207135
207145
207155
207157
207163
207166
207170
207177
207181
207182
207184
207206
207209
207241
207246
207261
207273
207290
207291
207296
207298
207299
207300
207302
207320
207349
207402
207404
207411
207428
207433
207434
207445
207461
207462
207463
207464
207474
207492
207497
207504
207505
207508
207515
207516
207520
207550
207572
207573
207577
207590
207597
207619
207620
207622
207623
207624
207627
207672
207676
207678
207682
207697
207703
207712
207739
207742
207743
207745
207768
207770
207775
207778
207784
207786
207800
207803
207815
207818
207829
207853
207860
207862
207865
207872
207892
207893
207894
207896
207897
207907
207912
207926
207930
207940
207944
207946
207948
207956
207964
207967
207968
207972
207988
207994
207999
208002
208016
208017
208018
208041
208063
208080
208086
208089
208091
208113
208127
208142
208153
208156
208159
208162
208170
208182
208186
208201
208203
208207
208246
208250
208266
208268
208274
208288
208289
208307
208313
208315
208322
208325
208328
208332
208345
208352
208361
208380
208385
208387
208389
208395
208420
208431
208436
208438
208452
208471
208472
208489
208490
208499
208508
208518
208519
208521
208522
208525
208539
208543
208581
208582
208588
208589
208597
208613
208628
208633
208639
208643
208650
208651
208653
208665
208691
208699
208701
208707
208709
208710
208711
208734
208739
208745
208756
208778
208781
208790
208809
208811
208817
208818
208822
208826
208830
208842
208853
208860
208869
208877
208886
208890
208891
208902
208912
208916
208937
208946
208954
208974
208975
208985
208986
208993
209010
209011
209017
209022
209037
209039
209046
209050
209062
209073
209080
209081
209082
209092
209097
209100
209101
209102
209122
209130
209137
209144
209158
209176
209188
209190
209242
209250
209252
209260
209267
209284
209299
209300
209301
209311
209312
209345
209366
209370
209380
209402
209403
209409
209424
209437
209442
209446
209460
209490
209497
209498
209518
209523
209547
209554
209568
209590
209591
209596
209604
209608
209615
209616
209619
209638
209662
209681
209682
209685
209696
209703
209713
209714
209715
209717
209754
209805
209806
209807
209813
209820
209827
209834
209851
209855
209856
209861
209862
209873
209876
209882
209885
209900
209904
209906
209919
209923
209926
209933
209934
209935
209937
209938
209939
209951
209959
209961
209963
209985
209986
209987
210003
210004
210010
210027
210040
210053
210058
210070
210082
210083
210086
210089
210092
210100
210102
210118
210126
210129
210140
210168
210171
210172
210188
210191
210192
210198
210218
210219
210220
210228
210239
210242
210256
210257
210263
210266
210297
210314
210322
210339
210347
210359
210367
210371
210372
210373
210379
210405
210452
210462
210471
210484
210495
210508
210529
210530
210534
210554
210576
210593
210599
210608
210612
210623
210626
210628
210630
210633
210635
210639
210654
210658
210659
210660
210661
210662
210664
210670
210673
210711
210712
210719
210720
210722
210724
210729
210730
210732
210734
210759
210785
210811
210822
210832
210833
210836
210837
210852
210860
210863
210865
210878
210880
210894
210902
210905
210933
210937
210961
210962
210967
211033
211059
211068
211073
211085
211117
211119
211120
211142
211148
211151
211164
211171
211174
211178
211180
211182
211186
211187
211188
211197
211199
211224
211249
211255
211271
211278
211284
211291
211315
211323
211332
211334
211336
211342
211358
211362
211374
211375
211378
211379
211385
211388
211392
211399
211415
211421
211441
211442
211455
211466
211472
211474
211476
211503
211504
211507
211515
211530
211537
211545
211559
211562
211567
211587
211590
211614
211616
211618
211627
211632
211633
211635
211637
211652
211653
211660
211666
211680
211683
211693
211714
211719
211731
211739
211744
211746
211756
211758
211771
211775
211790
211804
211805
211809
211810
211824
211836
211840
211856
211866
211873
211886
211906
211916
211924
211935
211936
211945
211947
211948
211950
211960
211961
211968
211974
211988
211998
212002
212007
212015
212019
212025
212036
212039
212049
212066
212069
212087
212094
212095
212097
212098
212103
212109
212114
212117
212120
212122
212149
212150
212152
212153
212165
212167
212169
212174
212193
212206
212208
212217
212221
212223
212224
212236
212239
212242
212243
212263
212266
212286
212306
212316
212317
212318
212327
212328
212333
212336
212357
212363
212365
212379
212393
212414
212421
212426
212429
212430
212433
212435
212440
212454
212480
212490
212498
212507
212510
212518
212536
212544
212552
212553
212561
212562
212568
212582
212584
212605
212609
212631
212635
212636
212638
212640
212651
212654
212664
212667
212672
212677
212691
212713
212714
212718
212719
212723
212730
212731
212735
212760
212767
212771
212779
212785
212790
212818
212824
212829
212844
212846
212851
212852
212854
212858
212862
212866
212867
212879
212881
212893
212900
212917
212918
212926
212952
212961
212963
212964
212968
212969
212990
212991
212992
212998
213012
213017
213025
213028
213047
213053
213056
213081
213082
213088
213098
213112
213115
213119
213137
213145
213159
213165
213211
213235
213236
213261
213267
213278
213292
213315
213320
213324
213365
213382
213390
213402
213414
213420
213429
213437
213441
213444
213445
213453
213473
213495
213496
213499
213510
213530
213531
213556
213557
213560
213567
213568
213575
213576
213589
213591
213593
213606
213613
213618
213636
213640
213647
213648
213659
213662
213663
213666
213672
213675
213679
213681
213685
213688
213703
213717
213718
213742
213756
213760
213761
213768
213769
213794
213798
213800
213806
213810
213829
213837
213848
213854
213866
213867
213870
213871
213879
213888
213889
213890
213891
213900
213903
213905
213906
213914
213931
213934
213937
213950
213951
213955
213956
213971
213977
213982
213986
213988
214010
214017
214019
214027
214040
214050
214055
214074
214075
214080
214081
214082
214103
214109
214116
214123
214136
214140
214142
214157
214158
214162
214169
214187
214192
214196
214206
214212
214222
214239
214240
214243
214265
214268
214274
214275
214276
214303
214304
214310
214313
214324
214336
214340
214350
214351
214355
214356
214382
214405
214425
214430
214443
214465
214474
214476
214494
214499
214501
214502
214522
214531
214536
214541
214551
214555
214557
214574
214581
214597
214605
214607
214611
214613
214616
214636
214654
214673
214679
214688
214702
214708
214715
214719
214722
214740
214743
214744
214769
214777
214798
214805
214809
214812
214818
214824
214825
214852
214857
214858
214859
214863
214867
214893
214898
214902
214904
214905
214927
214928
214929
214954
214955
214981
214986
215021
215022
215023
215036
215037
215038
215043
215050
215056
215060
215062
215068
215075
215092
215103
215105
215113
215118
215133
215137
215140
215159
215166
215170
215174
215176
215181
215192
215201
215203
215206
215217
215227
215231
215233
215242
215247
215261
215263
215267
215273
215277
215290
215295
215326
215329
215330
215332
215341
215361
215362
215374
215380
215386
215412
215413
215414
215417
215419
215422
215435
215440
215442
215448
215459
215465
215469
215476
215479
215495
215496
215503
215506
215511
215517
215532
215539
215584
215594
215600
215609
215617
215620
215627
215629
215635
215642
215679
215680
215686
215712
215715
215718
215724
215725
215746
215793
215794
215797
215810
215812
215813
215818
215825
215862
215878
215879
215886
215891
215919
215949
215956
215959
215968
215969
215976
216007
216017
216035
216037
216041
216045
216047
216059
216063
216068
216094
216102
216116
216131
216136
216144
216170
216174
216175
216184
216189
216203
216211
216213
216244
216245
216261
216267
216277
216284
216285
216291
216292
216314
216315
216321
216350
216358
216359
216364
216374
216382
216384
216402
216411
216422
216430
216434
216449
216451
216462
216463
216473
216504
216510
216518
216520
216536
216537
216538
216552
216567
216572
216577
216579
216582
216587
216594
216602
216604
216607
216615
216622
216638
216642
216643
216646
216651
216710
216712
216718
216754
216758
216780
216788
216805
216811
216826
216841
216849
216863
216866
216881
216882
216890
216892
216893
216896
216909
216924
216925
216931
216933
216935
216937
216938
216942
216946
216952
216963
216965
216970
216981
216990
216992
216993
216995
217005
217030
217032
217035
217036
217048
217066
217070
217076
217096
217103
217109
217115
217120
217124
217132
217154
217167
217171
217177
217184
217185
217190
217195
217200
217204
217222
217229
217230
217231
217240
217244
217247
217248
217252
217256
217263
217270
217302
217331
217338
217359
217367
217368
217369
217385
217386
217388
217401
217402
217403
217405
217415
217421
217422
217426
217427
217445
217452
217457
217458
217461
217473
217489
217505
217506
217514
217519
217525
217533
217534
217558
217563
217569
217577
217589
217595
217626
217632
217640
217661
217663
217668
217678
217696
217704
217706
217730
217744
217755
217763
217764
217796
217803
217804
217821
217830
217837
217852
217866
217875
217879
217888
217892
217893
217894
217896
217904
217908
217915
217918
217930
217933
217951
217954
217956
217980
217981
217986
217997
217998
218000
218017
218020
218021
218029
218030
218043
218044
218047
218048
218052
218059
218062
218070
218081
218083
218093
218116
218119
218140
218145
218167
218178
218180
218191
218194
218210
218222
218223
218229
218235
218246
218275
218276
218281
218292
218293
218297
218299
218313
218329
218332
218337
218346
218362
218364
218367
218373
218383
218403
218406
218416
218426
218454
218458
218460
218486
218494
218495
218514
218515
218533
218549
218550
218556
218605
218608
218644
218661
218676
218681
218693
218703
218733
218742
218746
218750
218781
218782
218783
218785
218797
218800
218820
218821
218822
218828
218849
218853
218854
218856
218860
218867
218881
218888
218894
218895
218917
218940
218951
218952
218957
218985
218989
218990
218991
219001
219002
219006
219026
219031
219039
219042
219046
219055
219064
219067
219072
219076
219085
219101
219115
219116
219136
219138
219151
219166
219177
219185
219199
219205
219207
219211
219214
219217
219229
219244
219248
219298
219299
219307
219331
219333
219341
219342
219344
219345
219354
219355
219364
219390
219393
219399
219405
219407
219426
219429
219430
219441
219442
219446
219451
219465
219483
219486
219508
219521
219535
219557
219560
219572
219575
219597
219606
219612
219620
219621
219651
219653
219655
219659
219666
219672
219678
219690
219694
219698
219709
219741
219752
219755
219758
219760
219773
219775
219787
219803
219805
219808
219813
219816
219817
219820
219822
219828
219859
219864
219884
219887
219888
219897
219898
219899
219900
219905
219906
219908
219909
219916
219931
219932
219943
219953
219959
219970
219973
219974
219983
219984
220007
220008
220010
220022
220023
220031
220035
220038
220057
220078
220093
220097
220100
220101
220105
220111
220112
220128
220148
220154
220156
220157
220158
220180
220192
220193
220201
220212
220232
220246
220267
220275
220277
220311
220317
220323
220327
220338
220340
220346
220347
220348
220353
220374
220420
220421
220425
220438
220457
220464
220465
220468
220469
220470
220481
220491
220492
220493
220494
220500
220501
220502
220520
220525
220542
220553
220554
220555
220564
220567
220594
220597
220604
220618
220630
220636
220637
220649
220650
220666
220670
220677
220687
220701
220706
220707
220710
220723
220725
220728
220742
220751
220752
220766
220769
220771
220785
220795
220799
220804
220823
220830
220836
220838
220839
220844
220846
220850
220856
220867
220870
220901
220903
220906
220909
220930
220934
220939
220940
220961
220962
220976
221009
221010
221013
221015
221040
221046
221058
221060
221073
221080
221082
221083
221089
221090
221097
221104
221111
221115
221125
221131
221135
221145
221147
221149
221150
221170
221171
221175
221176
221181
221182
221187
221224
221225
221226
221227
221230
221249
221257
221265
221274
221283
221289
221291
221292
221295
221298
221306
221308
221316
221334
221346
221350
221351
221355
221356
221369
221385
221396
221405
221407
221446
221457
221476
221483
221494
221496
221501
221504
221514
221528
221543
221544
221545
221548
221549
221587
221590
221591
221599
221601
221603
221613
221624
221636
221646
221666
221681
221683
221684
221715
221719
221728
221738
221758
221760
221761
221765
221768
221776
221806
221845
221847
221867
221881
221884
221890
221903
221914
221917
221922
221932
221948
221949
221951
221955
221956
221958
221959
221966
221976
221977
221986
221991
221995
221996
222005
222007
222008
222017
222023
222034
222035
222036
222045
222048
222050
222064
222080
222090
222091
222096
222101
222107
222108
222112
222118
222125
222142
222150
222155
222168
222178
222185
222187
222194
222205
222220
222229
222234
222237
222245
222251
222254
222302
222309
222314
222316
222329
222337
222345
222347
222378
222390
222394
222399
222423
222426
222427
222436
222443
222458
222473
222486
222516
222534
222542
222543
222550
222551
222554
222565
222577
222578
222596
222610
222612
222613
222627
222636
222640
222641
222642
222648
222677
222685
222691
222693
222697
222701
222711
222712
222728
222729
222731
222733
222752
222761
222769
222785
222794
222796
222823
222825
222836
222837
222839
222840
222845
222865
222868
222871
222876
222881
222900
222911
222917
222931
222934
222937
222945
222953
222957
222962
222963
222964
222967
222968
222970
222973
222989
222990
223006
223034
223043
223045
223053
223055
223087
223089
223094
223129
223131
223139
223140
223154
223170
223172
223178
223188
223191
223229
223246
223263
223285
223291
223300
223302
223303
223309
223310
223324
223336
223341
223346
223358
223361
223363
223384
223390
223391
223395
223411
223432
223437
223443
223455
223480
223487
223492
223522
223525
223531
223533
223547
223552
223569
223573
223582
223606
223607
223616
223617
223624
223634
223639
223640
223653
223655
223660
223672
223675
223689
223692
223693
223705
223723
223731
223739
223741
223742
223758
223783
223792
223793
223805
223814
223816
223819
223824
223835
223842
223843
223851
223858
223876
223915
223917
223935
223957
223973
223977
223983
223986
223990
223997
224002
224005
224006
224007
224008
224013
224024
224047
224071
224072
224079
224092
224101
224118
224122
224123
224140
224141
224142
224145
224146
224156
224157
224158
224165
224175
224188
224194
224199
224211
224234
224235
224236
224242
224245
224256
224257
224277
224279
224283
224284
224289
224290
224291
224307
224316
224318
224319
224323
224324
224364
224368
224369
224397
224417
224427
224438
224439
224443
224451
224452
224465
224467
224470
224471
224475
224479
224482
224499
224500
224506
224507
224529
224535
224553
224557
224558
224566
224571
224593
224599
224600
224601
224603
224605
224611
224612
224615
224624
224662
224664
224667
224675
224683
224708
224716
224718
224726
224734
224738
224744
224769
224798
224800
224829
224835
224837
224847
224851
224870
224873
224877
224888
224892
224899
224925
224927
224956
224957
224960
224976
224981
224989
224994
224996
224997
225003
225004
225005
225008
225013
225029
225049
225052
225053
225068
225083
225106
225111
225113
225121
225126
225139
225165
225175
225181
225185
225206
225210
225214
225215
225217
225237
225246
225249
225250
225259
225268
225280
225282
225283
225290
225291
225293
225294
225302
225303
225320
225322
225335
225347
225352
225353
225361
225364
225365
225374
225375
225384
225387
225389
225391
225392
225394
225408
225413
225414
225415
225432
225434
225440
225441
225458
225463
225476
225477
225487
225493
225495
225503
225505
225511
225527
225549
225558
225566
225571
225589
225593
225600
225604
225605
225615
225620
225621
225653
225654
225659
225678
225688
225696
225697
225700
225704
225731
225732
225733
225762
225763
225771
225774
225775
225794
225802
225804
225812
225820
225823
225848
225859
225861
225865
225871
225882
225900
225914
225935
225943
225944
225948
225949
225950
225958
225977
225978
225995
226001
226008
226009
226031
226038
226039
226059
226085
226098
226117
226128
226129
226130
226136
226138
226144
226159
226163
226177
226185
226190
226194
226196
226209
226235
226257
226258
226280
226299
226325
226327
226328
226340
226358
226366
226367
226369
226394
226395
226403
226414
226444
226453
226456
226483
226484
226502
226504
226514
226515
226526
226534
226537
226538
226544
226547
226555
226591
226594
226595
226603
226621
226640
226646
226655
226658
226663
226669
226704
226705
226713
226721
226724
226760
226761
226764
226771
226772
226775
226776
226777
226796
226797
226808
226810
226817
226818
226834
226855
226857
226880
226891
226911
226921
226922
226927
226929
226930
226965
226976
226989
226997
227007
227015
227018
227023
227034
227035
227044
227045
227059
227062
227073
227074
227088
227145
227146
227155
227156
227161
227171
227172
227180
227188
227197
227198
227201
227208
227217
227220
227233
227236
227237
227254
227268
227270
227275
227276
227294
227295
227297
227320
227332
227335
227336
227342
227352
227362
227363
227364
227379
227390
227396
227404
227418
227422
227427
227442
227444
227452
227458
227469
227470
227471
227475
227476
227477
227489
227493
227494
227497
227512
227519
227521
227524
227537
227553
227570
227611
227612
227613
227628
227635
227656
227661
227663
227667
227668
227680
227697
227698
227707
227717
227723
227743
227749
227755
227761
227777
227780
227782
227797
227805
227810
227811
227812
227839
227860
227862
227876
227882
227885
227892
227898
227916
227923
227924
227925
227930
227936
227938
227942
227948
227949
227953
227986
227991
228010
228011
228012
228013
228018
228027
228033
228055
228056
228059
228065
228066
228074
228091
228098
228116
228120
228131
228133
228140
228141
228143
228149
228153
228167
228172
228173
228176
228178
228180
228230
228255
228271
228272
228274
228283
228285
228291
228314
228320
228323
228326
228332
228343
228348
228349
228350
228353
228354
228361
228368
228404
228427
228428
228443
228450
228472
228473
228474
228476
228506
228521
228524
228541
228548
228564
228569
228581
228589
228594
228598
228617
228620
228625
228630
228631
228657
228660
228661
228662
228664
228671
228681
228690
228704
228723
228726
228734
228744
228749
228753
228771
228774
228775
228783
228796
228798
228821
228824
228831
228839
228858
228865
228866
228884
228889
228897
228899
228901
228910
228912
228929
228946
228947
228955
228962
228974
228978
228979
228981
228993
228994
229005
229010
229017
229021
229055
229057
229071
229077
229078
229103
229105
229116
229117
229124
229130
229141
229145
229152
229155
229156
229159
229160
229165
229166
229169
229225
229248
229267
229272
229287
229291
229297
229302
229322
229325
229333
229345
229346
229347
229351
229359
229388
229396
229417
229428
229434
229435
229436
229464
229474
229475
229483
229486
229488
229493
229496
229498
229523
229528
229532
229535
229538
229569
229570
229575
229577
229583
229585
229590
229602
229615
229617
229618
229628
229632
229660
229661
229670
229676
229681
229699
229703
229704
229722
229724
229725
229729
229733
229739
229748
229749
229765
229771
229773
229829
229831
229844
229855
229856
229859
229860
229870
229901
229930
229938
229967
229975
229976
229977
229979
229988
229989
229990
230002
230003
230037
230069
230078
230083
230093
230105
230107
230111
230123
230128
230133
230149
230163
230173
230198
230199
230201
230207
230236
230237
230241
230242
230277
230281
230284
230286
230295
230296
230297
230298
230316
230331
230345
230352
230358
230367
230389
230395
230398
230414
230418
230423
230426
230432
230435
230439
230448
230460
230461
230463
230467
230471
230472
230474
230501
230503
230508
230509
230519
230523
230526
230527
230534
230545
230552
230566
230571
230574
230580
230583
230603
230605
230612
230613
230620
230622
230638
230650
230655
230663
230669
230694
230695
230732
230737
230740
230745
230746
230748
230757
230772
230775
230780
230781
230797
230799
230803
230811
230843
230854
230856
230863
230867
230897
230902
230903
230908
230909
230910
230912
230919
230921
230938
230939
230943
230945
230956
230983
231003
231009
231010
231039
231050
231052
231058
231064
231067
231076
231078
231079
231103
231108
231111
231122
231136
231138
231139
231150
231151
231153
231158
231166
231169
231171
231172
231185
231193
231194
231199
231209
231212
231219
231236
231251
231257
231260
231295
231302
231304
231306
231307
231317
231341
231351
231371
231380
231385
231390
231394
231416
231424
231426
231431
231442
231450
231454
231457
231485
231509
231513
231514
231515
231523
231530
231539
231551
231554
231557
231581
231582
231584
231595
231600
231601
231604
231636
231637
231638
231640
231643
231645
231674
231681
231701
231715
231717
231723
231729
231733
231750
231763
231764
231770
231777
231778
231779
231780
231786
231787
231799
231807
231830
231832
231833
231839
231840
231852
231860
231865
231867
231874
231875
231885
231894
231909
231910
231929
231933
231937
231938
231969
231979
231982
232000
232001
232007
232012
232025
232027
232035
232077
232078
232080
232082
232097
232120
232128
232129
232138
232144
232150
232170
232177
232182
232188
232190
232199
232218
232224
232233
232242
232247
232272
232286
232288
232326
232349
232353
232364
232365
232371
232392
232393
232397
232400
232411
232413
232418
232430
232436
232438
232450
232492
232493
232494
232505
232513
232514
232527
232528
232529
232530
232539
232548
232550
232551
232560
232568
232577
232590
232596
232616
232647
232671
232681
232689
232694
232697
232717
232749
232788
232791
232845
232846
232857
232865
232869
232877
232888
232893
232895
232896
232897
232902
232908
232911
232919
232940
232951
232952
232959
232960
232963
232988
232995
232996
233003
233015
233041
233047
233048
233065
233071
233075
233099
233105
233107
233134
233141
233142
233144
233148
233154
233155
233163
233173
233174
233179
233182
233184
233187
233194
233206
233221
233222
233236
233244
233249
233250
233261
233263
233272
233275
233276
233284
233285
233286
233287
233293
233300
233304
233314
233325
233326
233337
233351
233353
233364
233376
233384
233388
233390
233396
233397
233415
233416
233417
233418
233428
233432
233433
233449
233464
233465
233466
233470
233472
233474
233482
233500
233522
233530
233531
233546
233547
233564
233571
233577
233581
233594
233598
233606
233607
233632
233633
233662
233677
233689
233700
233726
233727
233739
233743
233749
233750
233774
233786
233796
233798
233803
233818
233821
233823
233841
233848
233856
233869
233873
233910
233912
233913
233914
233932
233962
233963
233966
233969
233983
233985
234027
234039
234078
234088
234091
234093
234099
234103
234104
234105
234124
234129
234131
234142
234144
234148
234149
234150
234172
234178
234192
234198
234200
234206
234218
234257
234259
234262
234267
234268
234292
234295
234300
234307
234308
234310
234319
234339
234344
234346
234390
234392
234393
234424
234425
234431
234440
234458
234459
234460
234463
234481
234482
234494
234500
234504
234508
234526
234550
234560
234561
234564
234570
234577
234578
234590
234599
234606
234619
234620
234639
234642
234646
234650
234663
234672
234706
234713
234715
234719
234736
234764
234769
234771
234791
234792
234800
234801
234819
234845
234860
234869
234872
234879
234884
234896
234916
234918
234922
234923
234924
234942
234943
234956
234960
235016
235022
235023
235030
235036
235044
235054
235075
235077
235080
235081
235082
235088
235096
235100
235116
235120
235132
235143
235154
235155
235169
235190
235192
235193
235203
235219
235231
235232
235244
235245
235255
235270
235276
235304
235325
235330
235331
235333
235342
235370
235378
235389
235420
235421
235423
235428
235429
235434
235436
235440
235441
235450
235467
235469
235476
235481
235489
235490
235503
235504
235524
235526
235536
235557
235560
235566
235579
235582
235592
235593
235595
235597
235599
235603
235604
235608
235626
235650
235651
235660
235668
235671
235673
235685
235705
235709
235719
235737
235773
235777
235778
235779
235782
235801
235804
235817
235829
235833
235834
235838
235839
235840
235861
235877
235879
235889
235895
235896
235912
235916
235920
235924
235941
235948
235955
235958
235959
235969
235992
236004
236020
236022
236032
236033
236034
236063
236067
236077
236084
236104
236108
236120
236121
236126
236127
236135
236137
236181
236182
236186
236200
236218
236224
236230
236237
236238
236273
236279
236281
236284
236294
236296
236297
236303
236319
236351
236352
236359
236360
236381
236387
236389
236405
236408
236434
236444
236454
236461
236464
236473
236475
236482
236497
236504
236511
236513
236516
236519
236526
236538
236556
236586
236595
236604
236607
236608
236636
236649
236651
236658
236685
236693
236695
236701
236706
236747
236764
236778
236779
236801
236802
236811
236813
236814
236822
236824
236826
236840
236841
236857
236862
236868
236877
236884
236888
236903
236904
236905
236907
236908
236914
236918
236934
236935
236942
236943
236944
236952
236956
236966
236970
236974
236975
236985
236996
237001
237011
237013
237027
237032
237036
237040
237056
237058
237065
237081
237084
237100
237121
237124
237125
237126
237137
237150
237163
237174
237178
237182
237192
237201
237202
237219
237239
237244
237254
237275
237307
237309
237314
237315
237320
237323
237344
237347
237359
237360
237362
237374
237379
237389
237390
237392
237396
237397
237412
237419
237420
237432
237433
237438
237450
237454
237459
237467
237476
237487
237491
237494
237509
237511
237514
237516
237528
237536
237544
237557
237558
237559
237580
237585
237593
237595
237597
237602
237606
237610
237616
237628
237636
237642
237643
237663
237689
237694
237695
237696
237705
237711
237713
237718
237719
237732
237733
237741
237747
237755
237763
237766
237782
237806
237807
237808
237809
237811
237830
237833
237838
237844
237851
237883
237887
237894
237895
237899
237904
237914
237949
237950
237954
237955
237959
237960
237965
237975
238013
238020
238021
238029
238047
238056
238063
238066
238067
238085
238099
238133
238162
238163
238165
238171
238178
238182
238189
238190
238192
238217
238230
238231
238255
238256
238261
238262
238263
238265
238266
238280
238282
238298
238310
238317
238327
238329
238341
238342
238343
238369
238376
238395
238402
238421
238432
238439
238444
238448
238469
238473
238477
238484
238485
238494
238504
238520
238534
238536
238549
238572
238584
238586
238616
238630
238643
238655
238694
238704
238708
238713
238761
238765
238777
238778
238809
238813
238829
238830
238831
238838
238844
238846
238869
238876
238877
238878
238883
238893
238904
238907
238911
238912
238913
238940
238942
238945
238958
238966
238968
238969
238987
239004
239005
239012
239020
239032
239046
239064
239071
239080
239085
239094
239106
239118
239148
239153
239155
239160
239164
239175
239186
239218
239224
239229
239233
239236
239246
239260
239275
239282
239283
239284
239285
239300
239330
239335
239342
239348
239349
239350
239356
239360
239363
239411
239413
239420
239421
239429
239432
239433
239456
239460
239464
239465
239469
239470
239473
239474
239483
239485
239490
239517
239524
239526
239546
239551
239552
239554
239572
239575
239580
239581
239582
239592
239611
239616
239632
239637
239644
239646
239664
239692
239694
239695
239705
239708
239709
239711
239724
239735
239748
239774
239783
239784
239810
239811
239835
239843
239853
239856
239877
239879
239890
239893
239897
239910
239941
239944
239945
239959
239961
239976
239980
240011
240016
240030
240052
240056
240062
240068
240070
240074
240080
240081
240083
240097
240098
240107
240146
240153
240165
240169
240182
240187
240198
240205
240208
240215
240227
240245
240258
240260
240262
240264
240265
240266
240278
240279
240299
240334
240347
240376
240385
240386
240389
240398
240404
240416
240420
240424
240425
240427
240432
240452
240461
240463
240475
240488
240494
240496
240497
240524
240535
240548
240550
240552
240554
240560
240562
240574
240583
240584
240598
240627
240628
240650
240669
240675
240676
240685
240694
240695
240696
240736
240739
240752
240776
240783
240806
240828
240831
240851
240865
240885
240886
240893
240895
240898
240914
240943
240947
240955
240956
240957
240981
240985
240991
241001
241007
241010
241029
241035
241066
241071
241076
241079
241083
241086
241093
241111
241119
241123
241124
241126
241131
241139
241147
241151
241155
241156
241158
241172
241174
241175
241190
241194
241199
241212
241213
241225
241231
241234
241241
241244
241248
241249
241257
241258
241262
241271
241272
241280
241281
241308
241309
241316
241323
241334
241337
241358
241381
241400
241407
241411
241412
241431
241452
241459
241462
241473
241474
241475
241478
241489
241490
241491
241501
241502
241521
241531
241542
241543
241544
241548
241549
241551
241563
241568
241581
241592
241598
241611
241613
241624
241662
241668
241675
241677
241686
241690
241700
241702
241728
241729
241730
241737
241740
241743
241747
241757
241783
241794
241806
241815
241818
241819
241821
241834
241835
241853
241857
241859
241875
241879
241888
241917
241923
241924
241932
241935
241936
241939
241940
241941
241945
241980
241982
241986
241994
242027
242052
242059
242063
242073
242074
242093
242100
242113
242115
242116
242125
242128
242136
242137
242138
242144
242147
242185
242191
242198
242203
242204
242210
242211
242214
242223
242224
242233
242238
242253
242261
242268
242269
242287
242311
242331
242333
242335
242343
242346
242354
242357
242360
242365
242368
242386
242387
242402
242406
242423
242440
242471
242473
242474
242476
242490
242491
242496
242506
242512
242520
242531
242537
242541
242544
242545
242557
242566
242574
242580
242589
242599
242618
242619
242627
242628
242645
242651
242685
242686
242687
242688
242689
242692
242694
242697
242700
242701
242703
242734
242738
242745
242752
242761
242785
242794
242813
242824
242838
242840
242850
242861
242869
242878
242881
242889
242894
242895
242907
242922
242949
242956
242963
242972
242983
242996
243010
243012
243013
243022
243023
243025
243080
243090
243097
243101
243102
243105
243107
243108
243148
243157
243158
243166
243183
243187
243193
243220
243230
243240
243241
243243
243246
243248
243253
243276
243284
243301
243308
243319
243326
243332
243351
243352
243355
243357
243366
243380
243394
243425
243426
243440
243444
243453
243456
243489
243491
243499
243500
243502
243518
243528
243537
243541
243563
243571
243573
243575
243604
243610
243632
243641
243647
243668
243672
243679
243689
243693
243694
243695
243700
243707
243727
243728
243730
243739
243740
243741
243748
243765
243783
243798
243804
243816
243819
243825
243827
243850
243882
243894
243902
243903
243917
243918
243926
243940
243941
243942
243943
243945
243949
243958
243968
243971
243972
243978
244014
244029
244036
244039
244052
244068
244087
244089
244091
244101
244102
244124
244146
244148
244156
244157
244158
244159
244163
244170
244178
244180
244184
244188
244191
244195
244205
244231
244236
244249
244258
244264
244288
244299
244308
244310
244311
244317
244318
244319
244330
244340
244381
244387
244393
244398
244399
244411
244419
244428
244434
244452
244462
244466
244467
244468
244469
244470
244476
244480
244485
244488
244494
244531
244532
244544
244558
244569
244573
244609
244615
244632
244637
244641
244647
244652
244674
244675
244676
244717
244719
244726
244727
244729
244738
244739
244740
244743
244756
244758
244764
244765
244769
244806
244841
244845
244847
244853
244854
244866
244871
244884
244895
244915
244927
244931
244941
244942
244943
244958
244965
244971
244972
244982
244992
244999
245002
245006
245029
245048
245056
245057
245064
245066
245070
245083
245097
245128
245129
245132
245133
245145
245146
245148
245151
245183
245196
245199
245207
245224
245234
245235
245236
245262
245272
245286
245289
245302
245303
245320
245342
245343
245346
245347
245360
245361
245376
245379
245384
245388
245402
245411
245442
245457
245462
245502
245512
245513
245514
245527
245531
245536
245539
245550
245551
245563
245580
245587
245594
245596
245599
245611
245613
245618
245619
245658
245661
245662
245663
245669
245671
245682
245685
245704
245705
245706
245707
245720
245721
245726
245727
245732
245740
245744
245760
245787
245798
245807
245822
245835
245872
245879
245894
245912
245935
245941
245942
245943
245948
245959
245960
245963
245965
245982
245995
246016
246024
246029
246053
246055
246057
246058
246069
246070
246081
246120
246131
246136
246147
246148
246149
246163
246166
246176
246223
246226
246234
246235
246236
246241
246260
246261
246262
246283
246284
246296
246303
246313
246329
246345
246346
246349
246350
246356
246358
246375
246376
246385
246389
246397
246399
246415
246422
246438
246445
246451
246458
246462
246464
246488
246501
246525
246529
246538
246561
246574
246586
246587
246595
246609
246610
246630
246634
246637
246646
246647
246648
246649
246657
246666
246669
246714
246719
246728
246758
246781
246782
246803
246806
246811
246848
246919
246923
246931
246993
247039
247573
247959
